id_municipio,nome_municipio,sigla_uf,regiao,taxa_2023,meta_2024,esforco_exigido,participacao_2023,probabilidade_atingir,score_risco,resultado_real,faixa_risco,perfil
2910206,Dom Macedo Costa,BA,Nordeste,85.87,80.0,-5.87,80.43,0.0209,0.9791,0,critico,3
4304408,Canela,RS,Sul,78.68,78.87,0.19,76.37,0.0217,0.9783,0,critico,1
4309100,Gramado,RS,Sul,79.08,79.21,0.13,78.28,0.0246,0.9754,0,critico,1
4301909,Barra do Ribeiro,RS,Sul,68.6,70.43,1.83,71.19,0.0254,0.9746,0,critico,1
4318804,São Lourenço do Sul,RS,Sul,79.09,79.22,0.13,82.39,0.0264,0.9736,0,critico,3
4307500,Espumoso,RS,Sul,81.25,80.0,-1.25,76.19,0.0265,0.9735,0,critico,1
4305124,Cerrito,RS,Sul,75.07,75.82,0.75,72.09,0.027,0.973,0,critico,1
4304507,Canguçu,RS,Sul,79.7,79.74,0.04,85.66,0.0289,0.9711,0,critico,3
2915700,Itamari,BA,Nordeste,59.67,63.04,3.37,70.49,0.0301,0.9699,0,critico,1
4305108,Caxias do Sul,RS,Sul,69.15,70.89,1.74,82.35,0.0301,0.9699,0,critico,1
4305504,Ciríaco,RS,Sul,86.67,80.0,-6.67,75.0,0.032,0.968,1,critico,1
4313607,Paim Filho,RS,Sul,78.96,79.11,0.15,81.82,0.0325,0.9675,0,critico,1
2914109,Ipupiara,BA,Nordeste,66.75,68.9,2.15,86.41,0.0331,0.9669,0,critico,3
4318903,São Luiz Gonzaga,RS,Sul,80.28,80.0,-0.28,81.68,0.0331,0.9669,0,critico,3
4306957,Entre Rios do Sul,RS,Sul,79.48,79.55,0.07,76.19,0.0338,0.9662,0,critico,1
4305900,Coronel Bicaco,RS,Sul,79.2,79.32,0.12,80.0,0.0338,0.9662,0,critico,1
2918902,Lajedão,BA,Nordeste,58.38,61.97,3.59,72.0,0.034,0.966,0,critico,1
4319125,São Martinho da Serra,RS,Sul,76.47,77.0,0.53,73.91,0.0342,0.9658,0,critico,1
4319901,Sapiranga,RS,Sul,72.77,73.9,1.13,82.8,0.0342,0.9658,0,critico,1
4315800,Roca Sales,RS,Sul,75.61,76.28,0.67,74.53,0.0344,0.9656,0,critico,1
4316907,Santa Maria,RS,Sul,65.32,67.72,2.4,76.9,0.0349,0.9651,0,critico,1
2909000,Cordeiros,BA,Nordeste,69.32,71.03,1.71,91.8,0.0351,0.9649,0,critico,3
4305009,Catuípe,RS,Sul,83.62,80.0,-3.62,80.0,0.0353,0.9647,0,critico,3
4302105,Bento Gonçalves,RS,Sul,77.38,77.77,0.39,85.59,0.0366,0.9634,0,critico,3
4300877,Araricá,RS,Sul,75.69,76.34,0.65,73.86,0.0384,0.9616,0,critico,1
4308078,Fazenda Vilanova,RS,Sul,80.0,80.0,0.0,78.13,0.0386,0.9614,0,critico,1
4309209,Gravataí,RS,Sul,63.64,66.33,2.69,78.3,0.0387,0.9613,0,critico,1
2920304,Malhada de Pedras,BA,Nordeste,70.36,71.89,1.53,88.78,0.0392,0.9608,0,critico,3
4313953,Pantano Grande,RS,Sul,72.52,73.69,1.17,74.77,0.0399,0.9601,0,critico,1
4312807,Nova Araçá,RS,Sul,82.28,80.0,-2.28,80.95,0.0401,0.9599,0,critico,3
4307906,Farroupilha,RS,Sul,83.04,80.0,-3.04,85.78,0.0401,0.9599,0,critico,3
4319604,São Sepé,RS,Sul,82.29,80.0,-2.29,82.96,0.0404,0.9596,0,critico,3
4303905,Campo Bom,RS,Sul,77.34,77.73,0.39,89.91,0.0412,0.9588,0,critico,3
2933257,Vereda,BA,Nordeste,67.84,69.8,1.96,88.89,0.0413,0.9587,0,critico,3
4311403,Lajeado,RS,Sul,74.67,75.49,0.82,86.95,0.0422,0.9578,0,critico,3
4318408,São Jerônimo,RS,Sul,81.83,80.0,-1.83,89.23,0.0424,0.9576,0,critico,3
4313508,Osório,RS,Sul,67.79,69.76,1.97,76.52,0.0432,0.9568,0,critico,1
4322608,Venâncio Aires,RS,Sul,78.14,78.41,0.27,92.91,0.0436,0.9564,0,critico,3
4315404,Redentora,RS,Sul,81.44,80.0,-1.44,83.33,0.0441,0.9559,0,critico,3
2900504,Érico Cardoso,BA,Nordeste,68.05,69.97,1.92,92.16,0.0443,0.9557,0,critico,3
4317806,Santo Augusto,RS,Sul,77.71,78.05,0.34,90.53,0.0447,0.9553,0,critico,3
4320404,Serafina Corrêa,RS,Sul,83.22,80.0,-3.22,83.33,0.0452,0.9548,0,critico,3
4316451,Salto do Jacuí,RS,Sul,81.46,80.0,-1.46,89.83,0.0456,0.9544,0,critico,3
4321451,Teutônia,RS,Sul,83.41,80.0,-3.41,85.33,0.0459,0.9541,0,critico,3
4310108,Igrejinha,RS,Sul,80.14,80.0,-0.14,90.18,0.0464,0.9536,0,critico,3
4305801,Constantina,RS,Sul,80.01,80.0,-0.01,87.1,0.0466,0.9534,0,critico,3
4301552,Áurea,RS,Sul,86.67,80.0,-6.67,75.0,0.047,0.953,0,critico,1
2921807,Mortugaba,BA,Nordeste,68.97,70.74,1.77,94.12,0.0473,0.9527,0,critico,3
2924504,Pindaí,BA,Nordeste,71.04,72.46,1.42,95.48,0.0473,0.9527,0,critico,3
4321808,Três de Maio,RS,Sul,79.03,79.17,0.14,90.91,0.0473,0.9527,0,critico,3
4321956,Trindade do Sul,RS,Sul,82.51,80.0,-2.51,85.25,0.0474,0.9526,0,critico,3
4313037,Nova Esperança do Sul,RS,Sul,86.19,80.0,-6.19,78.72,0.0478,0.9522,1,critico,3
2931350,Teixeira de Freitas,BA,Nordeste,51.85,56.5,4.65,84.31,0.0488,0.9512,0,critico,1
4306403,Dois Irmãos,RS,Sul,78.45,78.68,0.23,90.99,0.0488,0.9512,0,critico,3
2917409,Jacaraci,BA,Nordeste,63.77,66.43,2.66,86.55,0.0493,0.9507,0,critico,3
4304952,Caseiros,RS,Sul,86.13,80.0,-6.13,79.59,0.0494,0.9506,0,critico,3
4322806,Veranópolis,RS,Sul,77.14,77.57,0.43,84.36,0.0494,0.9506,0,critico,3
2913002,Ibitiara,BA,Nordeste,62.17,65.11,2.94,93.65,0.0499,0.9501,0,critico,3
4322509,Vacaria,RS,Sul,65.96,68.24,2.28,82.01,0.05,0.95,0,critico,1
2926806,Rio do Antônio,BA,Nordeste,62.54,65.42,2.88,84.68,0.0502,0.9498,0,critico,1
4303103,Cachoeirinha,RS,Sul,58.04,61.68,3.64,74.65,0.0503,0.9497,0,critico,1
4319158,São Miguel das Missões,RS,Sul,76.3,76.86,0.56,86.21,0.0506,0.9494,0,critico,3
4308052,Faxinalzinho,RS,Sul,78.18,78.45,0.27,86.36,0.0507,0.9493,0,critico,3
4310207,Ijuí,RS,Sul,76.47,77.0,0.53,92.16,0.0507,0.9493,0,critico,3
2919405,Licínio de Almeida,BA,Nordeste,75.0,75.76,0.76,97.41,0.0507,0.9493,0,critico,3
4314506,Pinheiro Machado,RS,Sul,67.1,69.19,2.09,81.58,0.0508,0.9492,0,critico,1
2929503,São Sebastião do Passé,BA,Nordeste,49.95,54.89,4.94,78.12,0.0511,0.9489,0,critico,1
4314001,Paraí,RS,Sul,92.98,80.0,-12.98,75.0,0.0512,0.9488,0,critico,2
2904605,Brumado,BA,Nordeste,53.28,57.7,4.42,86.08,0.0516,0.9484,0,critico,1
4321501,Torres,RS,Sul,62.86,65.68,2.82,73.24,0.0518,0.9482,0,critico,1
4318705,São Leopoldo,RS,Sul,57.01,60.83,3.82,76.75,0.0519,0.9481,0,critico,1
2927408,Salvador,BA,Nordeste,39.16,45.52,6.36,84.13,0.052,0.948,0,critico,1
4308201,Flores da Cunha,RS,Sul,79.01,79.15,0.14,90.51,0.0525,0.9475,0,critico,3
2922003,Mucuri,BA,Nordeste,49.09,54.16,5.07,76.56,0.0526,0.9474,0,critico,1
4313300,Nova Prata,RS,Sul,78.78,78.96,0.18,88.89,0.0529,0.9471,0,critico,3
4311106,Jaguari,RS,Sul,64.9,67.37,2.47,77.14,0.0533,0.9467,0,critico,1
2923001,Nova Viçosa,BA,Nordeste,56.37,60.29,3.92,85.55,0.0533,0.9467,0,critico,1
4308607,Garibaldi,RS,Sul,74.4,75.26,0.86,85.19,0.0538,0.9462,0,critico,3
4314209,Pedro Osório,RS,Sul,67.71,69.69,1.98,77.78,0.0538,0.9462,0,critico,1
4302303,Bom Jesus,RS,Sul,72.59,73.75,1.16,83.78,0.054,0.946,0,critico,3
2929057,São Félix do Coribe,BA,Nordeste,54.89,59.05,4.16,88.08,0.0542,0.9458,0,critico,0
4307708,Esteio,RS,Sul,63.38,66.11,2.73,78.87,0.0542,0.9458,0,critico,1
4314068,Passa Sete,RS,Sul,85.26,80.0,-5.26,83.78,0.0549,0.9451,0,critico,3
4320354,Sentinela do Sul,RS,Sul,73.81,74.77,0.96,80.36,0.0552,0.9448,0,critico,1
4311601,Liberato Salzano,RS,Sul,73.29,74.33,1.04,83.33,0.0552,0.9448,0,critico,1
4317400,Santiago,RS,Sul,72.84,73.95,1.11,87.68,0.0554,0.9446,0,critico,3
4315156,Progresso,RS,Sul,78.42,78.65,0.23,88.46,0.0554,0.9446,0,critico,3
4301057,Arroio do Sal,RS,Sul,67.46,69.49,2.03,78.89,0.0555,0.9445,0,critico,1
2931053,Tanque Novo,BA,Nordeste,63.45,66.17,2.72,93.78,0.0556,0.9444,0,critico,3
4304200,Candelária,RS,Sul,75.36,76.07,0.71,89.4,0.0556,0.9444,0,critico,3
4311718,Maçambará,RS,Sul,66.97,69.08,2.11,72.0,0.0557,0.9443,0,critico,1
4323507,Vista Alegre,RS,Sul,90.0,80.0,-10.0,76.92,0.0558,0.9442,0,critico,2
2921005,Mata de São João,BA,Nordeste,54.01,58.32,4.31,85.12,0.056,0.944,0,critico,1
4318457,São José das Missões,RS,Sul,78.44,78.67,0.23,79.31,0.0561,0.9439,0,critico,1
4323002,Viamão,RS,Sul,58.86,62.36,3.5,81.78,0.0563,0.9437,0,critico,1
2931004,Tanhaçu,BA,Nordeste,58.73,62.26,3.53,89.5,0.0564,0.9436,0,critico,3
2918704,Lafaiete Coutinho,BA,Nordeste,67.65,69.64,1.99,84.85,0.0568,0.9432,0,critico,3
4312450,Morro Redondo,RS,Sul,72.96,74.06,1.1,83.67,0.057,0.943,0,critico,3
4319000,São Marcos,RS,Sul,83.78,80.0,-3.78,87.77,0.0571,0.9429,0,critico,3
4301008,Arroio do Meio,RS,Sul,82.6,80.0,-2.6,88.1,0.0573,0.9427,0,critico,3
2928604,Santo Amaro,BA,Nordeste,43.81,49.62,5.81,76.41,0.0577,0.9423,0,critico,1
4307401,Esmeralda,RS,Sul,84.43,80.0,-4.43,80.0,0.058,0.942,0,critico,3
4322400,Uruguaiana,RS,Sul,61.3,64.39,3.09,79.27,0.058,0.942,0,critico,1
4316956,Santa Maria do Herval,RS,Sul,78.3,78.55,0.25,85.71,0.0581,0.9419,0,critico,3
2925303,Porto Seguro,BA,Nordeste,46.72,52.13,5.41,83.59,0.0583,0.9417,0,critico,1
4318002,São Borja,RS,Sul,65.4,67.78,2.38,82.88,0.0583,0.9417,0,critico,1
4306809,Encantado,RS,Sul,80.77,80.0,-0.77,85.82,0.0583,0.9417,0,critico,3
2922409,Mutuípe,BA,Nordeste,58.37,61.96,3.59,87.59,0.0584,0.9416,0,critico,3
4316600,Sananduva,RS,Sul,74.42,75.28,0.86,88.29,0.0585,0.9415,0,critico,3
4317608,Santo Antônio da Patrulha,RS,Sul,77.32,77.72,0.4,94.04,0.0588,0.9412,0,critico,3
4301503,Augusto Pestana,RS,Sul,82.81,80.0,-2.81,87.5,0.0589,0.9411,0,critico,3
4312906,Nova Bassano,RS,Sul,77.91,78.22,0.31,81.61,0.0589,0.9411,0,critico,3
4304606,Canoas,RS,Sul,53.16,57.6,4.44,74.41,0.059,0.941,0,critico,1
4321907,Três Passos,RS,Sul,82.86,80.0,-2.86,89.71,0.0591,0.9409,0,critico,3
4301602,Bagé,RS,Sul,62.01,64.98,2.97,79.75,0.0593,0.9407,0,critico,1
4309902,Ibiraiaras,RS,Sul,78.46,78.69,0.23,92.59,0.0594,0.9406,0,critico,3
4300455,Alegria,RS,Sul,100.0,80.0,-20.0,78.57,0.0595,0.9405,0,critico,2
4309001,Giruá,RS,Sul,76.29,76.85,0.56,91.51,0.0595,0.9405,0,critico,3
4317707,Santo Antônio das Missões,RS,Sul,73.47,74.48,1.01,91.89,0.0596,0.9404,0,critico,3
2925204,Pojuca,BA,Nordeste,60.54,63.76,3.22,92.33,0.0597,0.9403,0,critico,3
4313409,Novo Hamburgo,RS,Sul,62.37,65.27,2.9,84.1,0.06,0.94,0,critico,1
4320008,Sapucaia do Sul,RS,Sul,59.14,62.6,3.46,80.11,0.0601,0.9399,0,critico,1
4317905,Santo Cristo,RS,Sul,76.02,76.62,0.6,91.8,0.0606,0.9394,0,critico,3
4323705,Vista Gaúcha,RS,Sul,74.26,75.14,0.88,72.73,0.0608,0.9392,1,critico,1
2909505,Cravolândia,BA,Nordeste,57.33,61.09,3.76,89.66,0.061,0.939,0,critico,0
2917201,Ituaçu,BA,Nordeste,57.52,61.25,3.73,90.25,0.0613,0.9387,0,critico,3
4302352,Bom Princípio,RS,Sul,73.71,74.68,0.97,88.73,0.0616,0.9384,0,critico,3
2912004,Ibiassucê,BA,Nordeste,65.01,67.46,2.45,95.0,0.0617,0.9383,0,critico,3
4305132,Cerro Branco,RS,Sul,71.87,73.15,1.28,75.68,0.0621,0.9379,0,critico,1
4303608,Cambará do Sul,RS,Sul,60.0,63.31,3.31,76.92,0.0621,0.9379,1,critico,1
4316808,Santa Cruz do Sul,RS,Sul,64.84,67.32,2.48,84.85,0.0621,0.9379,0,critico,1
4315750,Riozinho,RS,Sul,76.01,76.61,0.6,84.85,0.0623,0.9377,0,critico,3
4305207,Cerro Largo,RS,Sul,75.07,75.82,0.75,90.32,0.0624,0.9376,0,critico,3
2930006,Sebastião Laranjeiras,BA,Nordeste,59.03,62.51,3.48,88.66,0.0624,0.9376,0,critico,3
2905206,Caetité,BA,Nordeste,49.15,54.21,5.06,87.23,0.0625,0.9375,0,critico,0
4319802,São Vicente do Sul,RS,Sul,77.33,77.73,0.4,89.47,0.0626,0.9374,0,critico,3
4309654,Hulha Negra,RS,Sul,70.19,71.75,1.56,75.41,0.0627,0.9373,0,critico,1
4321667,Três Cachoeiras,RS,Sul,87.85,80.0,-7.85,88.89,0.063,0.937,0,critico,2
2933307,Vitória da Conquista,BA,Nordeste,47.86,53.11,5.25,90.75,0.0633,0.9367,0,critico,0
4320701,Sobradinho,RS,Sul,82.34,80.0,-2.34,93.0,0.0633,0.9367,0,critico,3
4304705,Carazinho,RS,Sul,63.87,66.52,2.65,82.37,0.0639,0.9361,0,critico,1
4317202,Santa Rosa,RS,Sul,72.42,73.6,1.18,92.13,0.064,0.936,0,critico,3
4308102,Feliz,RS,Sul,72.78,73.9,1.12,89.47,0.0641,0.9359,0,critico,3
4310801,Ivoti,RS,Sul,77.4,77.79,0.39,93.31,0.0644,0.9356,0,critico,3
4307609,Estância Velha,RS,Sul,67.25,69.31,2.06,86.49,0.0648,0.9352,0,critico,3
2920601,Maragogipe,BA,Nordeste,47.43,52.74,5.31,77.89,0.0652,0.9348,1,critico,1
4302402,Bom Retiro do Sul,RS,Sul,78.19,78.46,0.27,92.86,0.0656,0.9344,0,critico,3
4300638,Amaral Ferrador,RS,Sul,70.56,72.06,1.5,83.33,0.0657,0.9343,0,critico,1
4314100,Passo Fundo,RS,Sul,58.54,62.1,3.56,83.89,0.0657,0.9343,0,critico,1
4301800,Barracão,RS,Sul,73.34,74.37,1.03,88.89,0.066,0.934,0,critico,3
4315701,Rio Pardo,RS,Sul,73.36,74.39,1.03,89.29,0.0662,0.9338,0,critico,3
4310306,Ilópolis,RS,Sul,87.4,80.0,-7.4,88.89,0.0663,0.9337,0,critico,3
4312401,Montenegro,RS,Sul,65.93,68.22,2.29,86.65,0.0665,0.9335,0,critico,3
4313201,Nova Petrópolis,RS,Sul,91.67,80.0,-11.67,86.18,0.0665,0.9335,0,critico,2
2928703,Santo Antônio de Jesus,BA,Nordeste,33.47,40.35,6.88,70.98,0.0666,0.9334,1,critico,1
4320206,Seberi,RS,Sul,83.74,80.0,-3.74,94.12,0.067,0.933,0,critico,3
4321436,Terra de Areia,RS,Sul,66.9,69.02,2.12,81.6,0.0674,0.9326,0,critico,1
4310363,Imigrante,RS,Sul,78.24,78.5,0.26,86.49,0.0674,0.9326,0,critico,3
4311809,Marau,RS,Sul,66.61,68.78,2.17,86.21,0.0674,0.9326,0,critico,3
2924702,Piripá,BA,Nordeste,64.26,66.84,2.58,92.19,0.0675,0.9325,0,critico,3
4301206,Arroio do Tigre,RS,Sul,80.42,80.0,-0.42,95.8,0.0676,0.9324,0,critico,3
4300034,Aceguá,RS,Sul,69.95,71.55,1.6,81.82,0.0678,0.9322,0,critico,1
4304689,Capela de Santana,RS,Sul,67.66,69.65,1.99,85.38,0.0678,0.9322,0,critico,3
4315602,Rio Grande,RS,Sul,54.17,58.45,4.28,76.02,0.068,0.932,0,critico,1
4319406,São Pedro do Sul,RS,Sul,77.14,77.57,0.43,94.44,0.068,0.932,0,critico,3
4304903,Casca,RS,Sul,83.0,80.0,-3.0,90.63,0.068,0.932,0,critico,3
4313060,Nova Hartz,RS,Sul,72.08,73.32,1.24,86.08,0.0684,0.9316,0,critico,3
4323770,Westfália,RS,Sul,82.91,80.0,-2.91,81.48,0.0685,0.9315,0,critico,3
4313805,Palmitinho,RS,Sul,84.12,80.0,-4.12,89.66,0.0686,0.9314,0,critico,3
2919009,Lajedinho,BA,Nordeste,50.0,54.93,4.93,87.5,0.0687,0.9313,0,critico,0
2912301,Ibicuí,BA,Nordeste,58.94,62.43,3.49,93.53,0.0692,0.9308,0,critico,3
4313904,Panambi,RS,Sul,75.28,76.0,0.72,91.94,0.0694,0.9306,0,critico,3
2911709,Guanambi,BA,Nordeste,48.58,53.73,5.15,87.72,0.0695,0.9305,0,critico,0
2912806,Ibirapuã,BA,Nordeste,60.48,63.71,3.23,93.97,0.0697,0.9303,0,critico,3
4305306,Chapada,RS,Sul,75.31,76.02,0.71,86.49,0.0697,0.9303,0,critico,3
2904209,Botuporã,BA,Nordeste,62.08,65.03,2.95,96.47,0.0699,0.9301,0,critico,3
4308300,Fontoura Xavier,RS,Sul,62.05,65.01,2.96,75.44,0.0705,0.9295,0,critico,1
4306601,Dom Pedrito,RS,Sul,57.45,61.19,3.74,77.14,0.0706,0.9294,0,critico,1
4301636,Balneário Pinhal,RS,Sul,58.38,61.97,3.59,76.55,0.0707,0.9293,0,critico,1
4312054,Marques de Souza,RS,Sul,75.87,76.49,0.62,85.71,0.0708,0.9292,0,critico,3
2929909,Seabra,BA,Nordeste,48.67,53.8,5.13,83.59,0.0715,0.9285,0,critico,1
4308003,Faxinal do Soturno,RS,Sul,79.13,79.26,0.13,94.0,0.0716,0.9284,0,critico,3
2910800,Feira de Santana,BA,Nordeste,31.96,38.95,6.99,72.75,0.072,0.928,0,critico,1
4303509,Camaquã,RS,Sul,58.61,62.16,3.55,82.07,0.0722,0.9278,0,critico,1
4304713,Caraá,RS,Sul,90.82,80.0,-10.82,87.32,0.0723,0.9277,0,critico,2
4315172,Protásio Alves,RS,Sul,79.98,79.98,0.0,84.85,0.0724,0.9276,0,critico,3
4320453,Sério,RS,Sul,85.41,80.0,-5.41,84.21,0.0725,0.9275,0,critico,3
4317509,Santo Ângelo,RS,Sul,64.36,66.92,2.56,87.5,0.0726,0.9274,0,critico,3
4318440,São Jorge,RS,Sul,76.67,77.17,0.5,88.24,0.073,0.927,0,critico,3
2933455,Wanderley,BA,Nordeste,54.03,58.33,4.3,92.57,0.0731,0.9269,0,critico,0
2918001,Jequié,BA,Nordeste,37.87,44.37,6.5,76.43,0.0732,0.9268,0,critico,1
2904308,Brejões,BA,Nordeste,53.47,57.86,4.39,84.66,0.0739,0.9261,0,critico,1
4312252,Minas do Leão,RS,Sul,73.26,74.31,1.05,83.58,0.0739,0.9261,0,critico,3
2927804,Santa Cruz da Vitória,BA,Nordeste,45.13,50.76,5.63,72.6,0.0743,0.9257,0,critico,1
4316105,Ronda Alta,RS,Sul,75.29,76.01,0.72,87.8,0.0745,0.9255,0,critico,3
4305447,Chuvisca,RS,Sul,71.05,72.46,1.41,86.11,0.0746,0.9254,0,critico,3
2919959,Maetinga,BA,Nordeste,60.98,64.12,3.14,88.46,0.0747,0.9253,0,critico,3
4318424,São João da Urtiga,RS,Sul,76.53,77.05,0.52,93.94,0.0751,0.9249,0,critico,3
2931806,Tremedal,BA,Nordeste,49.49,54.5,5.01,87.74,0.0752,0.9248,0,critico,0
2908309,Conceição do Almeida,BA,Nordeste,53.85,58.18,4.33,88.16,0.0752,0.9248,0,critico,0
4305959,Cotiporã,RS,Sul,73.99,74.92,0.93,86.49,0.0754,0.9246,0,critico,3
4321857,Três Palmeiras,RS,Sul,80.96,80.0,-0.96,93.18,0.0755,0.9245,0,critico,3
2932606,Urandi,BA,Nordeste,59.24,62.68,3.44,94.41,0.0758,0.9242,0,critico,3
4312138,Mato Castelhano,RS,Sul,76.48,77.01,0.53,86.84,0.0759,0.9241,0,critico,3
2913408,Igaporã,BA,Nordeste,57.17,60.96,3.79,92.67,0.0759,0.9241,0,critico,3
2919702,Macarani,BA,Nordeste,49.05,54.13,5.08,88.65,0.0761,0.9239,0,critico,0
4306007,Crissiumal,RS,Sul,73.17,74.23,1.06,92.06,0.0765,0.9235,0,critico,3
4321105,Tapes,RS,Sul,58.59,62.14,3.55,83.33,0.0765,0.9235,0,critico,1
4317756,Santo Antônio do Planalto,RS,Sul,77.14,77.57,0.43,93.55,0.0766,0.9234,0,critico,3
4312443,Morrinhos do Sul,RS,Sul,80.01,80.0,-0.01,89.29,0.0766,0.9234,0,critico,3
4309308,Guaíba,RS,Sul,49.72,54.7,4.98,76.49,0.0767,0.9233,0,critico,1
4320677,Sinimbu,RS,Sul,69.64,71.29,1.65,88.61,0.0769,0.9231,0,critico,3
4322905,Viadutos,RS,Sul,86.68,80.0,-6.68,83.33,0.0769,0.9231,1,critico,3
4313391,Novo Cabrais,RS,Sul,86.08,80.0,-6.08,93.55,0.0778,0.9222,0,critico,3
2929750,Saubara,BA,Nordeste,43.18,49.07,5.89,77.01,0.0782,0.9218,1,critico,1
2907509,Catu,BA,Nordeste,43.47,49.32,5.85,79.49,0.0785,0.9215,0,critico,1
4313490,Novo Barreiro,RS,Sul,62.07,65.03,2.96,80.56,0.0786,0.9214,0,critico,1
4310405,Independência,RS,Sul,66.59,68.77,2.18,84.06,0.0792,0.9208,0,critico,1
4322533,Vale do Sol,RS,Sul,86.11,80.0,-6.11,91.67,0.0793,0.9207,0,critico,3
4307807,Estrela,RS,Sul,67.6,69.6,2.0,87.79,0.0793,0.9207,0,critico,3
4317103,Sant'Ana do Livramento,RS,Sul,49.75,54.72,4.97,74.16,0.0795,0.9205,0,critico,1
4314498,Pinheirinho do Vale,RS,Sul,85.11,80.0,-5.11,96.97,0.0796,0.9204,0,critico,3
4319307,São Paulo das Missões,RS,Sul,77.73,78.07,0.34,95.0,0.0798,0.9202,0,critico,3
2931608,Teolândia,BA,Nordeste,47.32,52.65,5.33,88.02,0.0799,0.9201,0,critico,0
1303304,Novo Aripuanã,AM,Norte,83.98,80.0,-3.98,84.25,0.08,0.92,0,critico,3
2923035,Novo Horizonte,BA,Nordeste,60.58,63.79,3.21,92.72,0.0802,0.9198,1,critico,3
2910057,Dias d'Ávila,BA,Nordeste,35.5,42.22,6.72,77.76,0.0806,0.9194,0,critico,1
4315305,Quaraí,RS,Sul,54.77,58.95,4.18,72.29,0.0806,0.9194,0,critico,1
2903508,Belo Campo,BA,Nordeste,47.6,52.89,5.29,85.06,0.0812,0.9188,0,critico,1
4318309,São Gabriel,RS,Sul,61.13,64.25,3.12,83.11,0.0816,0.9184,0,critico,1
4313102,Nova Palma,RS,Sul,81.13,80.0,-1.13,89.47,0.082,0.918,0,critico,3
4319737,São Valério do Sul,RS,Sul,71.43,72.78,1.35,87.5,0.0822,0.9178,0,critico,3
4319356,São Pedro da Serra,RS,Sul,80.67,80.0,-0.67,91.3,0.0822,0.9178,0,critico,3
4320909,Tapejara,RS,Sul,69.7,71.34,1.64,90.96,0.0823,0.9177,0,critico,3
4304309,Cândido Godói,RS,Sul,75.52,76.2,0.68,83.33,0.0826,0.9174,0,critico,3
4306973,Erebango,RS,Sul,73.33,74.36,1.03,88.24,0.0827,0.9173,0,critico,3
4322541,Vale Real,RS,Sul,76.3,76.86,0.56,90.38,0.0829,0.9171,0,critico,3
4306130,Cruzaltense,RS,Sul,77.78,78.11,0.33,94.74,0.083,0.917,0,critico,3
1302603,Manaus,AM,Norte,52.2,56.8,4.6,71.33,0.083,0.917,0,critico,1
4322202,Tupanciretã,RS,Sul,71.92,73.19,1.27,91.36,0.0831,0.9169,0,critico,3
2930154,Serra do Ramalho,BA,Nordeste,36.17,42.83,6.66,73.91,0.0832,0.9168,0,critico,1
4312658,Não-Me-Toque,RS,Sul,66.12,68.38,2.26,84.91,0.0833,0.9167,0,critico,3
4315206,Putinga,RS,Sul,87.73,80.0,-7.73,86.67,0.0836,0.9164,1,critico,2
4308706,Gaurama,RS,Sul,78.81,78.98,0.17,97.44,0.0838,0.9162,0,critico,3
4322251,Tupandi,RS,Sul,81.98,80.0,-1.98,90.41,0.0838,0.9162,0,critico,3
4320800,Soledade,RS,Sul,66.25,68.48,2.23,87.34,0.0839,0.9161,0,critico,3
4318614,São José do Sul,RS,Sul,85.0,80.0,-5.0,86.96,0.0842,0.9158,0,critico,3
4303004,Cachoeira do Sul,RS,Sul,57.47,61.21,3.74,83.38,0.0845,0.9155,0,critico,1
2919926,Madre de Deus,BA,Nordeste,40.71,46.9,6.19,71.15,0.0845,0.9155,0,critico,1
4304697,Capitão,RS,Sul,87.05,80.0,-7.05,90.24,0.0846,0.9154,0,critico,3
4312302,Miraguaí,RS,Sul,78.98,79.13,0.15,94.74,0.0847,0.9153,0,critico,3
4314464,Pinhal da Serra,RS,Sul,74.14,75.04,0.9,84.0,0.0848,0.9152,0,critico,3
4303806,Campinas do Sul,RS,Sul,91.46,80.0,-11.46,78.79,0.0849,0.9151,0,critico,2
4306908,Encruzilhada do Sul,RS,Sul,63.87,66.52,2.65,83.96,0.085,0.915,0,critico,1
4322327,Turuçu,RS,Sul,82.83,80.0,-2.83,95.45,0.0852,0.9148,0,critico,3
4301073,Arroio do Padre,RS,Sul,94.58,80.0,-14.58,83.33,0.0852,0.9148,0,critico,2
4314027,Paraíso do Sul,RS,Sul,82.26,80.0,-2.26,91.38,0.0853,0.9147,0,critico,3
4314050,Parobé,RS,Sul,57.83,61.51,3.68,83.06,0.0853,0.9147,0,critico,1
4306700,Dona Francisca,RS,Sul,81.25,80.0,-1.25,84.21,0.0854,0.9146,0,critico,3
4305173,Cerro Grande do Sul,RS,Sul,57.48,61.22,3.74,77.92,0.0856,0.9144,0,critico,1
2916401,Itapetinga,BA,Nordeste,39.63,45.94,6.31,84.07,0.0858,0.9142,0,critico,1
2902401,Aurelino Leal,BA,Nordeste,42.65,48.61,5.96,75.35,0.0862,0.9138,0,critico,1
4316006,Rolante,RS,Sul,88.63,80.0,-8.63,94.74,0.0863,0.9137,0,critico,2
2905008,Caculé,BA,Nordeste,51.82,56.48,4.66,87.15,0.0865,0.9135,0,critico,0
4321600,Tramandaí,RS,Sul,54.39,58.64,4.25,80.05,0.0866,0.9134,0,critico,1
2900801,Alcobaça,BA,Nordeste,45.33,50.94,5.61,78.09,0.0867,0.9133,0,critico,1
4318481,São José do Hortêncio,RS,Sul,78.76,78.94,0.18,94.87,0.0871,0.9129,0,critico,3
4320107,Sarandi,RS,Sul,71.47,72.81,1.34,89.55,0.0872,0.9128,0,critico,3
4300505,Alpestre,RS,Sul,74.94,75.71,0.77,94.92,0.0873,0.9127,0,critico,3
2930709,Simões Filho,BA,Nordeste,42.62,48.58,5.96,85.05,0.0873,0.9127,0,critico,1
4309704,Humaitá,RS,Sul,90.66,80.0,-10.66,86.27,0.0874,0.9126,0,critico,2
2917102,Itororó,BA,Nordeste,47.4,52.72,5.32,83.07,0.0874,0.9126,0,critico,1
2917904,Jandaíra,BA,Nordeste,50.51,55.37,4.86,84.85,0.0876,0.9124,0,critico,1
4311734,Mampituba,RS,Sul,66.23,68.47,2.24,80.43,0.0879,0.9121,0,critico,1
2929602,Sapeaçu,BA,Nordeste,56.84,60.68,3.84,86.78,0.0882,0.9118,1,critico,3
4315008,Porto Lucena,RS,Sul,78.57,78.78,0.21,100.0,0.0885,0.9115,1,critico,3
4319109,São Martinho,RS,Sul,83.57,80.0,-3.57,89.09,0.0888,0.9112,0,critico,3
4300208,Ajuricaba,RS,Sul,80.14,80.0,-0.14,96.3,0.089,0.911,1,critico,3
4322707,Vera Cruz,RS,Sul,66.46,68.66,2.2,90.05,0.0891,0.9109,0,critico,3
4306502,Dom Feliciano,RS,Sul,59.64,63.01,3.37,83.56,0.0896,0.9104,0,critico,1
4316428,Sagrada Família,RS,Sul,78.81,78.98,0.17,91.89,0.0898,0.9102,0,critico,3
4301651,Barão,RS,Sul,86.39,80.0,-6.39,95.35,0.0899,0.9101,0,critico,3
4317301,Santa Vitória do Palmar,RS,Sul,56.01,59.99,3.98,77.49,0.09,0.91,0,critico,1
4303301,Caibaté,RS,Sul,89.44,80.0,-9.44,90.48,0.0909,0.9091,0,critico,2
2921203,Miguel Calmon,BA,Nordeste,47.8,53.06,5.26,86.49,0.0909,0.9091,0,critico,0
4322301,Tuparendi,RS,Sul,88.1,80.0,-8.1,92.54,0.0911,0.9089,0,critico,2
4322525,Vale Verde,RS,Sul,85.54,80.0,-5.54,91.07,0.0913,0.9087,0,critico,3
2926301,Riachão do Jacuípe,BA,Nordeste,38.41,44.85,6.44,81.0,0.0913,0.9087,0,critico,1
2905909,Campo Alegre de Lourdes,BA,Nordeste,36.68,43.29,6.61,75.1,0.0915,0.9085,0,critico,1
4310439,Ipê,RS,Sul,81.57,80.0,-1.57,91.53,0.0916,0.9084,0,critico,3
4316501,Salvador do Sul,RS,Sul,88.12,80.0,-8.12,92.11,0.0917,0.9083,0,critico,2
4318101,São Francisco de Assis,RS,Sul,58.21,61.82,3.61,80.0,0.0918,0.9082,0,critico,1
2921104,Medeiros Neto,BA,Nordeste,51.46,56.17,4.71,88.73,0.0918,0.9082,0,critico,0
2921401,Mirangaba,BA,Nordeste,33.73,40.59,6.86,71.26,0.0919,0.9081,0,critico,1
2927309,Salinas da Margarida,BA,Nordeste,47.81,53.07,5.26,87.71,0.0919,0.9081,0,critico,0
4308904,Getúlio Vargas,RS,Sul,73.54,74.54,1.0,94.12,0.0919,0.9081,0,critico,3
4314704,Planalto,RS,Sul,72.47,73.65,1.18,91.07,0.0922,0.9078,0,critico,3
4308409,Formigueiro,RS,Sul,89.47,80.0,-9.47,86.36,0.0923,0.9077,0,critico,2
2925105,Poções,BA,Nordeste,44.01,49.79,5.78,83.86,0.0924,0.9076,0,critico,1
2901007,Amargosa,BA,Nordeste,51.07,55.84,4.77,92.58,0.0926,0.9074,0,critico,0
4305355,Charqueadas,RS,Sul,63.76,66.43,2.67,91.43,0.0929,0.9071,0,critico,3
4312617,Muitos Capões,RS,Sul,68.75,70.55,1.8,94.12,0.0929,0.9071,0,critico,3
4301958,Barra Funda,RS,Sul,68.75,70.55,1.8,88.89,0.0931,0.9069,0,critico,3
2910776,Feira da Mata,BA,Nordeste,55.73,59.76,4.03,93.15,0.0932,0.9068,0,critico,0
4314753,Poço das Antas,RS,Sul,85.45,80.0,-5.45,88.46,0.0933,0.9067,0,critico,3
4321329,Taquaruçu do Sul,RS,Sul,83.99,80.0,-3.99,89.29,0.0933,0.9067,1,critico,3
2914703,Itaberaba,BA,Nordeste,42.22,48.23,6.01,88.95,0.0938,0.9062,0,critico,0
4311627,Lindolfo Collor,RS,Sul,67.55,69.56,2.01,87.88,0.0938,0.9062,0,critico,3
4323408,Vila Maria,RS,Sul,94.44,80.0,-14.44,90.0,0.0942,0.9058,0,critico,2
4310538,Itaara,RS,Sul,58.94,62.43,3.49,79.1,0.0944,0.9056,0,critico,1
4321469,Tio Hugo,RS,Sul,87.5,80.0,-7.5,88.89,0.0946,0.9054,0,critico,2
2923902,Pau Brasil,BA,Nordeste,44.65,50.35,5.7,82.22,0.0947,0.9053,0,critico,1
2933406,Wagner,BA,Nordeste,53.42,57.82,4.4,88.37,0.0947,0.9053,0,critico,0
2913606,Ilhéus,BA,Nordeste,32.25,39.22,6.97,78.25,0.0948,0.9052,0,critico,1
4315107,Porto Xavier,RS,Sul,71.76,73.05,1.29,88.57,0.0949,0.9051,0,critico,3
2909802,Cruz das Almas,BA,Nordeste,34.64,41.43,6.79,78.04,0.0952,0.9048,0,critico,1
4303673,Campestre da Serra,RS,Sul,90.0,80.0,-10.0,90.91,0.0952,0.9048,1,critico,2
2906600,Candiba,BA,Nordeste,46.72,52.13,5.41,82.99,0.0954,0.9046,0,critico,1
4312104,Mata,RS,Sul,65.56,67.91,2.35,73.91,0.0955,0.9045,0,critico,1
4300901,Aratiba,RS,Sul,85.04,80.0,-5.04,93.33,0.0955,0.9045,0,critico,3
4310579,Itapuca,RS,Sul,80.62,80.0,-0.62,86.36,0.0958,0.9042,0,critico,3
4323804,Xangri-lá,RS,Sul,56.84,60.68,3.84,80.73,0.0958,0.9042,0,critico,1
4304663,Capão do Leão,RS,Sul,48.68,53.81,5.13,70.23,0.0959,0.9041,0,critico,1
2921450,Mirante,BA,Nordeste,52.17,56.77,4.6,88.75,0.0961,0.9039,0,critico,0
4312385,Monte Belo do Sul,RS,Sul,80.97,80.0,-0.97,92.86,0.0962,0.9038,0,critico,3
4300604,Alvorada,RS,Sul,46.56,52.0,5.44,77.59,0.0962,0.9038,0,critico,1
4306106,Cruz Alta,RS,Sul,57.42,61.17,3.75,86.36,0.0962,0.9038,0,critico,1
2915601,Itamaraju,BA,Nordeste,44.07,49.84,5.77,89.0,0.0964,0.9036,0,critico,0
2917334,Iuiu,BA,Nordeste,49.03,54.11,5.08,88.18,0.097,0.903,0,critico,0
2926657,Ribeirão do Largo,BA,Nordeste,47.25,52.59,5.34,85.9,0.0971,0.9029,1,critico,1
4307005,Erechim,RS,Sul,61.21,64.31,3.1,89.54,0.0977,0.9023,0,critico,3
2903201,Barreiras,BA,Nordeste,37.98,44.47,6.49,83.87,0.0982,0.9018,0,critico,1
4304655,Capão do Cipó,RS,Sul,88.68,80.0,-8.68,92.31,0.0983,0.9017,0,critico,2
4320321,Senador Salgado Filho,RS,Sul,83.97,80.0,-3.97,92.59,0.0986,0.9014,0,critico,3
4313334,Nova Ramada,RS,Sul,86.97,80.0,-6.97,91.67,0.0987,0.9013,0,critico,2
2901601,Antas,BA,Nordeste,44.12,49.89,5.77,87.37,0.099,0.901,0,critico,0
4315552,Rio dos Índios,RS,Sul,88.89,80.0,-8.89,90.0,0.0992,0.9008,1,critico,2
2913507,Iguaí,BA,Nordeste,49.55,54.55,5.0,89.25,0.0993,0.9007,0,critico,0
2910727,Eunápolis,BA,Nordeste,34.62,41.41,6.79,81.36,0.0996,0.9004,0,critico,1
2932507,Una,BA,Nordeste,37.89,44.38,6.49,81.91,0.0999,0.9001,1,critico,1
4306452,Dois Lajeados,RS,Sul,91.2,80.0,-11.2,86.84,0.1004,0.8996,0,critico,2
4311254,Lagoão,RS,Sul,84.62,80.0,-4.62,92.86,0.1006,0.8994,0,critico,3
4304804,Carlos Barbosa,RS,Sul,67.4,69.44,2.04,91.32,0.1006,0.8994,0,critico,3
2906501,Candeias,BA,Nordeste,32.66,39.6,6.94,76.46,0.1009,0.8991,0,critico,1
4320578,Sete de Setembro,RS,Sul,78.57,78.78,0.21,93.33,0.1012,0.8988,0,critico,3
4320651,Silveira Martins,RS,Sul,66.67,68.83,2.16,78.26,0.1012,0.8988,0,critico,1
4310702,Itatiba do Sul,RS,Sul,88.89,80.0,-8.89,85.71,0.1015,0.8985,0,critico,2
4315149,Presidente Lucena,RS,Sul,87.03,80.0,-7.03,92.68,0.1017,0.8983,0,critico,2
4319364,São Pedro das Missões,RS,Sul,90.0,80.0,-10.0,90.91,0.1018,0.8982,1,critico,2
4306205,Cruzeiro do Sul,RS,Sul,68.21,70.11,1.9,90.09,0.1022,0.8978,0,critico,3
4316303,Roque Gonzales,RS,Sul,75.71,76.36,0.65,84.21,0.1025,0.8975,0,critico,3
2914604,Irecê,BA,Nordeste,42.02,48.05,6.03,85.95,0.1025,0.8975,0,critico,0
2902302,Aratuípe,BA,Nordeste,47.9,53.15,5.25,88.57,0.1034,0.8966,1,critico,0
4321402,Tenente Portela,RS,Sul,67.61,69.61,2.0,93.43,0.1035,0.8965,0,critico,3
4302659,Brochier,RS,Sul,64.81,67.29,2.48,83.33,0.1038,0.8962,0,critico,1
4300802,Antônio Prado,RS,Sul,65.93,68.22,2.29,90.41,0.1041,0.8959,0,critico,3
4305871,Coronel Barros,RS,Sul,84.76,80.0,-4.76,88.24,0.1044,0.8956,0,critico,3
4313656,Palmares do Sul,RS,Sul,53.49,57.88,4.39,76.8,0.1045,0.8955,0,critico,1
2913903,Ipiaú,BA,Nordeste,33.64,40.51,6.87,71.8,0.1045,0.8955,0,critico,1
2929305,São Gonçalo dos Campos,BA,Nordeste,36.4,43.04,6.64,77.69,0.1046,0.8954,0,critico,1
4306379,Dilermando de Aguiar,RS,Sul,67.29,69.35,2.06,86.11,0.1049,0.8951,0,critico,3
2914802,Itabuna,BA,Nordeste,31.6,38.61,7.01,79.28,0.1053,0.8947,0,critico,1
4307559,Estação,RS,Sul,73.44,74.46,1.02,89.33,0.1053,0.8947,0,critico,3
2920502,Maracás,BA,Nordeste,52.47,57.02,4.55,92.15,0.1053,0.8947,0,critico,0
2928406,Santa Rita de Cássia,BA,Nordeste,46.95,52.33,5.38,88.68,0.1054,0.8946,0,critico,0
4322152,Tunas,RS,Sul,68.21,70.11,1.9,91.67,0.1061,0.8939,0,critico,3
4314803,Portão,RS,Sul,56.04,60.02,3.98,81.58,0.1065,0.8935,0,critico,1
4311007,Jaguarão,RS,Sul,48.21,53.41,5.2,72.0,0.107,0.893,0,critico,1
2908101,Cocos,BA,Nordeste,48.62,53.76,5.14,92.86,0.1071,0.8929,0,critico,0
2931400,Teodoro Sampaio,BA,Nordeste,41.03,47.18,6.15,80.0,0.1078,0.8922,0,critico,1
4302808,Caçapava do Sul,RS,Sul,54.77,58.95,4.18,79.15,0.108,0.892,0,critico,1
4323200,Victor Graeff,RS,Sul,88.92,80.0,-8.92,89.29,0.108,0.892,0,critico,2
2910701,Euclides da Cunha,BA,Nordeste,33.07,39.98,6.91,77.14,0.1081,0.8919,0,critico,1
4320552,Sertão Santana,RS,Sul,74.77,75.57,0.8,96.0,0.1082,0.8918,0,critico,3
4321303,Taquari,RS,Sul,49.6,54.6,5.0,74.45,0.1085,0.8915,0,critico,1
1302108,Japurá,AM,Norte,77.3,77.7,0.4,74.49,0.1085,0.8915,1,critico,1
2909604,Crisópolis,BA,Nordeste,50.31,55.2,4.89,86.62,0.1086,0.8914,0,critico,1
2922730,Nova Fátima,BA,Nordeste,46.81,52.21,5.4,89.61,0.1086,0.8914,0,critico,0
2910107,Dom Basílio,BA,Nordeste,48.34,53.52,5.18,90.32,0.1087,0.8913,0,critico,0
4314076,Passo do Sobrado,RS,Sul,88.54,80.0,-8.54,89.47,0.1088,0.8912,0,critico,2
2905701,Camaçari,BA,Nordeste,33.55,40.43,6.88,84.94,0.1088,0.8912,0,critico,0
4316758,Santa Clara do Sul,RS,Sul,91.08,80.0,-11.08,94.83,0.1088,0.8912,0,critico,2
1721000,Palmas,TO,Norte,58.66,62.2,3.54,75.69,0.109,0.891,0,critico,1
2925956,Rafael Jambeiro,BA,Nordeste,48.41,53.58,5.17,92.83,0.1091,0.8909,0,critico,0
4309555,Harmonia,RS,Sul,85.53,80.0,-5.53,94.12,0.1095,0.8905,0,critico,3
4315909,Rodeio Bonito,RS,Sul,88.57,80.0,-8.57,92.59,0.1095,0.8905,0,critico,2
4303202,Cacique Doble,RS,Sul,88.64,80.0,-8.64,96.88,0.1096,0.8904,0,critico,2
2917607,Jaguaquara,BA,Nordeste,46.31,51.78,5.47,93.02,0.1097,0.8903,1,critico,0
4312153,Mato Leitão,RS,Sul,88.99,80.0,-8.99,93.75,0.1098,0.8902,0,critico,2
4305702,Condor,RS,Sul,81.15,80.0,-1.15,94.38,0.1099,0.8901,0,critico,3
2915007,Itaeté,BA,Nordeste,41.31,47.43,6.12,85.83,0.1099,0.8901,0,critico,0
4300851,Arambaré,RS,Sul,57.54,61.27,3.73,72.55,0.1103,0.8897,0,critico,1
4309605,Horizontina,RS,Sul,71.23,72.61,1.38,96.88,0.1103,0.8897,0,critico,3
2923803,Paripiranga,BA,Nordeste,51.85,56.5,4.65,96.39,0.1106,0.8894,0,critico,0
2928059,Santa Luzia,BA,Nordeste,33.46,40.34,6.88,73.97,0.1107,0.8893,0,critico,1
4312377,Monte Alegre dos Campos,RS,Sul,63.26,66.01,2.75,86.27,0.1107,0.8893,0,critico,1
2911253,Gavião,BA,Nordeste,60.47,63.7,3.23,94.12,0.1108,0.8892,0,critico,3
2925931,Quixabeira,BA,Nordeste,38.72,45.13,6.41,77.88,0.1109,0.8891,1,critico,1
4322004,Triunfo,RS,Sul,66.82,68.96,2.14,92.09,0.1112,0.8888,0,critico,3
2918803,Laje,BA,Nordeste,46.61,52.04,5.43,85.45,0.1114,0.8886,0,critico,1
2906857,Capela do Alto Alegre,BA,Nordeste,35.87,42.56,6.69,81.25,0.1116,0.8884,1,critico,1
2933109,Várzea do Poço,BA,Nordeste,44.82,50.5,5.68,92.73,0.1116,0.8884,0,critico,0
2909208,Coronel João Sá,BA,Nordeste,28.7,35.85,7.15,74.17,0.1116,0.8884,1,critico,1
4313359,Nova Roma do Sul,RS,Sul,82.57,80.0,-2.57,93.1,0.1117,0.8883,1,critico,3
2903409,Belmonte,BA,Nordeste,35.8,42.49,6.69,79.83,0.1122,0.8878,0,critico,1
4319505,São Sebastião do Caí,RS,Sul,57.7,61.4,3.7,85.64,0.1128,0.8872,0,critico,1
4307815,Estrela Velha,RS,Sul,96.83,80.0,-16.83,88.57,0.1131,0.8869,0,critico,2
4307203,Erval Grande,RS,Sul,91.99,80.0,-11.99,90.24,0.1132,0.8868,0,critico,2
4311122,Jaquirana,RS,Sul,68.5,70.35,1.85,87.5,0.1133,0.8867,0,critico,3
4313086,Nova Pádua,RS,Sul,84.62,80.0,-4.62,92.86,0.1133,0.8867,0,critico,3
2927705,Santa Cruz Cabrália,BA,Nordeste,40.45,46.67,6.22,82.19,0.1133,0.8867,0,critico,1
2901957,Apuarema,BA,Nordeste,37.0,43.58,6.58,84.34,0.1134,0.8866,0,critico,0
4305850,Coqueiros do Sul,RS,Sul,86.57,80.0,-6.57,95.83,0.1135,0.8865,0,critico,2
4303558,Camargo,RS,Sul,80.0,80.0,0.0,90.91,0.1135,0.8865,0,critico,3
4311304,Lagoa Vermelha,RS,Sul,61.02,64.16,3.14,85.44,0.1139,0.8861,0,critico,1
1500800,Ananindeua,PA,Norte,59.04,62.51,3.47,80.91,0.1139,0.8861,0,critico,1
4302204,Boa Vista do Buricá,RS,Sul,81.93,80.0,-1.93,96.49,0.1142,0.8858,0,critico,3
4314423,Picada Café,RS,Sul,85.93,80.0,-5.93,92.19,0.1143,0.8857,0,critico,2
2903102,Barra do Rocha,BA,Nordeste,38.14,44.61,6.47,81.25,0.1143,0.8857,0,critico,1
4300059,Água Santa,RS,Sul,64.61,67.13,2.52,88.0,0.1145,0.8855,0,critico,3
2906006,Campo Formoso,BA,Nordeste,36.78,43.38,6.6,88.44,0.1146,0.8854,0,critico,0
4323101,Vicente Dutra,RS,Sul,72.28,73.49,1.21,86.49,0.1146,0.8854,0,critico,3
2905404,Cairu,BA,Nordeste,36.91,43.5,6.59,79.89,0.1147,0.8853,0,critico,1
4305405,Chiapetta,RS,Sul,78.57,78.78,0.21,100.0,0.1147,0.8853,1,critico,3
2908002,Coaraci,BA,Nordeste,37.24,43.8,6.56,75.56,0.1149,0.8851,0,critico,1
2926707,Rio de Contas,BA,Nordeste,50.44,55.31,4.87,89.71,0.1151,0.8849,1,critico,0
4320263,Segredo,RS,Sul,75.0,75.76,0.76,100.0,0.1154,0.8846,1,critico,3
2911303,Gentio do Ouro,BA,Nordeste,45.07,50.71,5.64,90.24,0.1156,0.8844,1,critico,0
4321204,Taquara,RS,Sul,63.93,66.57,2.64,94.56,0.1156,0.8844,0,critico,3
1301951,Itamarati,AM,Norte,70.62,72.11,1.49,76.92,0.1156,0.8844,1,critico,1
2908606,Conde,BA,Nordeste,40.59,46.79,6.2,79.34,0.1157,0.8843,0,critico,1
1303205,Novo Airão,AM,Norte,75.88,76.5,0.62,82.47,0.1161,0.8839,0,critico,3
4302253,Boa Vista do Sul,RS,Sul,73.33,74.36,1.03,88.24,0.1163,0.8837,1,critico,3
2933208,Vera Cruz,BA,Nordeste,39.14,45.5,6.36,82.71,0.1163,0.8837,0,critico,1
4311908,Marcelino Ramos,RS,Sul,73.23,74.28,1.05,92.0,0.1166,0.8834,1,critico,3
2904407,Brejolândia,BA,Nordeste,41.09,47.23,6.14,81.91,0.1167,0.8833,0,critico,1
1508050,Trairão,PA,Norte,70.84,72.29,1.45,78.43,0.1169,0.8831,0,critico,1
2915502,Itajuípe,BA,Nordeste,34.37,41.18,6.81,77.4,0.1172,0.8828,0,critico,1
4308508,Frederico Westphalen,RS,Sul,63.23,65.99,2.76,89.19,0.1176,0.8824,0,critico,3
4309753,Ibarama,RS,Sul,71.02,72.44,1.42,88.57,0.1177,0.8823,0,critico,3
2903953,Bom Jesus da Serra,BA,Nordeste,41.85,47.9,6.05,88.89,0.1181,0.8819,0,critico,0
2910750,Fátima,BA,Nordeste,42.51,48.48,5.97,89.6,0.1183,0.8817,1,critico,0
4310850,Jaboticaba,RS,Sul,85.54,80.0,-5.54,93.33,0.1191,0.8809,0,critico,3
4313441,Novo Tiradentes,RS,Sul,71.43,72.78,1.35,93.33,0.1193,0.8807,0,critico,3
4313375,Nova Santa Rita,RS,Sul,57.28,61.05,3.77,84.07,0.1193,0.8807,1,critico,1
4302501,Bossoroca,RS,Sul,50.0,54.93,4.93,72.73,0.1194,0.8806,0,critico,1
4322558,Vanini,RS,Sul,83.67,80.0,-3.67,96.0,0.1197,0.8803,0,critico,3
2910404,Encruzilhada,BA,Nordeste,41.87,47.92,6.05,81.73,0.1197,0.8803,0,critico,1
1504307,Maracanã,PA,Norte,68.07,69.99,1.92,78.57,0.1205,0.8795,0,critico,1
1302405,Lábrea,AM,Norte,64.34,66.9,2.56,78.27,0.1207,0.8793,0,critico,1
4306924,Engenho Velho,RS,Sul,76.92,77.38,0.46,92.86,0.1207,0.8793,0,critico,3
1720853,Sucupira,TO,Norte,77.59,77.95,0.36,75.68,0.1215,0.8785,0,critico,1
2932903,Valença,BA,Nordeste,31.04,38.08,7.04,81.15,0.1216,0.8784,0,critico,1
4308250,Floriano Peixoto,RS,Sul,85.71,80.0,-5.71,100.0,0.1217,0.8783,0,critico,3
4312757,Nova Alvorada,RS,Sul,90.0,80.0,-10.0,90.91,0.122,0.878,0,critico,2
2917300,Ituberá,BA,Nordeste,44.09,49.86,5.77,88.21,0.122,0.878,0,critico,0
1713601,Monte do Carmo,TO,Norte,69.96,71.56,1.6,84.29,0.122,0.878,0,critico,3
2911204,Gandu,BA,Nordeste,33.26,40.16,6.9,77.96,0.1221,0.8779,1,critico,1
4319711,São Valentim do Sul,RS,Sul,94.12,80.0,-14.12,89.47,0.1228,0.8772,0,critico,2
1505536,Parauapebas,PA,Norte,54.32,58.58,4.26,72.97,0.123,0.877,0,critico,1
4302238,Boa Vista do Incra,RS,Sul,71.3,72.67,1.37,92.0,0.123,0.877,0,critico,3
2901304,Andaraí,BA,Nordeste,44.8,50.48,5.68,85.9,0.1232,0.8768,0,critico,1
2932101,Ubaíra,BA,Nordeste,47.39,52.71,5.32,95.97,0.1232,0.8768,0,critico,0
4320859,Tabaí,RS,Sul,59.69,63.05,3.36,82.14,0.1234,0.8766,0,critico,1
2930766,Sítio do Quinto,BA,Nordeste,44.05,49.83,5.78,86.27,0.1237,0.8763,0,critico,0
4309050,Glorinha,RS,Sul,65.09,67.53,2.44,91.45,0.124,0.876,0,critico,3
4309506,Guarani das Missões,RS,Sul,70.37,71.9,1.53,91.11,0.124,0.876,0,critico,3
2913200,Ibotirama,BA,Nordeste,42.38,48.37,5.99,87.68,0.1248,0.8752,0,critico,0
4314035,Pareci Novo,RS,Sul,73.01,74.1,1.09,93.33,0.125,0.875,0,critico,3
4301875,Barra do Quaraí,RS,Sul,61.01,64.15,3.14,82.76,0.1251,0.8749,0,critico,1
1501402,Belém,PA,Norte,48.22,53.42,5.2,74.16,0.1252,0.8748,0,critico,1
2929107,São Felipe,BA,Nordeste,45.9,51.43,5.53,91.01,0.1254,0.8746,0,critico,0
4318499,São José do Inhacorá,RS,Sul,82.48,80.0,-2.48,96.67,0.1258,0.8742,0,critico,3
2919801,Macaúbas,BA,Nordeste,43.5,49.35,5.85,92.71,0.1262,0.8738,0,critico,0
2902005,Aracatu,BA,Nordeste,41.95,47.99,6.04,91.74,0.1264,0.8736,0,critico,0
2904001,Boninal,BA,Nordeste,45.05,50.69,5.64,93.85,0.1265,0.8735,0,critico,0
2912509,Ibipitanga,BA,Nordeste,44.17,49.93,5.76,88.03,0.1265,0.8735,0,critico,0
4306734,Doutor Maurício Cardoso,RS,Sul,76.88,77.35,0.47,95.92,0.1266,0.8734,0,critico,3
2909307,Correntina,BA,Nordeste,36.71,43.32,6.61,82.86,0.127,0.873,0,critico,1
2918555,Jussari,BA,Nordeste,35.85,42.54,6.69,84.71,0.1273,0.8727,0,critico,0
2909703,Cristópolis,BA,Nordeste,44.52,50.23,5.71,89.02,0.1274,0.8726,0,critico,0
2919207,Lauro de Freitas,BA,Nordeste,29.63,36.74,7.11,79.08,0.1274,0.8726,0,critico,1
2910008,Dário Meira,BA,Nordeste,37.81,44.31,6.5,84.03,0.1284,0.8716,0,critico,1
4310900,Jacutinga,RS,Sul,84.62,80.0,-4.62,100.0,0.1286,0.8714,0,critico,3
4311700,Machadinho,RS,Sul,67.76,69.73,1.97,94.92,0.1287,0.8713,0,critico,3
2907558,Caturama,BA,Nordeste,46.92,52.31,5.39,92.16,0.129,0.871,0,critico,0
2919058,Lajedo do Tabocal,BA,Nordeste,55.06,59.2,4.14,96.49,0.1295,0.8705,0,critico,3
4316709,Santa Bárbara do Sul,RS,Sul,66.04,68.31,2.27,89.61,0.1295,0.8705,0,critico,3
4321626,Travesseiro,RS,Sul,87.67,80.0,-7.67,96.0,0.1295,0.8705,0,critico,2
1507755,Sapucaia,PA,Norte,79.88,79.9,0.02,83.93,0.1296,0.8704,0,critico,3
4323606,Vista Alegre do Prata,RS,Sul,95.03,80.0,-15.03,90.48,0.1298,0.8702,1,critico,2
2916104,Itaparica,BA,Nordeste,38.25,44.71,6.46,79.34,0.13,0.87,0,critico,1
4302006,Barros Cassal,RS,Sul,51.05,55.82,4.77,72.73,0.1301,0.8699,0,critico,1
4321709,Três Coroas,RS,Sul,55.48,59.55,4.07,82.42,0.1313,0.8687,0,critico,1
4306056,Cristal,RS,Sul,66.3,68.53,2.23,94.74,0.1318,0.8682,1,critico,3
2917508,Jacobina,BA,Nordeste,30.73,37.79,7.06,80.73,0.1328,0.8672,0,critico,1
4320230,Sede Nova,RS,Sul,85.29,80.0,-5.29,100.0,0.1332,0.8668,0,critico,3
2925907,Quijingue,BA,Nordeste,38.46,44.9,6.44,84.56,0.1332,0.8668,0,critico,1
2922755,Nova Ibiá,BA,Nordeste,50.34,55.22,4.88,86.0,0.1332,0.8668,0,critico,1
4300109,Agudo,RS,Sul,56.12,60.08,3.96,82.69,0.1343,0.8657,0,critico,1
4303707,Campina das Missões,RS,Sul,91.99,80.0,-11.99,95.38,0.1344,0.8656,0,critico,2
2907301,Castro Alves,BA,Nordeste,44.01,49.79,5.78,91.86,0.1344,0.8656,0,critico,0
4319752,São Vendelino,RS,Sul,100.0,80.0,-20.0,93.75,0.1344,0.8656,0,critico,2
4316733,Santa Cecília do Sul,RS,Sul,75.0,75.76,0.76,94.12,0.1345,0.8655,0,critico,3
4305439,Chuí,RS,Sul,50.0,54.93,4.93,75.0,0.1346,0.8654,0,critico,1
2914901,Itacaré,BA,Nordeste,32.32,39.28,6.96,77.57,0.1348,0.8652,0,critico,1
4315354,Quinze de Novembro,RS,Sul,68.89,70.67,1.78,96.55,0.1349,0.8651,1,critico,3
2923407,Palmas de Monte Alto,BA,Nordeste,45.51,51.09,5.58,94.22,0.1349,0.8651,0,critico,0
1300102,Anori,AM,Norte,75.99,76.6,0.61,93.27,0.135,0.865,1,critico,3
2916856,Itatim,BA,Nordeste,51.6,56.29,4.69,96.04,0.1352,0.8648,0,critico,0
4302220,Boa Vista do Cadeado,RS,Sul,71.42,72.77,1.35,90.32,0.1356,0.8644,0,critico,3
2902609,Baixa Grande,BA,Nordeste,36.29,42.94,6.65,79.89,0.1356,0.8644,0,critico,1
2923605,Paramirim,BA,Nordeste,46.89,52.28,5.39,93.2,0.1357,0.8643,0,critico,0
4322855,Vespasiano Corrêa,RS,Sul,81.25,80.0,-1.25,94.12,0.1358,0.8642,0,critico,3
4310504,Iraí,RS,Sul,67.21,69.28,2.07,92.59,0.1358,0.8642,0,critico,3
2903706,Boa Nova,BA,Nordeste,44.22,49.97,5.75,91.72,0.1359,0.8641,0,critico,0
4307864,Fagundes Varela,RS,Sul,92.86,80.0,-12.86,100.0,0.1361,0.8639,0,critico,2
2932002,Uauá,BA,Nordeste,44.93,50.59,5.66,89.52,0.1361,0.8639,0,critico,0
4300570,Alto Feliz,RS,Sul,72.7,73.84,1.14,83.87,0.1365,0.8635,0,critico,3
4307302,Erval Seco,RS,Sul,67.41,69.44,2.03,98.21,0.1369,0.8631,0,critico,3
2928901,São Desidério,BA,Nordeste,44.69,50.38,5.69,90.58,0.137,0.863,1,critico,0
4305975,Coxilha,RS,Sul,63.41,66.14,2.73,83.33,0.1371,0.8629,0,critico,1
2927200,Ruy Barbosa,BA,Nordeste,38.25,44.71,6.46,88.3,0.1371,0.8629,0,critico,0
2902807,Barra da Estiva,BA,Nordeste,47.58,52.87,5.29,93.96,0.1374,0.8626,0,critico,0
4304002,Campo Novo,RS,Sul,62.91,65.72,2.81,90.48,0.1374,0.8626,0,critico,3
4321352,Tavares,RS,Sul,65.7,68.03,2.33,90.24,0.1376,0.8624,0,critico,3
2900702,Alagoinhas,BA,Nordeste,33.57,40.44,6.87,86.23,0.1377,0.8623,0,critico,0
2919504,Livramento de Nossa Senhora,BA,Nordeste,38.43,44.87,6.44,88.21,0.1378,0.8622,0,critico,0
2906899,Caraíbas,BA,Nordeste,46.59,52.02,5.43,94.02,0.1379,0.8621,0,critico,0
4317954,Santo Expedito do Sul,RS,Sul,100.0,80.0,-20.0,100.0,0.1385,0.8615,0,critico,2
2902708,Barra,BA,Nordeste,26.84,34.04,7.2,76.95,0.1386,0.8614,0,critico,1
1302900,Maués,AM,Norte,53.17,57.61,4.44,78.48,0.1388,0.8612,0,critico,1
2902500,Baianópolis,BA,Nordeste,39.85,46.14,6.29,90.48,0.1397,0.8603,0,critico,0
2923209,Oliveira dos Brejinhos,BA,Nordeste,38.11,44.58,6.47,87.41,0.14,0.86,0,critico,0
2411502,Santo Antônio,RN,Nordeste,66.5,68.69,2.19,80.3,0.1402,0.8598,0,critico,1
4305587,Colinas,RS,Sul,86.88,80.0,-6.88,96.77,0.1405,0.8595,0,critico,2
1508159,Uruará,PA,Norte,65.52,67.88,2.36,77.41,0.1407,0.8593,0,critico,1
2933174,Varzedo,BA,Nordeste,44.14,49.91,5.77,86.46,0.1412,0.8588,0,critico,0
4312500,Mostardas,RS,Sul,51.38,56.1,4.72,78.29,0.1414,0.8586,0,critico,1
2903805,Boa Vista do Tupim,BA,Nordeste,33.4,40.29,6.89,84.66,0.1415,0.8585,0,critico,0
4323309,Vila Flores,RS,Sul,90.54,80.0,-10.54,95.45,0.1415,0.8585,0,critico,2
2920106,Mairi,BA,Nordeste,40.81,46.99,6.18,92.47,0.1416,0.8584,0,critico,0
2411601,São Bento do Norte,RN,Nordeste,57.76,61.45,3.69,73.91,0.1421,0.8579,0,critico,1
4314472,Pinhal Grande,RS,Sul,63.64,66.33,2.69,84.62,0.1424,0.8576,0,critico,1
2904803,Caatiba,BA,Nordeste,48.46,53.62,5.16,95.45,0.1427,0.8573,0,critico,0
2906709,Cândido Sales,BA,Nordeste,38.1,44.57,6.47,81.57,0.1427,0.8573,0,critico,1
2911402,Glória,BA,Nordeste,35.91,42.59,6.68,85.42,0.1434,0.8566,0,critico,0
2904100,Boquira,BA,Nordeste,39.47,45.8,6.33,93.53,0.1435,0.8565,0,critico,0
4315313,Quatro Irmãos,RS,Sul,52.94,57.42,4.48,73.91,0.1444,0.8556,0,critico,1
2900355,Adustina,BA,Nordeste,44.68,50.37,5.69,97.1,0.1446,0.8554,0,critico,0
2916807,Itarantim,BA,Nordeste,38.17,44.64,6.47,87.5,0.1448,0.8552,0,critico,0
2412005,São Gonçalo do Amarante,RN,Nordeste,52.34,56.91,4.57,73.26,0.1448,0.8552,0,critico,1
4302709,Butiá,RS,Sul,51.25,55.99,4.74,77.66,0.1448,0.8552,0,critico,1
2906907,Caravelas,BA,Nordeste,40.91,47.08,6.17,86.43,0.1451,0.8549,1,critico,0
2923506,Palmeiras,BA,Nordeste,43.73,49.55,5.82,92.23,0.1455,0.8545,0,critico,0
4315073,Porto Vera Cruz,RS,Sul,63.16,65.93,2.77,90.48,0.1455,0.8545,1,critico,3
4314605,Piratini,RS,Sul,60.04,63.34,3.3,90.91,0.146,0.854,0,critico,3
2932705,Uruçuca,BA,Nordeste,30.01,37.1,7.09,73.68,0.1462,0.8538,0,critico,1
2916609,Itapitanga,BA,Nordeste,31.02,38.06,7.04,75.95,0.1467,0.8533,0,critico,1
4312203,Maximiliano de Almeida,RS,Sul,93.75,80.0,-13.75,100.0,0.1481,0.8519,0,critico,2
2403251,Parnamirim,RN,Nordeste,44.3,50.04,5.74,72.65,0.1484,0.8516,0,critico,1
2918407,Juazeiro,BA,Nordeste,31.18,38.21,7.03,87.69,0.1486,0.8514,0,critico,0
1504422,Marituba,PA,Norte,57.34,61.1,3.76,79.2,0.1488,0.8512,0,critico,1
4313003,Nova Bréscia,RS,Sul,77.31,77.71,0.4,94.29,0.1488,0.8512,1,critico,3
4318200,São Francisco de Paula,RS,Sul,56.8,60.65,3.85,88.6,0.1488,0.8512,0,critico,0
2924900,Planaltino,BA,Nordeste,53.78,58.12,4.34,97.18,0.1493,0.8507,0,critico,3
4323358,Vila Lângaro,RS,Sul,71.21,72.6,1.39,93.1,0.1496,0.8504,0,critico,3
4319372,São Pedro do Butiá,RS,Sul,85.71,80.0,-5.71,100.0,0.15,0.85,0,critico,2
2903904,Bom Jesus da Lapa,BA,Nordeste,33.88,40.73,6.85,86.56,0.1501,0.8499,0,critico,0
2504801,Coremas,PB,Nordeste,67.07,69.16,2.09,74.65,0.1501,0.8499,0,critico,1
2806701,São Cristóvão,SE,Nordeste,55.87,59.87,4.0,88.32,0.1502,0.8498,1,critico,3
2901205,Anagé,BA,Nordeste,36.54,43.17,6.63,86.41,0.1507,0.8493,0,critico,0
1501725,Brasil Novo,PA,Norte,73.21,74.26,1.05,85.0,0.1509,0.8491,1,critico,3
2903276,Barrocas,BA,Nordeste,42.08,48.11,6.03,87.31,0.151,0.849,0,critico,0
4315503,Restinga Sêca,RS,Sul,45.49,51.07,5.58,79.21,0.1516,0.8484,0,critico,1
2922201,Muniz Ferreira,BA,Nordeste,45.91,51.44,5.53,95.59,0.1526,0.8474,0,critico,0
1600154,Pedra Branca do Amapari,AP,Norte,66.25,68.48,2.23,87.68,0.1531,0.8469,0,critico,3
2407807,Monte Alegre,RN,Nordeste,59.18,62.63,3.45,81.42,0.1537,0.8463,0,critico,1
4308854,Gentil,RS,Sul,94.44,80.0,-14.44,90.0,0.1545,0.8455,1,critico,2
2933505,Wenceslau Guimarães,BA,Nordeste,38.38,44.82,6.44,86.85,0.1549,0.8451,0,critico,0
1300706,Boca do Acre,AM,Norte,59.09,62.56,3.47,81.59,0.1556,0.8444,0,critico,1
2924306,Piatã,BA,Nordeste,42.2,48.21,6.01,90.61,0.1558,0.8442,0,critico,0
2927002,Rio Real,BA,Nordeste,40.97,47.13,6.16,91.77,0.157,0.843,0,critico,0
4321006,Tapera,RS,Sul,61.35,64.43,3.08,88.89,0.1574,0.8426,1,critico,3
1712157,Lavandeira,TO,Norte,69.23,70.95,1.72,76.47,0.1574,0.8426,0,critico,1
4307450,Esperança do Sul,RS,Sul,97.22,80.0,-17.22,94.87,0.1575,0.8425,1,critico,2
2413607,Severiano Melo,RN,Nordeste,71.63,72.95,1.32,81.82,0.1576,0.8424,0,critico,1
2905602,Camacan,BA,Nordeste,34.0,40.84,6.84,80.95,0.1578,0.8422,0,critico,1
2921708,Morro do Chapéu,BA,Nordeste,36.21,42.87,6.66,88.22,0.1583,0.8417,0,critico,0
1505502,Paragominas,PA,Norte,62.45,65.34,2.89,83.27,0.1585,0.8415,0,critico,1
2925501,Prado,BA,Nordeste,34.88,41.65,6.77,83.04,0.1586,0.8414,0,critico,1
4311502,Lavras do Sul,RS,Sul,57.89,61.56,3.67,85.45,0.1589,0.8411,0,critico,1
2921054,Matina,BA,Nordeste,41.7,47.77,6.07,90.0,0.1591,0.8409,0,critico,0
4316204,Rondinha,RS,Sul,87.52,80.0,-7.52,94.74,0.1599,0.8401,0,critico,2
2922607,Nilo Peçanha,BA,Nordeste,36.06,42.73,6.67,86.02,0.1611,0.8389,1,critico,0
2919553,Luís Eduardo Magalhães,BA,Nordeste,29.41,36.53,7.12,83.37,0.1614,0.8386,0,critico,0
2924801,Piritiba,BA,Nordeste,43.07,48.97,5.9,90.8,0.1614,0.8386,0,critico,0
2909406,Cotegipe,BA,Nordeste,40.77,46.95,6.18,86.96,0.1616,0.8384,0,critico,0
4306320,Derrubadas,RS,Sul,49.71,54.69,4.98,82.76,0.1623,0.8377,1,critico,1
4301701,Barão de Cotegipe,RS,Sul,92.23,80.0,-12.23,90.91,0.1626,0.8374,0,critico,2
4302907,Cacequi,RS,Sul,50.76,55.58,4.82,81.82,0.1629,0.8371,0,critico,1
2906105,Canápolis,BA,Nordeste,37.3,43.85,6.55,84.15,0.1633,0.8367,0,critico,1
4314159,Paverama,RS,Sul,63.58,66.28,2.7,94.29,0.1634,0.8366,0,critico,3
2925006,Planalto,BA,Nordeste,40.09,46.35,6.26,89.84,0.1651,0.8349,0,critico,0
4310462,Ipiranga do Sul,RS,Sul,82.35,80.0,-2.35,94.44,0.1652,0.8348,0,critico,3
1503606,Itaituba,PA,Norte,61.0,64.14,3.14,82.43,0.1652,0.8348,0,critico,1
1506807,Santarém,PA,Norte,54.92,59.08,4.16,81.79,0.1654,0.8346,0,critico,1
4312179,Mato Queimado,RS,Sul,88.24,80.0,-8.24,94.44,0.1654,0.8346,0,critico,2
4317558,Santo Antônio do Palma,RS,Sul,72.22,73.44,1.22,90.0,0.1655,0.8345,0,critico,3
1505031,Novo Progresso,PA,Norte,61.43,64.5,3.07,76.29,0.1657,0.8343,0,critico,1
2512903,Rio Tinto,PB,Nordeste,77.84,78.16,0.32,83.84,0.167,0.833,0,critico,3
2902658,Banzaê,BA,Nordeste,40.8,46.98,6.18,90.76,0.1675,0.8325,0,critico,0
2931301,Tapiramutá,BA,Nordeste,33.06,39.97,6.91,85.89,0.1675,0.8325,1,critico,0
2403608,Extremoz,RN,Nordeste,48.0,53.23,5.23,72.48,0.1682,0.8318,0,critico,1
2920403,Manoel Vitorino,BA,Nordeste,39.54,45.86,6.32,92.81,0.1685,0.8315,0,critico,0
4318507,São José do Norte,RS,Sul,53.9,58.23,4.33,87.55,0.1689,0.8311,0,critico,0
2407708,Montanhas,RN,Nordeste,58.69,62.22,3.53,83.44,0.169,0.831,0,critico,1
2926608,Ribeira do Pombal,BA,Nordeste,34.39,41.2,6.81,87.69,0.1691,0.8309,0,critico,0
2932408,Uibaí,BA,Nordeste,33.09,40.0,6.91,84.47,0.1698,0.8302,0,critico,0
2508554,Logradouro,PB,Nordeste,80.75,80.0,-0.75,77.78,0.17,0.83,1,critico,1
1502152,Canaã dos Carajás,PA,Norte,62.1,65.05,2.95,78.23,0.1704,0.8296,1,critico,1
2904050,Bonito,BA,Nordeste,40.18,46.43,6.25,92.51,0.1705,0.8295,0,critico,0
2915205,Itagibá,BA,Nordeste,36.92,43.51,6.59,92.25,0.1725,0.8275,1,critico,0
4313706,Palmeira das Missões,RS,Sul,48.72,53.85,5.13,83.8,0.1725,0.8275,0,critico,1
4306551,Dom Pedro de Alcântara,RS,Sul,95.45,80.0,-15.45,100.0,0.1728,0.8272,0,critico,2
2404853,Itajá,RN,Nordeste,56.95,60.78,3.83,80.0,0.1729,0.8271,0,critico,1
2901106,Amélia Rodrigues,BA,Nordeste,37.49,44.02,6.53,88.68,0.173,0.827,1,critico,0
2928802,Santo Estêvão,BA,Nordeste,32.65,39.59,6.94,85.85,0.174,0.826,0,critico,0
2414803,Vera Cruz,RN,Nordeste,58.73,62.26,3.53,81.33,0.1742,0.8258,0,critico,1
2909109,Coribe,BA,Nordeste,47.33,52.66,5.33,97.44,0.1747,0.8253,0,critico,0
1507979,Terra Santa,PA,Norte,70.72,72.19,1.47,89.78,0.1752,0.8248,0,critico,3
2914406,Iraquara,BA,Nordeste,38.87,45.26,6.39,89.08,0.1762,0.8238,0,critico,0
2911600,Governador Mangabeira,BA,Nordeste,36.92,43.51,6.59,83.97,0.1763,0.8237,0,critico,1
2915106,Itagi,BA,Nordeste,37.75,44.26,6.51,90.53,0.1765,0.8235,0,critico,0
4320503,Sertão,RS,Sul,59.81,63.15,3.34,92.59,0.1768,0.8232,0,critico,3
4313011,Nova Candelária,RS,Sul,90.91,80.0,-10.91,97.06,0.1769,0.8231,0,critico,2
2928109,Santa Maria da Vitória,BA,Nordeste,32.33,39.29,6.96,88.11,0.1769,0.8231,0,critico,0
2919306,Lençóis,BA,Nordeste,36.17,42.83,6.66,89.8,0.1779,0.8221,0,critico,0
4311239,Lagoa Bonita do Sul,RS,Sul,70.83,72.28,1.45,96.3,0.1785,0.8215,0,critico,3
2912905,Ibirataia,BA,Nordeste,32.79,39.72,6.93,82.2,0.1794,0.8206,0,critico,1
4314175,Pedras Altas,RS,Sul,64.71,67.21,2.5,89.47,0.1803,0.8197,0,critico,3
3304201,Resende,RJ,Sudeste,68.62,70.45,1.83,81.23,0.1807,0.8193,1,critico,1
1506187,Rondon do Pará,PA,Norte,60.17,63.45,3.28,83.3,0.1807,0.8193,1,critico,1
1504208,Marabá,PA,Norte,51.46,56.17,4.71,78.36,0.1819,0.8181,0,critico,1
1700350,Aliança do Tocantins,TO,Norte,95.52,80.0,-15.52,77.14,0.182,0.818,0,critico,2
1300144,Apuí,AM,Norte,56.79,60.64,3.85,79.19,0.1833,0.8167,0,critico,1
4300661,André da Rocha,RS,Sul,68.75,70.55,1.8,100.0,0.1835,0.8165,0,critico,3
2926905,Rio do Pires,BA,Nordeste,36.5,43.13,6.63,91.38,0.1836,0.8164,0,critico,0
1600535,Porto Grande,AP,Norte,65.21,67.62,2.41,84.36,0.1837,0.8163,1,critico,3
1502202,Capanema,PA,Norte,62.0,64.97,2.97,86.54,0.1841,0.8159,0,critico,3
2926400,Riacho de Santana,BA,Nordeste,42.15,48.17,6.02,91.2,0.1846,0.8154,1,critico,0
4310009,Ibirubá,RS,Sul,59.96,63.28,3.32,92.31,0.1848,0.8152,0,critico,3
4310413,Inhacorá,RS,Sul,62.65,65.51,2.86,88.89,0.1858,0.8142,0,critico,3
4300646,Ametista do Sul,RS,Sul,48.98,54.07,5.09,84.34,0.1859,0.8141,1,critico,1
1300201,Atalaia do Norte,AM,Norte,54.2,58.48,4.28,74.13,0.1861,0.8139,1,critico,1
4319208,São Nicolau,RS,Sul,57.89,61.56,3.67,90.48,0.1865,0.8135,0,critico,3
2402709,Cerro Corá,RN,Nordeste,60.42,63.66,3.24,77.97,0.187,0.813,0,critico,1
2914000,Ipirá,BA,Nordeste,29.98,37.07,7.09,84.29,0.1873,0.8127,0,critico,0
2932309,Ubatã,BA,Nordeste,31.43,38.45,7.02,80.27,0.1881,0.8119,1,critico,1
2402402,Carnaúba dos Dantas,RN,Nordeste,65.52,67.88,2.36,91.3,0.1896,0.8104,0,critico,3
2927903,Santa Inês,BA,Nordeste,47.34,52.67,5.33,96.3,0.1898,0.8102,0,critico,0
2901809,Antônio Gonçalves,BA,Nordeste,32.58,39.52,6.94,81.25,0.1901,0.8099,0,critico,1
4312005,Mariano Moro,RS,Sul,94.12,80.0,-14.12,100.0,0.1904,0.8096,0,critico,2
4111001,Itambaracá,PR,Sul,79.12,79.25,0.13,78.18,0.1907,0.8093,1,critico,1
3304557,Rio de Janeiro,RJ,Sudeste,56.19,60.14,3.95,82.26,0.1912,0.8088,1,critico,1
1506559,Santa Luzia do Pará,PA,Norte,56.45,60.36,3.91,76.04,0.1913,0.8087,0,critico,1
1505064,Novo Repartimento,PA,Norte,55.6,59.65,4.05,84.26,0.1913,0.8087,0,critico,1
2931202,Taperoá,BA,Nordeste,38.83,45.23,6.4,94.92,0.1922,0.8078,1,critico,0
1708205,Formoso do Araguaia,TO,Norte,63.68,66.36,2.68,81.18,0.1922,0.8078,0,critico,1
2902054,Araçás,BA,Nordeste,36.67,43.28,6.61,92.79,0.1925,0.8075,0,critico,0
2901353,Andorinha,BA,Nordeste,32.96,39.88,6.92,83.06,0.1926,0.8074,0,critico,1
2930600,Serrolândia,BA,Nordeste,32.84,39.77,6.93,82.22,0.1926,0.8074,0,critico,1
4106902,Curitiba,PR,Sul,70.41,71.93,1.52,79.42,0.1929,0.8071,0,critico,1
2915304,Itagimirim,BA,Nordeste,32.81,39.74,6.93,84.3,0.1932,0.8068,0,critico,0
4322343,Ubiretama,RS,Sul,100.0,80.0,-20.0,100.0,0.1933,0.8067,0,critico,2
4312955,Nova Boa Vista,RS,Sul,100.0,80.0,-20.0,95.45,0.1937,0.8063,0,critico,2
1501576,Bom Jesus do Tocantins,PA,Norte,58.11,61.74,3.63,81.68,0.1938,0.8062,0,critico,1
2924652,Pintadas,BA,Nordeste,44.93,50.59,5.66,100.0,0.1939,0.8061,1,critico,0
1301852,Iranduba,AM,Norte,45.23,50.85,5.62,70.07,0.1939,0.8061,0,critico,1
2413003,São Vicente,RN,Nordeste,62.96,65.76,2.8,90.0,0.194,0.806,0,critico,3
2921500,Monte Santo,BA,Nordeste,30.9,37.95,7.05,85.11,0.1943,0.8057,0,critico,0
2924009,Paulo Afonso,BA,Nordeste,24.79,32.01,7.22,77.28,0.1945,0.8055,0,critico,1
2933604,Xique-Xique,BA,Nordeste,31.02,38.06,7.04,85.19,0.1952,0.8048,0,critico,0
2932804,Utinga,BA,Nordeste,33.84,40.69,6.85,89.4,0.1953,0.8047,0,critico,0
2903003,Barra do Mendes,BA,Nordeste,39.25,45.6,6.35,95.08,0.1958,0.8042,0,critico,0
2901502,Anguera,BA,Nordeste,38.74,45.15,6.41,94.17,0.1958,0.8042,1,critico,0
1300060,Amaturá,AM,Norte,62.67,65.52,2.85,85.53,0.1967,0.8033,0,critico,1
4312476,Morro Reuter,RS,Sul,51.54,56.24,4.7,80.0,0.1967,0.8033,1,critico,1
2908903,Coração de Maria,BA,Nordeste,30.95,37.99,7.04,83.23,0.1967,0.8033,0,critico,1
2410256,Porto do Mangue,RN,Nordeste,58.35,61.94,3.59,80.0,0.1967,0.8033,0,critico,1
1303700,Santo Antônio do Içá,AM,Norte,59.68,63.05,3.37,84.93,0.1973,0.8027,0,critico,1
4302600,Braga,RS,Sul,40.0,46.27,6.27,71.43,0.1978,0.8022,0,critico,1
4322376,Unistalda,RS,Sul,58.82,62.33,3.51,85.0,0.1979,0.8021,0,critico,1
2901700,Antônio Cardoso,BA,Nordeste,33.89,40.74,6.85,83.54,0.1981,0.8019,0,critico,1
1301654,Guajará,AM,Norte,61.86,64.85,2.99,86.19,0.1991,0.8009,0,critico,1
2902906,Barra do Choça,BA,Nordeste,36.09,42.76,6.67,91.89,0.1995,0.8005,0,critico,0
4305603,Colorado,RS,Sul,63.64,66.33,2.69,100.0,0.1996,0.8004,1,critico,3
2511905,Pitimbu,PB,Nordeste,75.96,76.57,0.61,84.87,0.2,0.8,0,critico,3
1302553,Manaquiri,AM,Norte,47.0,52.37,5.37,70.0,0.2006,0.7994,0,critico,1
2913705,Inhambupe,BA,Nordeste,29.49,36.61,7.12,84.27,0.2011,0.7989,0,critico,0
2803005,Itabaianinha,SE,Nordeste,59.05,62.52,3.47,95.27,0.2011,0.7989,0,critico,3
2916906,Itiruçu,BA,Nordeste,32.86,39.79,6.93,87.18,0.202,0.798,0,critico,0
1302702,Manicoré,AM,Norte,51.77,56.43,4.66,81.19,0.2023,0.7977,1,critico,1
2917359,Jaborandi,BA,Nordeste,40.89,47.06,6.17,90.24,0.2024,0.7976,0,critico,0
4312609,Muçum,RS,Sul,50.88,55.68,4.8,79.07,0.2031,0.7969,0,critico,1
2921906,Mucugê,BA,Nordeste,41.65,47.73,6.08,91.46,0.2031,0.7969,0,critico,0
2701100,Branquinha,AL,Nordeste,76.44,76.97,0.53,96.61,0.2034,0.7966,1,critico,3
1508084,Tucumã,PA,Norte,58.8,62.31,3.51,82.49,0.2043,0.7957,0,critico,1
4318606,São José do Ouro,RS,Sul,62.54,65.42,2.88,89.47,0.2044,0.7956,0,critico,3
4119905,Ponta Grossa,PR,Sul,75.79,76.43,0.64,85.17,0.2048,0.7952,0,critico,3
1505908,Porto de Moz,PA,Norte,72.52,73.69,1.17,92.89,0.2051,0.7949,1,critico,3
2901403,Angical,BA,Nordeste,38.05,44.53,6.48,92.16,0.2059,0.7941,0,critico,0
2921302,Milagres,BA,Nordeste,33.87,40.72,6.85,87.04,0.207,0.793,1,critico,0
2914653,Itabela,BA,Nordeste,31.1,38.14,7.04,86.79,0.2075,0.7925,0,critico,0
1718204,Porto Nacional,TO,Norte,56.8,60.65,3.85,81.81,0.2079,0.7921,0,critico,1
3302403,Macaé,RJ,Sudeste,59.86,63.19,3.33,78.12,0.2087,0.7913,0,critico,1
4323457,Vila Nova do Sul,RS,Sul,49.03,54.11,5.08,82.22,0.2087,0.7913,0,critico,1
2931905,Tucano,BA,Nordeste,28.98,36.12,7.14,82.45,0.2087,0.7913,0,critico,1
2201606,Beneditinos,PI,Nordeste,77.58,77.94,0.36,89.87,0.2088,0.7912,0,critico,3
2903300,Barro Preto,BA,Nordeste,39.29,45.64,6.35,93.9,0.209,0.791,0,critico,0
2508208,Lagoa de Dentro,PB,Nordeste,67.61,69.61,2.0,76.06,0.2092,0.7908,0,critico,1
2924603,Pindobaçu,BA,Nordeste,34.17,41.0,6.83,89.66,0.2093,0.7907,0,critico,0
2923308,Ouriçangas,BA,Nordeste,35.94,42.62,6.68,87.64,0.2095,0.7905,1,critico,0
2930501,Serrinha,BA,Nordeste,25.2,32.42,7.22,80.97,0.2097,0.7903,0,critico,1
1502954,Eldorado do Carajás,PA,Norte,52.88,57.37,4.49,74.94,0.2105,0.7895,0,critico,1
2930907,Tabocas do Brejo Velho,BA,Nordeste,35.84,42.53,6.69,89.43,0.2107,0.7893,1,critico,0
2929354,São José da Vitória,BA,Nordeste,31.3,38.32,7.02,82.35,0.2108,0.7892,0,critico,1
2204006,Francinópolis,PI,Nordeste,77.97,78.27,0.3,96.77,0.2109,0.7891,1,critico,3
2922854,Nova Redenção,BA,Nordeste,31.91,38.9,6.99,85.0,0.2109,0.7891,0,critico,0
2912707,Ibirapitanga,BA,Nordeste,31.23,38.26,7.03,85.77,0.211,0.789,0,critico,0
2708303,São José da Laje,AL,Nordeste,79.22,79.33,0.11,96.98,0.212,0.788,1,critico,3
1303007,Nhamundá,AM,Norte,64.67,67.18,2.51,89.66,0.2122,0.7878,0,critico,3
1300409,Barcelos,AM,Norte,48.61,53.75,5.14,75.73,0.2123,0.7877,0,critico,1
1508126,Ulianópolis,PA,Norte,61.76,64.77,3.01,90.15,0.2124,0.7876,0,critico,3
2932200,Ubaitaba,BA,Nordeste,29.79,36.89,7.1,85.64,0.2144,0.7856,0,critico,0
2901155,América Dourada,BA,Nordeste,32.19,39.16,6.97,89.96,0.2148,0.7852,1,critico,0
2806107,Rosário do Catete,SE,Nordeste,39.18,45.54,6.36,83.62,0.215,0.785,0,critico,1
2905107,Caém,BA,Nordeste,35.37,42.1,6.73,94.23,0.2151,0.7849,0,critico,0
2108801,Pirapemas,MA,Nordeste,83.02,80.0,-3.02,84.91,0.2154,0.7846,0,critico,3
2918100,Jeremoabo,BA,Nordeste,27.04,34.24,7.2,82.06,0.2155,0.7845,0,critico,1
4104808,Cascavel,PR,Sul,80.11,80.0,-0.11,84.77,0.2159,0.7841,0,critico,3
2923100,Olindina,BA,Nordeste,34.5,41.3,6.8,89.13,0.2159,0.7841,0,critico,0
1505635,Piçarra,PA,Norte,58.29,61.89,3.6,80.7,0.2159,0.7841,0,critico,1
2503506,Cacimba de Dentro,PB,Nordeste,79.49,79.56,0.07,90.36,0.216,0.784,0,critico,3
4115200,Maringá,PR,Sul,80.49,80.0,-0.49,86.64,0.216,0.784,0,critico,3
2917805,Jaguaripe,BA,Nordeste,25.85,33.07,7.22,79.14,0.2161,0.7839,1,critico,1
1303106,Nova Olinda do Norte,AM,Norte,51.39,56.11,4.72,76.11,0.2163,0.7837,0,critico,1
1506708,Santana do Araguaia,PA,Norte,54.53,58.75,4.22,81.08,0.218,0.782,0,critico,1
1502939,Dom Eliseu,PA,Norte,59.32,62.75,3.43,89.39,0.2182,0.7818,1,critico,3
1501303,Barcarena,PA,Norte,46.55,51.99,5.44,77.99,0.2183,0.7817,0,critico,1
2913804,Ipecaetá,BA,Nordeste,34.83,41.61,6.78,89.89,0.2185,0.7815,1,critico,0
1303403,Parintins,AM,Norte,51.88,56.53,4.65,84.63,0.2186,0.7814,0,critico,1
4307054,Ernestina,RS,Sul,61.92,64.9,2.98,97.37,0.2191,0.7809,0,critico,3
1716109,Paraíso do Tocantins,TO,Norte,60.56,63.78,3.22,85.51,0.2191,0.7809,0,critico,1
3527108,Lins,SP,Sudeste,74.25,75.13,0.88,86.14,0.2193,0.7807,1,critico,3
1506195,Rurópolis,PA,Norte,57.97,61.62,3.65,87.71,0.2193,0.7807,0,critico,1
1500131,Abel Figueiredo,PA,Norte,59.81,63.15,3.34,79.83,0.2209,0.7791,0,critico,1
2908507,Conceição do Jacuípe,BA,Nordeste,34.3,41.12,6.82,90.17,0.2215,0.7785,0,critico,0
2111201,São José de Ribamar,MA,Nordeste,62.27,65.19,2.92,81.04,0.2216,0.7784,0,critico,1
4308458,Fortaleza dos Valos,RS,Sul,100.0,80.0,-20.0,100.0,0.2218,0.7782,0,critico,2
2907905,Cipó,BA,Nordeste,27.9,35.07,7.17,83.1,0.2232,0.7768,0,critico,0
1600238,Ferreira Gomes,AP,Norte,73.43,74.45,1.02,93.6,0.2232,0.7768,1,critico,3
4311270,Lagoa dos Três Cantos,RS,Sul,61.9,64.89,2.99,87.5,0.2236,0.7764,0,critico,3
2909901,Curaçá,BA,Nordeste,29.66,36.77,7.11,87.76,0.2241,0.7759,0,critico,0
2929255,São Gabriel,BA,Nordeste,33.19,40.09,6.9,90.05,0.2243,0.7757,0,critico,0
2104701,Graça Aranha,MA,Nordeste,72.78,73.9,1.12,84.13,0.2243,0.7757,1,critico,3
4321634,Três Arroios,RS,Sul,100.0,80.0,-20.0,100.0,0.2247,0.7753,0,critico,2
1504802,Monte Alegre,PA,Norte,53.95,58.27,4.32,82.06,0.2247,0.7753,0,critico,1
4125506,São José dos Pinhais,PR,Sul,67.19,69.26,2.07,78.98,0.2247,0.7753,0,critico,1
2929008,São Félix,BA,Nordeste,32.07,39.05,6.98,81.55,0.2263,0.7737,0,critico,1
3303401,Nova Friburgo,RJ,Sudeste,65.29,67.69,2.4,82.36,0.2265,0.7735,1,critico,1
2516003,Solânea,PB,Nordeste,78.56,78.77,0.21,88.57,0.2268,0.7732,0,critico,3
2906303,Canavieiras,BA,Nordeste,28.98,36.12,7.14,84.7,0.2273,0.7727,0,critico,0
4302378,Bom Progresso,RS,Sul,56.25,60.19,3.94,84.21,0.2278,0.7722,1,critico,1
2933158,Várzea Nova,BA,Nordeste,32.8,39.73,6.93,88.96,0.2278,0.7722,0,critico,0
2907608,Central,BA,Nordeste,30.85,37.9,7.05,85.58,0.2284,0.7716,0,critico,0
2107704,Paraibano,MA,Nordeste,78.85,79.02,0.17,87.23,0.2285,0.7715,0,critico,3
2929206,São Francisco do Conde,BA,Nordeste,30.02,37.11,7.09,85.78,0.2286,0.7714,0,critico,0
4118501,Pato Branco,PR,Sul,78.22,78.48,0.26,87.04,0.2292,0.7708,0,critico,3
4316402,Rosário do Sul,RS,Sul,35.19,41.94,6.75,74.42,0.2294,0.7706,0,critico,1
1301902,Itacoatiara,AM,Norte,46.31,51.78,5.47,79.35,0.2295,0.7705,0,critico,1
1304302,Urucará,AM,Norte,57.02,60.83,3.81,87.37,0.2308,0.7692,1,critico,1
2410900,Riachuelo,RN,Nordeste,41.04,47.19,6.15,70.59,0.2308,0.7692,0,critico,1
4311791,Maratá,RS,Sul,67.82,69.78,1.96,96.55,0.2308,0.7692,0,critico,3
2922656,Nordestina,BA,Nordeste,31.25,38.28,7.03,87.97,0.2313,0.7687,0,critico,0
2933059,Várzea da Roça,BA,Nordeste,32.58,39.52,6.94,88.7,0.2314,0.7686,0,critico,0
2916500,Itapicuru,BA,Nordeste,28.08,35.25,7.17,84.21,0.2321,0.7679,1,critico,0
2105427,Itinga do Maranhão,MA,Nordeste,79.92,79.93,0.01,90.82,0.2323,0.7677,0,critico,3
2905800,Camamu,BA,Nordeste,25.96,33.17,7.21,79.67,0.2329,0.7671,0,critico,1
2912400,Ibipeba,BA,Nordeste,29.8,36.9,7.1,83.91,0.2341,0.7659,0,critico,0
4307104,Herval,RS,Sul,52.82,57.32,4.5,88.1,0.2348,0.7652,1,critico,0
3303906,Petrópolis,RJ,Sudeste,62.52,65.4,2.88,82.18,0.2351,0.7649,0,critico,1
2516508,Taperoá,PB,Nordeste,78.33,78.57,0.24,96.95,0.2352,0.7648,1,critico,3
1304237,Tonantins,AM,Norte,45.93,51.45,5.52,76.27,0.2355,0.7645,0,critico,1
2406304,Lagoa de Pedras,RN,Nordeste,47.72,52.99,5.27,79.03,0.2359,0.7641,0,critico,1
2918357,João Dourado,BA,Nordeste,34.64,41.43,6.79,88.96,0.236,0.764,1,critico,0
4311643,Linha Nova,RS,Sul,100.0,80.0,-20.0,100.0,0.2362,0.7638,0,critico,2
1500602,Altamira,PA,Norte,46.67,52.09,5.42,78.24,0.2367,0.7633,0,critico,1
2509339,Matinhas,PB,Nordeste,79.28,79.38,0.1,88.68,0.2368,0.7632,0,critico,3
4113700,Londrina,PR,Sul,73.87,74.82,0.95,85.7,0.2372,0.7628,0,critico,3
4124707,São Jerônimo da Serra,PR,Sul,81.2,80.0,-1.2,83.02,0.2373,0.7627,0,critico,3
3302205,Itaperuna,RJ,Sudeste,68.63,70.46,1.83,85.95,0.2382,0.7618,0,critico,3
4321493,Toropi,RS,Sul,100.0,80.0,-20.0,92.86,0.2385,0.7615,0,critico,2
4308433,Forquetinha,RS,Sul,60.8,63.97,3.17,90.32,0.2395,0.7605,0,critico,3
2906808,Cansanção,BA,Nordeste,29.69,36.8,7.11,85.29,0.2396,0.7604,0,critico,0
1301001,Carauari,AM,Norte,47.38,52.7,5.32,79.79,0.2398,0.7602,0,critico,1
2908408,Conceição do Coité,BA,Nordeste,28.58,35.73,7.15,87.94,0.2399,0.7601,0,critico,0
1501501,Benevides,PA,Norte,60.59,63.8,3.21,89.83,0.2402,0.7598,1,critico,3
1507904,Soure,PA,Norte,62.77,65.61,2.84,88.68,0.2403,0.7597,0,critico,3
1505437,Ourilândia do Norte,PA,Norte,48.68,53.81,5.13,76.47,0.2405,0.7595,0,critico,1
3525904,Jundiaí,SP,Sudeste,69.22,70.94,1.72,91.03,0.2405,0.7595,0,critico,3
1718402,Presidente Kennedy,TO,Norte,69.46,71.14,1.68,93.33,0.2409,0.7591,0,critico,3
2400208,Assú,RN,Nordeste,42.17,48.18,6.01,77.01,0.2417,0.7583,0,critico,1
4108403,Francisco Beltrão,PR,Sul,79.67,79.72,0.05,90.8,0.2425,0.7575,0,critico,3
2112605,Urbano Santos,MA,Nordeste,76.76,77.24,0.48,91.44,0.2427,0.7573,0,critico,3
2504900,Cruz do Espírito Santo,PB,Nordeste,56.43,60.34,3.91,78.87,0.2428,0.7572,0,critico,1
4210050,Macieira,SC,Sul,80.0,80.0,0.0,71.43,0.2429,0.7571,0,critico,1
2908200,Conceição da Feira,BA,Nordeste,31.68,38.68,7.0,83.54,0.2433,0.7567,0,critico,1
1506138,Redenção,PA,Norte,55.06,59.2,4.14,86.87,0.2435,0.7565,0,critico,1
3303302,Niterói,RJ,Sudeste,51.92,56.56,4.64,73.69,0.2435,0.7565,0,critico,1
2509057,Marcação,PB,Nordeste,68.93,70.7,1.77,77.5,0.2442,0.7558,0,critico,1
3304524,Rio das Ostras,RJ,Sudeste,65.82,68.13,2.31,82.79,0.2449,0.7551,1,critico,1
4103701,Cambé,PR,Sul,79.11,79.24,0.13,86.14,0.2451,0.7549,0,critico,3
2900108,Abaíra,BA,Nordeste,34.57,41.37,6.8,89.39,0.2461,0.7539,1,critico,0
2404309,Governador Dix-Sept Rosado,RN,Nordeste,57.85,61.52,3.67,93.9,0.2463,0.7537,0,critico,3
3538204,Pinhalzinho,SP,Sudeste,78.11,78.39,0.28,88.15,0.2467,0.7533,1,critico,3
4309803,Ibiaçá,RS,Sul,70.33,71.87,1.54,100.0,0.2469,0.7531,0,critico,3
2512788,Riacho de Santo Antônio,PB,Nordeste,78.57,78.78,0.21,93.33,0.2469,0.7531,0,critico,3
2409506,Pedra Grande,RN,Nordeste,45.48,51.07,5.59,70.18,0.2473,0.7527,0,critico,1
1508407,Xinguara,PA,Norte,49.86,54.82,4.96,77.99,0.2478,0.7522,0,critico,1
2907103,Carinhanha,BA,Nordeste,28.55,35.7,7.15,83.52,0.248,0.752,0,critico,0
2401107,Areia Branca,RN,Nordeste,52.23,56.82,4.59,78.18,0.248,0.752,0,critico,1
4314787,Ponte Preta,RS,Sul,60.0,63.31,3.31,88.24,0.2481,0.7519,0,critico,3
2917706,Jaguarari,BA,Nordeste,30.56,37.63,7.07,88.82,0.2485,0.7515,1,critico,0
2701407,Campo Alegre,AL,Nordeste,65.49,67.86,2.37,96.1,0.2493,0.7507,0,critico,3
4315131,Pouso Novo,RS,Sul,92.31,80.0,-12.31,100.0,0.2502,0.7498,1,critico,2
4316477,Salvador das Missões,RS,Sul,100.0,80.0,-20.0,100.0,0.2502,0.7498,0,critico,2
2702108,Colônia Leopoldina,AL,Nordeste,84.66,80.0,-4.66,99.47,0.2507,0.7493,0,critico,3
2401008,Apodi,RN,Nordeste,36.86,43.46,6.6,78.71,0.2509,0.7491,1,critico,1
2704609,Maravilha,AL,Nordeste,68.8,70.6,1.8,94.64,0.2519,0.7481,1,critico,3
3551207,Sarutaiá,SP,Sudeste,78.96,79.11,0.15,82.61,0.252,0.748,1,critico,3
1703107,Barrolândia,TO,Norte,59.45,62.85,3.4,87.88,0.2524,0.7476,0,critico,3
1719004,Santa Tereza do Tocantins,TO,Norte,48.09,53.31,5.22,70.31,0.2524,0.7476,0,critico,1
3305802,Teresópolis,RJ,Sudeste,59.73,63.09,3.36,81.41,0.2525,0.7475,1,critico,1
1503457,Ipixuna do Pará,PA,Norte,39.7,46.0,6.3,74.28,0.2537,0.7463,0,critico,1
4127700,Toledo,PR,Sul,79.58,79.64,0.06,87.51,0.2539,0.7461,1,critico,3
2911857,Heliópolis,BA,Nordeste,31.4,38.42,7.02,88.6,0.2541,0.7459,0,critico,0
2930204,Sento Sé,BA,Nordeste,26.41,33.62,7.21,85.65,0.2551,0.7449,0,critico,0
2700904,Belo Monte,AL,Nordeste,83.89,80.0,-3.89,99.17,0.2559,0.7441,1,critico,3
2503803,Caldas Brandão,PB,Nordeste,54.92,59.08,4.16,75.86,0.257,0.743,0,critico,1
4314134,Paulo Bento,RS,Sul,62.5,65.38,2.88,94.12,0.2571,0.7429,0,critico,3
2801009,Campo do Brito,SE,Nordeste,39.18,45.54,6.36,87.39,0.2572,0.7428,0,critico,0
2411106,Ruy Barbosa,RN,Nordeste,58.23,61.84,3.61,97.06,0.2573,0.7427,0,critico,0
2907806,Cícero Dantas,BA,Nordeste,30.93,37.98,7.05,85.16,0.2575,0.7425,0,critico,0
3505708,Barueri,SP,Sudeste,62.8,65.63,2.83,84.18,0.2583,0.7417,1,critico,1
2109403,Primeira Cruz,MA,Nordeste,75.54,76.22,0.68,87.39,0.259,0.741,0,critico,3
2930402,Serra Preta,BA,Nordeste,31.84,38.83,6.99,90.38,0.2598,0.7402,0,critico,0
2807204,Siriri,SE,Nordeste,47.06,52.43,5.37,83.33,0.2602,0.7398,0,critico,1
2805000,Pedra Mole,SE,Nordeste,47.62,52.91,5.29,84.0,0.2616,0.7384,0,critico,1
2100402,Altamira do Maranhão,MA,Nordeste,90.52,80.0,-10.52,81.4,0.2619,0.7381,0,critico,2
2111409,São Luís Gonzaga do Maranhão,MA,Nordeste,74.81,75.6,0.79,90.96,0.2628,0.7372,0,critico,3
4106456,Coronel Domingos Soares,PR,Sul,78.28,78.53,0.25,77.48,0.2628,0.7372,0,critico,1
2202604,Castelo do Piauí,PI,Nordeste,75.09,75.84,0.75,94.63,0.2637,0.7363,1,critico,3
2906402,Candeal,BA,Nordeste,30.92,37.97,7.05,89.06,0.2645,0.7355,0,critico,0
3548708,São Bernardo do Campo,SP,Sudeste,55.57,59.62,4.05,87.05,0.2646,0.7354,0,critico,1
1504752,Mojuí dos Campos,PA,Norte,55.19,59.31,4.12,83.26,0.2646,0.7354,0,critico,1
2702009,Coité do Nóia,AL,Nordeste,74.97,75.74,0.77,96.55,0.2661,0.7339,1,critico,3
3302254,Itatiaia,RJ,Sudeste,65.0,67.45,2.45,80.24,0.2666,0.7334,1,critico,1
2912202,Ibicoara,BA,Nordeste,27.86,35.04,7.18,88.75,0.2667,0.7333,0,critico,0
1505809,Portel,PA,Norte,43.69,49.51,5.82,76.63,0.2671,0.7329,0,critico,1
4104303,Campo Mourão,PR,Sul,77.59,77.95,0.36,88.41,0.2674,0.7326,0,critico,3
2929370,São José do Jacuípe,BA,Nordeste,23.18,30.39,7.21,75.79,0.2675,0.7325,0,critico,1
2110609,São Bernardo,MA,Nordeste,74.43,75.28,0.85,91.77,0.268,0.732,0,critico,3
1502608,Colares,PA,Norte,54.39,58.64,4.25,80.9,0.2684,0.7316,0,critico,1
2107902,Passagem Franca,MA,Nordeste,76.76,77.24,0.48,96.41,0.2684,0.7316,0,critico,3
2106359,Marajá do Sena,MA,Nordeste,83.33,80.0,-3.33,100.0,0.2688,0.7312,0,critico,3
2408003,Mossoró,RN,Nordeste,38.06,44.54,6.48,83.41,0.2694,0.7306,1,critico,1
2200053,Acauã,PI,Nordeste,81.71,80.0,-1.71,95.24,0.2702,0.7298,1,critico,3
4312351,Montauri,RS,Sul,100.0,80.0,-20.0,100.0,0.2703,0.7297,0,critico,2
4108304,Foz do Iguaçu,PR,Sul,73.01,74.1,1.09,84.87,0.2707,0.7293,0,critico,3
2913101,Ibititá,BA,Nordeste,26.1,33.31,7.21,82.14,0.2708,0.7292,0,critico,1
1502509,Chaves,PA,Norte,44.8,50.48,5.68,71.0,0.2711,0.7289,1,critico,1
2210102,São José do Peixe,PI,Nordeste,76.0,76.6,0.6,96.15,0.2711,0.7289,0,critico,3
3514601,Dumont,SP,Sudeste,76.77,77.25,0.48,89.29,0.2716,0.7284,0,critico,3
4128203,União da Vitória,PR,Sul,74.94,75.71,0.77,85.02,0.2723,0.7277,0,critico,3
2806909,São Francisco,SE,Nordeste,34.78,41.56,6.78,76.67,0.2725,0.7275,1,critico,1
2513000,Salgadinho,PB,Nordeste,72.73,73.86,1.13,100.0,0.2726,0.7274,1,critico,3
4117214,Nova Santa Bárbara,PR,Sul,84.94,80.0,-4.94,80.39,0.2731,0.7269,0,critico,3
2807402,Tobias Barreto,SE,Nordeste,41.9,47.95,6.05,89.66,0.2737,0.7263,0,critico,0
4118402,Paranavaí,PR,Sul,80.45,80.0,-0.45,87.09,0.2745,0.7255,0,critico,3
1718899,Santa Rita do Tocantins,TO,Norte,63.15,65.92,2.77,81.48,0.2746,0.7254,0,critico,1
3533106,Nova Guataporanga,SP,Sudeste,66.67,68.83,2.16,81.82,0.2747,0.7253,1,critico,1
2701001,Boca da Mata,AL,Nordeste,73.6,74.59,0.99,97.45,0.2749,0.7251,1,critico,3
3303609,Paracambi,RJ,Sudeste,64.31,66.88,2.57,83.41,0.275,0.725,1,critico,1
1600303,Macapá,AP,Norte,43.33,49.2,5.87,90.43,0.2752,0.7248,0,critico,0
2924207,Pedro Alexandre,BA,Nordeste,29.14,36.27,7.13,89.47,0.2752,0.7248,0,critico,0
2929404,São Miguel das Matas,BA,Nordeste,28.76,35.91,7.15,86.57,0.2752,0.7248,1,critico,0
2515906,Serraria,PB,Nordeste,83.64,80.0,-3.64,91.11,0.2754,0.7246,0,critico,3
1500206,Acará,PA,Norte,39.02,45.4,6.38,74.2,0.2755,0.7245,0,critico,1
4216107,São Domingos,SC,Sul,78.45,78.68,0.23,73.87,0.2758,0.7242,0,critico,1
3300225,Areal,RJ,Sudeste,62.45,65.34,2.89,75.29,0.2761,0.7239,0,critico,1
1504455,Medicilândia,PA,Norte,48.99,54.08,5.09,80.68,0.2761,0.7239,0,critico,1
2930303,Serra Dourada,BA,Nordeste,28.99,36.13,7.14,87.57,0.2769,0.7231,0,critico,0
4101804,Araucária,PR,Sul,69.52,71.19,1.67,83.16,0.2771,0.7229,0,critico,1
4105508,Cianorte,PR,Sul,79.56,79.62,0.06,91.1,0.2773,0.7227,0,critico,3
3546801,Santa Isabel,SP,Sudeste,72.24,73.45,1.21,88.86,0.2776,0.7224,0,critico,3
2401503,Barcelona,RN,Nordeste,55.27,59.37,4.1,88.0,0.2778,0.7222,1,critico,0
1301704,Humaitá,AM,Norte,50.25,55.15,4.9,87.92,0.2782,0.7218,1,critico,0
1503093,Goianésia do Pará,PA,Norte,46.05,51.56,5.51,74.63,0.279,0.721,0,critico,1
2907707,Chorrochó,BA,Nordeste,34.56,41.36,6.8,98.36,0.2793,0.7207,0,critico,0
4105805,Colombo,PR,Sul,64.92,67.38,2.46,78.77,0.2798,0.7202,0,critico,1
2104552,Governador Edison Lobão,MA,Nordeste,80.4,80.0,-0.4,91.83,0.2802,0.7198,0,critico,3
3529005,Marília,SP,Sudeste,59.16,62.61,3.45,86.2,0.2806,0.7194,1,critico,1
1304062,Tabatinga,AM,Norte,41.53,47.62,6.09,77.64,0.2808,0.7192,0,critico,1
2206902,Novo Oriente do Piauí,PI,Nordeste,69.0,70.76,1.76,92.31,0.2808,0.7192,1,critico,3
2805802,Riachão do Dantas,SE,Nordeste,37.96,44.45,6.49,89.26,0.281,0.719,0,critico,0
4115804,Medianeira,PR,Sul,79.22,79.33,0.11,85.15,0.2814,0.7186,0,critico,3
3305505,Saquarema,RJ,Sudeste,63.54,66.24,2.7,84.62,0.2817,0.7183,0,critico,1
2926509,Ribeira do Amparo,BA,Nordeste,28.72,35.87,7.15,88.59,0.2819,0.7181,0,critico,0
3550308,São Paulo,SP,Sudeste,37.87,44.37,6.5,83.45,0.2831,0.7169,1,critico,1
3548500,Santos,SP,Sudeste,55.93,59.92,3.99,85.65,0.2834,0.7166,0,critico,1
4108502,General Carneiro,PR,Sul,79.05,79.19,0.14,86.42,0.284,0.716,0,critico,3
4109401,Guarapuava,PR,Sul,74.41,75.27,0.86,88.14,0.2843,0.7157,0,critico,3
2922706,Nova Canaã,BA,Nordeste,29.48,36.6,7.12,85.39,0.2845,0.7155,1,critico,0
2911808,Guaratinga,BA,Nordeste,22.69,29.89,7.2,72.92,0.2854,0.7146,0,critico,1
2803500,Lagarto,SE,Nordeste,35.6,42.31,6.71,88.04,0.2855,0.7145,0,critico,0
4101507,Arapongas,PR,Sul,75.98,76.59,0.61,88.37,0.2856,0.7144,0,critico,3
2933000,Valente,BA,Nordeste,32.24,39.21,6.97,95.0,0.2857,0.7143,0,critico,0
1709500,Gurupi,TO,Norte,44.44,50.17,5.73,80.95,0.2862,0.7138,1,critico,1
2904704,Buerarema,BA,Nordeste,24.27,31.49,7.22,83.19,0.2864,0.7136,0,critico,0
2205540,Lagoinha do Piauí,PI,Nordeste,81.92,80.0,-1.92,76.09,0.2871,0.7129,1,critico,3
4203006,Caçador,SC,Sul,69.87,71.48,1.61,77.52,0.2873,0.7127,0,critico,1
4314456,Pinhal,RS,Sul,56.45,60.36,3.91,95.12,0.2874,0.7126,0,critico,3
2707503,Porto Real do Colégio,AL,Nordeste,67.71,69.69,1.98,94.35,0.2874,0.7126,1,critico,3
2512762,Riachão do Poço,PB,Nordeste,68.24,70.13,1.89,88.89,0.2876,0.7124,1,critico,3
2705903,Olho d'Água Grande,AL,Nordeste,88.26,80.0,-8.26,96.3,0.2877,0.7123,1,critico,2
2410009,Pilões,RN,Nordeste,64.71,67.21,2.5,94.44,0.2877,0.7123,0,critico,3
2931707,Terra Nova,BA,Nordeste,23.25,30.46,7.21,78.86,0.2878,0.7122,0,critico,1
2507507,João Pessoa,PB,Nordeste,46.71,52.13,5.42,85.79,0.2881,0.7119,1,critico,1
2103109,Cedral,MA,Nordeste,69.8,71.43,1.63,90.12,0.289,0.711,0,critico,3
1501451,Belterra,PA,Norte,60.62,63.83,3.21,87.92,0.2891,0.7109,0,critico,3
3542404,Regente Feijó,SP,Sudeste,77.73,78.07,0.34,90.8,0.2892,0.7108,0,critico,3
1506005,Prainha,PA,Norte,57.34,61.1,3.76,87.03,0.2895,0.7105,0,critico,1
1303536,Presidente Figueiredo,AM,Norte,34.17,41.0,6.83,70.38,0.29,0.71,0,critico,1
2111029,São João do Carú,MA,Nordeste,65.17,67.59,2.42,84.94,0.2904,0.7096,1,critico,3
2208304,Piracuruca,PI,Nordeste,75.64,76.3,0.66,97.74,0.2912,0.7088,1,critico,3
2101608,Barra do Corda,MA,Nordeste,65.45,67.82,2.37,88.2,0.2912,0.7088,0,critico,3
1304104,Tapauá,AM,Norte,49.27,54.31,5.04,88.29,0.2912,0.7088,0,critico,0
2803708,Macambira,SE,Nordeste,38.3,44.75,6.45,85.45,0.2913,0.7087,0,critico,0
1502301,Capitão Poço,PA,Norte,50.98,55.77,4.79,87.11,0.2919,0.7081,0,critico,0
2920007,Maiquinique,BA,Nordeste,29.83,36.93,7.1,87.41,0.2921,0.7079,0,critico,0
1501808,Breves,PA,Norte,44.0,49.78,5.78,77.85,0.2921,0.7079,1,critico,1
4114302,Mandirituba,PR,Sul,79.38,79.47,0.09,88.51,0.2928,0.7072,0,critico,3
3514700,Echaporã,SP,Sudeste,77.86,78.18,0.32,88.75,0.2934,0.7066,1,critico,3
2410801,Riacho de Santana,RN,Nordeste,47.5,52.8,5.3,82.93,0.2935,0.7065,1,critico,1
2704302,Maceió,AL,Nordeste,39.23,45.58,6.35,84.26,0.2936,0.7064,0,critico,1
4121307,Rancho Alegre,PR,Sul,77.01,77.46,0.45,77.27,0.2936,0.7064,1,critico,1
3502804,Araçatuba,SP,Sudeste,65.78,68.1,2.32,90.93,0.295,0.705,1,critico,3
2900900,Almadina,BA,Nordeste,31.19,38.22,7.03,82.19,0.2951,0.7049,0,critico,1
4107652,Fazenda Rio Grande,PR,Sul,68.86,70.65,1.79,83.33,0.2954,0.7046,0,critico,1
3540408,Populina,SP,Sudeste,77.91,78.22,0.31,85.71,0.2958,0.7042,1,critico,3
2504405,Conceição,PB,Nordeste,77.83,78.15,0.32,100.0,0.2967,0.7033,1,critico,3
1710508,Itacajá,TO,Norte,60.46,63.69,3.23,88.89,0.297,0.703,0,critico,3
2709301,União dos Palmares,AL,Nordeste,89.35,80.0,-9.35,100.0,0.297,0.703,1,critico,2
2111300,São Luís,MA,Nordeste,47.49,52.79,5.3,82.48,0.2971,0.7029,1,critico,1
2203008,Cristalândia do Piauí,PI,Nordeste,79.93,79.94,0.01,95.28,0.2972,0.7028,0,critico,3
2917003,Itiúba,BA,Nordeste,27.79,34.97,7.18,88.6,0.2973,0.7027,0,critico,0
2800308,Aracaju,SE,Nordeste,29.69,36.8,7.11,88.95,0.2974,0.7026,1,critico,0
3306305,Volta Redonda,RJ,Sudeste,60.12,63.41,3.29,84.61,0.2974,0.7026,0,critico,1
4109500,Guaraqueçaba,PR,Sul,70.13,71.7,1.57,73.85,0.2977,0.7023,0,critico,1
3531506,Monte Azul Paulista,SP,Sudeste,72.91,74.01,1.1,82.66,0.2978,0.7022,0,critico,3
3501202,Álvares Florence,SP,Sudeste,78.62,78.82,0.2,89.19,0.2978,0.7022,0,critico,3
2405900,João Dias,RN,Nordeste,46.15,51.64,5.49,76.47,0.2979,0.7021,0,critico,1
2206696,Murici dos Portelas,PI,Nordeste,66.93,69.05,2.12,91.46,0.2979,0.7021,0,critico,3
2112209,Timon,MA,Nordeste,67.8,69.77,1.97,92.83,0.298,0.702,1,critico,3
2109700,Sambaíba,MA,Nordeste,85.92,80.0,-5.92,91.04,0.2989,0.7011,0,critico,2
2802106,Estância,SE,Nordeste,33.96,40.81,6.85,88.17,0.2989,0.7011,0,critico,0
1705508,Colinas do Tocantins,TO,Norte,51.01,55.79,4.78,83.92,0.2991,0.7009,1,critico,1
2211001,Teresina,PI,Nordeste,48.21,53.41,5.2,90.8,0.2992,0.7008,1,critico,0
4301107,Arroio dos Ratos,RS,Sul,40.49,46.7,6.21,86.82,0.2995,0.7005,0,critico,0
2916203,Itapé,BA,Nordeste,30.59,37.65,7.06,85.58,0.2996,0.7004,0,critico,0
4117057,Nova Laranjeiras,PR,Sul,77.48,77.85,0.37,88.1,0.3,0.7,0,critico,3
4319703,São Valentim,RS,Sul,91.76,80.0,-11.76,93.94,0.3003,0.6997,0,critico,2
3514502,Duartina,SP,Sudeste,81.82,80.0,-1.82,92.52,0.3006,0.6994,0,critico,3
3539608,Planalto,SP,Sudeste,74.51,75.35,0.84,87.5,0.3006,0.6994,1,critico,3
1301159,Careiro da Várzea,AM,Norte,38.04,44.52,6.48,73.72,0.3006,0.6994,0,critico,1
2510709,Passagem,PB,Nordeste,79.52,79.59,0.07,90.63,0.3007,0.6993,0,critico,3
2105948,Lago dos Rodrigues,MA,Nordeste,88.14,80.0,-8.14,94.37,0.3013,0.6987,1,critico,2
4209102,Joinville,SC,Sul,65.94,68.23,2.29,80.32,0.3014,0.6986,1,critico,1
2914208,Irajuba,BA,Nordeste,40.34,46.57,6.23,97.01,0.3014,0.6986,1,critico,0
3545506,Sandovalina,SP,Sudeste,79.1,79.23,0.13,97.14,0.3017,0.6983,1,critico,3
4127601,Tijucas do Sul,PR,Sul,78.76,78.94,0.18,92.66,0.3017,0.6983,0,critico,3
2512804,Riacho dos Cavalos,PB,Nordeste,69.19,70.92,1.73,93.06,0.3019,0.6981,0,critico,3
1505106,Óbidos,PA,Norte,48.83,53.94,5.11,86.78,0.302,0.698,1,critico,0
2104503,Governador Archer,MA,Nordeste,88.98,80.0,-8.98,96.3,0.3022,0.6978,0,critico,2
2403202,Doutor Severiano,RN,Nordeste,53.88,58.21,4.33,89.39,0.3025,0.6975,0,critico,0
1504000,Limoeiro do Ajuru,PA,Norte,47.64,52.92,5.28,78.18,0.3026,0.6974,0,critico,1
2101301,Bacuri,MA,Nordeste,67.67,69.66,1.99,91.38,0.3027,0.6973,0,critico,3
2408805,Parazinho,RN,Nordeste,47.0,52.37,5.37,80.82,0.3034,0.6966,0,critico,1
2108900,Poção de Pedras,MA,Nordeste,89.32,80.0,-9.32,90.48,0.3034,0.6966,0,critico,2
3300100,Angra dos Reis,RJ,Sudeste,57.0,60.82,3.82,84.85,0.3034,0.6966,0,critico,1
2913457,Igrapiúna,BA,Nordeste,30.3,37.38,7.08,90.0,0.3035,0.6965,1,critico,0
2803807,Malhada dos Bois,SE,Nordeste,40.0,46.27,6.27,86.96,0.3035,0.6965,0,critico,0
4317004,Santana da Boa Vista,RS,Sul,48.82,53.93,5.11,91.43,0.3036,0.6964,0,critico,0
2104677,Governador Nunes Freire,MA,Nordeste,76.23,76.8,0.57,89.11,0.3043,0.6957,0,critico,3
4109807,Ibiporã,PR,Sul,73.36,74.39,1.03,85.03,0.3044,0.6956,0,critico,3
3511300,Cedral,SP,Sudeste,72.92,74.02,1.1,84.67,0.3046,0.6954,0,critico,3
1708304,Goianorte,TO,Norte,53.56,57.94,4.38,82.69,0.3047,0.6953,0,critico,1
4127502,Tibagi,PR,Sul,77.76,78.09,0.33,84.83,0.3049,0.6951,0,critico,3
3304409,Rio Claro,RJ,Sudeste,65.58,67.93,2.35,84.42,0.305,0.695,0,critico,1
1505403,Ourém,PA,Norte,48.52,53.68,5.16,84.74,0.3056,0.6944,1,critico,1
3520509,Indaiatuba,SP,Sudeste,58.5,62.07,3.57,88.76,0.3056,0.6944,1,critico,3
3300704,Cabo Frio,RJ,Sudeste,54.58,58.8,4.22,77.39,0.3069,0.6931,0,critico,1
2503605,Caiçara,PB,Nordeste,53.84,58.17,4.33,71.88,0.3069,0.6931,1,critico,1
2403103,Currais Novos,RN,Nordeste,41.2,47.33,6.13,80.6,0.3072,0.6928,0,critico,1
2409209,Passagem,RN,Nordeste,47.42,52.73,5.31,82.14,0.3081,0.6919,0,critico,1
2918605,Jussiape,BA,Nordeste,32.1,39.08,6.98,91.04,0.3082,0.6918,0,critico,0
1508001,Tomé-Açu,PA,Norte,48.0,53.23,5.23,86.06,0.3085,0.6915,0,critico,1
4200200,Agrolândia,SC,Sul,81.23,80.0,-1.23,80.11,0.3089,0.6911,0,critico,3
3300233,Armação dos Búzios,RJ,Sudeste,67.2,69.27,2.07,85.07,0.309,0.691,0,critico,3
2924405,Pilão Arcado,BA,Nordeste,23.9,31.12,7.22,79.84,0.3091,0.6909,0,critico,1
2927507,Santa Bárbara,BA,Nordeste,21.01,28.15,7.14,74.04,0.3092,0.6908,1,critico,1
2910305,Elísio Medrado,BA,Nordeste,29.96,37.06,7.1,86.36,0.3094,0.6906,0,critico,0
2508307,Lagoa Seca,PB,Nordeste,66.54,68.72,2.18,86.64,0.3095,0.6905,0,critico,3
2100956,Arame,MA,Nordeste,76.25,76.81,0.56,96.28,0.3096,0.6904,0,critico,3
1711506,Jaú do Tocantins,TO,Norte,61.09,64.21,3.12,82.98,0.31,0.69,0,critico,1
4101408,Apucarana,PR,Sul,82.14,80.0,-2.14,89.41,0.3105,0.6895,0,critico,3
1303502,Pauini,AM,Norte,38.95,45.33,6.38,75.28,0.3106,0.6894,1,critico,1
2911501,Gongogi,BA,Nordeste,27.74,34.92,7.18,93.18,0.3107,0.6893,1,critico,0
1501956,Cachoeira do Piriá,PA,Norte,47.73,53.0,5.27,81.08,0.3113,0.6887,0,critico,1
2513109,Salgado de São Félix,PB,Nordeste,87.4,80.0,-7.4,94.92,0.3117,0.6883,0,critico,2
2928000,Santaluz,BA,Nordeste,25.08,32.3,7.22,86.22,0.3119,0.6881,0,critico,0
2906873,Capim Grosso,BA,Nordeste,26.2,33.41,7.21,85.71,0.3119,0.6881,0,critico,0
2403004,Cruzeta,RN,Nordeste,51.8,56.46,4.66,85.45,0.3121,0.6879,1,critico,1
2613909,Serra Talhada,PE,Nordeste,76.13,76.71,0.58,92.96,0.3129,0.6871,1,critico,3
2925709,Presidente Jânio Quadros,BA,Nordeste,30.41,37.48,7.07,94.07,0.3129,0.6871,0,critico,0
3305208,São Pedro da Aldeia,RJ,Sudeste,56.22,60.17,3.95,78.81,0.3132,0.6868,0,critico,1
3500501,Águas de Lindóia,SP,Sudeste,61.38,64.46,3.08,84.41,0.3132,0.6868,0,critico,1
2703304,Inhapi,AL,Nordeste,65.05,67.49,2.44,98.6,0.3133,0.6867,1,critico,3
2513505,Santana de Mangueira,PB,Nordeste,81.58,80.0,-1.58,92.86,0.3139,0.6861,1,critico,3
2110104,Santa Quitéria do Maranhão,MA,Nordeste,89.14,80.0,-9.14,84.81,0.3141,0.6859,1,critico,2
2930105,Senhor do Bonfim,BA,Nordeste,19.93,27.01,7.08,84.72,0.3142,0.6858,0,critico,0
4120606,Prudentópolis,PR,Sul,82.7,80.0,-2.7,89.36,0.3142,0.6858,1,critico,3
4106407,Cornélio Procópio,PR,Sul,76.78,77.26,0.48,87.85,0.3143,0.6857,0,critico,3
2918308,Jitaúna,BA,Nordeste,24.15,31.37,7.22,78.57,0.3145,0.6855,1,critico,1
1100122,Ji-Paraná,RO,Norte,81.83,80.0,-1.83,87.62,0.3148,0.6852,0,critico,3
2500809,Araçagi,PB,Nordeste,64.03,66.65,2.62,80.77,0.3148,0.6852,0,critico,1
2407104,Macaíba,RN,Nordeste,29.15,36.28,7.13,73.14,0.3151,0.6849,0,critico,1
3534906,Pacaembu,SP,Sudeste,64.61,67.13,2.52,86.32,0.3151,0.6849,0,critico,3
2104305,Godofredo Viana,MA,Nordeste,82.97,80.0,-2.97,94.15,0.3152,0.6848,1,critico,3
2508802,Malta,PB,Nordeste,68.43,70.29,1.86,90.24,0.3153,0.6847,0,critico,3
3303856,Paty do Alferes,RJ,Sudeste,66.48,68.68,2.2,82.49,0.3154,0.6846,1,critico,1
2410504,Rafael Fernandes,RN,Nordeste,55.6,59.65,4.05,88.46,0.3159,0.6841,0,critico,3
4310652,Itati,RS,Sul,47.37,52.69,5.32,86.36,0.3159,0.6841,1,critico,1
2923357,Ourolândia,BA,Nordeste,22.65,29.85,7.2,86.04,0.3162,0.6838,1,critico,0
1302504,Manacapuru,AM,Norte,43.99,49.77,5.78,87.06,0.3163,0.6837,0,critico,0
2911659,Guajeru,BA,Nordeste,29.2,36.33,7.13,86.25,0.3164,0.6836,1,critico,0
3300407,Barra Mansa,RJ,Sudeste,59.19,62.64,3.45,85.91,0.3165,0.6835,1,critico,1
4204301,Concórdia,SC,Sul,76.4,76.94,0.54,86.44,0.3165,0.6835,0,critico,3
3304151,Quissamã,RJ,Sudeste,66.22,68.46,2.24,82.37,0.3166,0.6834,1,critico,1
1503507,Irituia,PA,Norte,45.28,50.89,5.61,79.49,0.3167,0.6833,0,critico,1
2926004,Remanso,BA,Nordeste,25.1,32.32,7.22,86.74,0.3168,0.6832,1,critico,0
2205201,Jaicós,PI,Nordeste,78.99,79.14,0.15,97.64,0.3168,0.6832,0,critico,3
2205276,Jatobá do Piauí,PI,Nordeste,73.84,74.79,0.95,95.35,0.3172,0.6828,1,critico,3
2509404,Mogeiro,PB,Nordeste,73.21,74.26,1.05,94.0,0.3175,0.6825,0,critico,3
3504107,Atibaia,SP,Sudeste,70.55,72.05,1.5,92.34,0.3179,0.6821,0,critico,3
1503705,Itupiranga,PA,Norte,42.67,48.62,5.95,80.96,0.318,0.682,0,critico,1
1504059,Mãe do Rio,PA,Norte,45.48,51.07,5.59,75.32,0.3181,0.6819,0,critico,1
4115606,Matelândia,PR,Sul,73.52,74.52,1.0,82.9,0.3185,0.6815,0,critico,3
4126678,Tamarana,PR,Sul,73.85,74.8,0.95,82.14,0.3188,0.6812,0,critico,1
2930774,Sobradinho,BA,Nordeste,26.44,33.65,7.21,87.75,0.3188,0.6812,1,critico,0
4109302,Guaraniaçu,PR,Sul,80.03,80.0,-0.03,84.38,0.3189,0.6811,0,critico,3
2802809,Indiaroba,SE,Nordeste,38.33,44.78,6.45,90.45,0.319,0.681,0,critico,0
3303005,Miracema,RJ,Sudeste,67.56,69.57,2.01,85.61,0.3194,0.6806,0,critico,3
2927101,Rodelas,BA,Nordeste,23.27,30.48,7.21,81.33,0.3197,0.6803,0,critico,1
2203404,Dom Expedito Lopes,PI,Nordeste,77.13,77.56,0.43,95.65,0.3201,0.6799,0,critico,3
1303569,Rio Preto da Eva,AM,Norte,35.31,42.05,6.74,71.03,0.3203,0.6797,1,critico,1
2104651,Governador Newton Bello,MA,Nordeste,69.13,70.87,1.74,88.3,0.3206,0.6794,1,critico,3
3302700,Maricá,RJ,Sudeste,56.64,60.52,3.88,82.66,0.3206,0.6794,0,critico,1
2922102,Mundo Novo,BA,Nordeste,26.61,33.82,7.21,91.76,0.3208,0.6792,0,critico,0
3549904,São José dos Campos,SP,Sudeste,57.44,61.18,3.74,93.2,0.3209,0.6791,1,critico,3
3529401,Mauá,SP,Sudeste,45.74,51.29,5.55,79.21,0.3209,0.6791,0,critico,1
2400109,Acari,RN,Nordeste,44.07,49.84,5.77,85.59,0.3211,0.6789,0,critico,0
4312708,Nonoai,RS,Sul,42.12,48.14,6.02,89.06,0.3215,0.6785,1,critico,0
2928208,Santana,BA,Nordeste,29.91,37.01,7.1,91.36,0.3215,0.6785,1,critico,0
2927606,Santa Brígida,BA,Nordeste,25.65,32.87,7.22,86.26,0.3219,0.6781,0,critico,0
2412203,São José de Mipibu,RN,Nordeste,34.64,41.43,6.79,76.47,0.3219,0.6781,0,critico,1
3300605,Bom Jesus do Itabapoana,RJ,Sudeste,57.91,61.57,3.66,76.6,0.3221,0.6779,1,critico,1
3526902,Limeira,SP,Sudeste,62.38,65.28,2.9,91.54,0.3222,0.6778,0,critico,3
2100303,Aldeias Altas,MA,Nordeste,67.9,69.85,1.95,84.75,0.3225,0.6775,0,critico,3
1100205,Porto Velho,RO,Norte,65.06,67.5,2.44,86.11,0.3227,0.6773,0,critico,3
1502764,Cumaru do Norte,PA,Norte,50.13,55.05,4.92,76.39,0.3227,0.6773,0,critico,1
4302584,Bozano,RS,Sul,100.0,80.0,-20.0,100.0,0.3229,0.6771,0,critico,2
2104073,Feira Nova do Maranhão,MA,Nordeste,84.89,80.0,-4.89,94.52,0.3234,0.6766,0,critico,3
2109452,Raposa,MA,Nordeste,68.06,69.98,1.92,90.69,0.3238,0.6762,0,critico,3
3523909,Itu,SP,Sudeste,65.25,67.66,2.41,90.39,0.3239,0.6761,0,critico,3
3530300,Mirassol,SP,Sudeste,67.6,69.6,2.0,89.44,0.3242,0.6758,0,critico,3
2203206,Curimatá,PI,Nordeste,68.19,70.09,1.9,94.12,0.3244,0.6756,1,critico,3
4104105,Campo do Tenente,PR,Sul,80.36,80.0,-0.36,85.37,0.3248,0.6752,1,critico,3
4110102,Imbituva,PR,Sul,80.43,80.0,-0.43,89.34,0.3252,0.6748,0,critico,3
2916708,Itaquara,BA,Nordeste,34.36,41.17,6.81,97.33,0.3252,0.6748,0,critico,0
4104204,Campo Largo,PR,Sul,73.34,74.37,1.03,88.05,0.3252,0.6748,0,critico,3
1504109,Magalhães Barata,PA,Norte,54.01,58.32,4.31,83.58,0.3254,0.6746,1,critico,1
4102109,Astorga,PR,Sul,79.57,79.63,0.06,89.26,0.3255,0.6745,0,critico,3
1501006,Aveiro,PA,Norte,57.23,61.01,3.78,91.28,0.326,0.674,1,critico,3
2106409,Mata Roma,MA,Nordeste,69.68,71.33,1.65,91.45,0.3269,0.6731,1,critico,3
2925402,Potiraguá,BA,Nordeste,27.88,35.06,7.18,88.54,0.3269,0.6731,0,critico,0
2905305,Cafarnaum,BA,Nordeste,21.63,28.79,7.16,82.63,0.327,0.673,1,critico,0
2922805,Nova Itarana,BA,Nordeste,32.97,39.89,6.92,95.19,0.3275,0.6725,0,critico,0
4314308,Pejuçara,RS,Sul,61.46,64.52,3.06,100.0,0.3277,0.6723,0,critico,3
4202909,Brusque,SC,Sul,68.68,70.5,1.82,79.64,0.3284,0.6716,0,critico,1
3300902,Cambuci,RJ,Sudeste,69.0,70.76,1.76,89.15,0.3284,0.6716,0,critico,3
3305406,Sapucaia,RJ,Sudeste,65.59,67.94,2.35,88.94,0.3288,0.6712,0,critico,3
4316972,Santa Margarida do Sul,RS,Sul,42.41,48.4,5.99,83.33,0.3288,0.6712,0,critico,1
2210706,Simões,PI,Nordeste,68.51,70.36,1.85,96.53,0.3291,0.6709,1,critico,3
2504306,Catolé do Rocha,PB,Nordeste,55.21,59.32,4.11,83.14,0.3292,0.6708,0,critico,1
3556909,Vista Alegre do Alto,SP,Sudeste,81.39,80.0,-1.39,91.3,0.3294,0.6706,0,critico,3
1720499,São Valério,TO,Norte,65.57,67.92,2.35,93.85,0.3295,0.6705,0,critico,3
2708204,São Brás,AL,Nordeste,67.19,69.26,2.07,95.31,0.3295,0.6705,1,critico,3
2905503,Caldeirão Grande,BA,Nordeste,21.3,28.45,7.15,82.35,0.3295,0.6705,0,critico,0
3304300,Rio Bonito,RJ,Sudeste,55.86,59.87,4.01,81.01,0.3298,0.6702,0,critico,1
2409407,Pau dos Ferros,RN,Nordeste,38.86,45.25,6.39,80.92,0.3302,0.6698,0,critico,1
2501104,Areia,PB,Nordeste,85.08,80.0,-5.08,90.34,0.3304,0.6696,1,critico,2
2400703,Alto do Rodrigues,RN,Nordeste,48.41,53.58,5.17,91.05,0.3305,0.6695,0,critico,0
2900207,Abaré,BA,Nordeste,28.28,35.44,7.16,92.65,0.3307,0.6693,0,critico,0
4104501,Capanema,PR,Sul,78.46,78.69,0.23,92.19,0.3308,0.6692,1,critico,3
2500502,Alagoinha,PB,Nordeste,57.29,61.06,3.77,85.4,0.3309,0.6691,0,critico,1
2200459,Alvorada do Gurguéia,PI,Nordeste,68.36,70.23,1.87,98.57,0.3311,0.6689,0,critico,3
2514800,São José dos Cordeiros,PB,Nordeste,80.25,80.0,-0.25,92.11,0.3312,0.6688,1,critico,3
2208007,Picos,PI,Nordeste,52.95,57.43,4.48,88.82,0.3315,0.6685,0,critico,0
4125605,São Mateus do Sul,PR,Sul,83.07,80.0,-3.07,87.9,0.3321,0.6679,0,critico,3
4105409,Chopinzinho,PR,Sul,80.73,80.0,-0.73,92.06,0.3322,0.6678,0,critico,3
2414001,Tangará,RN,Nordeste,42.92,48.84,5.92,82.83,0.3322,0.6678,0,critico,1
3516200,Franca,SP,Sudeste,57.72,61.42,3.7,91.76,0.3326,0.6674,1,critico,3
3507100,Bom Jesus dos Perdões,SP,Sudeste,69.87,71.48,1.61,89.53,0.3326,0.6674,0,critico,3
1508035,Tracuateua,PA,Norte,48.47,53.63,5.16,80.0,0.333,0.667,0,critico,1
4127858,Três Barras do Paraná,PR,Sul,79.37,79.46,0.09,90.34,0.3331,0.6669,0,critico,3
2905156,Caetanos,BA,Nordeste,24.86,32.08,7.22,88.71,0.3331,0.6669,1,critico,0
2509305,Mataraca,PB,Nordeste,85.94,80.0,-5.94,88.59,0.3332,0.6668,0,critico,2
4111902,Jaguapitã,PR,Sul,76.25,76.81,0.56,87.39,0.3335,0.6665,0,critico,3
4208906,Jaraguá do Sul,SC,Sul,72.79,73.91,1.12,83.52,0.3337,0.6663,1,critico,3
2511509,Pilar,PB,Nordeste,73.41,74.43,1.02,86.6,0.3338,0.6662,0,critico,3
2108603,Pinheiro,MA,Nordeste,53.04,57.5,4.46,82.0,0.3338,0.6662,0,critico,1
4123501,Santa Helena,PR,Sul,79.21,79.32,0.11,89.27,0.3339,0.6661,1,critico,3
1301209,Coari,AM,Norte,38.77,45.17,6.4,83.17,0.334,0.666,0,critico,1
4114609,Marechal Cândido Rondon,PR,Sul,75.3,76.01,0.71,90.0,0.3342,0.6658,1,critico,3
4101705,Araruna,PR,Sul,76.05,76.65,0.6,87.68,0.3345,0.6655,1,critico,3
3519071,Hortolândia,SP,Sudeste,58.0,61.65,3.65,89.01,0.3346,0.6654,0,critico,3
2414902,Viçosa,RN,Nordeste,58.93,62.42,3.49,91.43,0.3346,0.6654,0,critico,3
2920908,Mascote,BA,Nordeste,22.32,29.51,7.19,85.06,0.3347,0.6653,0,critico,0
2500601,Alhandra,PB,Nordeste,57.33,61.09,3.76,89.26,0.3352,0.6648,0,critico,3
1506583,Santa Maria das Barreiras,PA,Norte,53.64,58.01,4.37,83.39,0.3355,0.6645,0,critico,1
2401651,Bodó,RN,Nordeste,65.0,67.45,2.45,100.0,0.3356,0.6644,0,critico,3
2922250,Muquém do São Francisco,BA,Nordeste,30.98,38.02,7.04,94.74,0.3356,0.6644,0,critico,0
4128633,Doutor Ulysses,PR,Sul,76.32,76.87,0.55,78.33,0.3357,0.6643,0,critico,1
2206803,Nossa Senhora dos Remédios,PI,Nordeste,64.19,66.78,2.59,84.97,0.3357,0.6643,0,critico,3
4115309,Mariópolis,PR,Sul,76.4,76.94,0.54,85.42,0.3362,0.6638,0,critico,3
2207777,Patos do Piauí,PI,Nordeste,81.59,80.0,-1.59,97.92,0.3364,0.6636,0,critico,3
4128401,Uraí,PR,Sul,76.55,77.07,0.52,86.67,0.3364,0.6636,0,critico,3
2100154,Água Doce do Maranhão,MA,Nordeste,67.29,69.35,2.06,92.05,0.3368,0.6632,0,critico,3
3534401,Osasco,SP,Sudeste,45.95,51.47,5.52,85.85,0.3369,0.6631,0,critico,0
1303957,São Sebastião do Uatumã,AM,Norte,51.77,56.43,4.66,87.41,0.3369,0.6631,0,critico,0
3541000,Praia Grande,SP,Sudeste,50.73,55.55,4.82,82.53,0.337,0.663,0,critico,1
2503209,Cabedelo,PB,Nordeste,48.92,54.02,5.1,84.77,0.3374,0.6626,1,critico,1
4106209,Contenda,PR,Sul,78.38,78.62,0.24,90.82,0.3377,0.6623,0,critico,3
3512407,Cordeirópolis,SP,Sudeste,74.43,75.28,0.85,92.33,0.3377,0.6623,0,critico,3
2920452,Mansidão,BA,Nordeste,30.7,37.76,7.06,94.31,0.3377,0.6623,0,critico,0
3306107,Valença,RJ,Sudeste,58.36,61.95,3.59,86.68,0.3379,0.6621,0,critico,1
4104907,Castro,PR,Sul,74.26,75.14,0.88,91.32,0.3385,0.6615,0,critico,3
2506103,Fagundes,PB,Nordeste,60.71,63.9,3.19,91.43,0.3386,0.6614,0,critico,3
1508357,Vitória do Xingu,PA,Norte,60.62,63.83,3.21,90.29,0.3394,0.6606,1,critico,3
3304706,Santo Antônio de Pádua,RJ,Sudeste,66.37,68.58,2.21,86.65,0.3395,0.6605,1,critico,3
3525607,João Ramalho,SP,Sudeste,81.82,80.0,-1.82,90.41,0.3396,0.6604,0,critico,3
2506004,Esperança,PB,Nordeste,61.5,64.55,3.05,87.58,0.3399,0.6601,0,critico,3
4209805,Leoberto Leal,SC,Sul,75.0,75.76,0.76,74.07,0.3399,0.6601,0,critico,1
2203909,Floriano,PI,Nordeste,49.16,54.22,5.06,85.83,0.3403,0.6597,0,critico,1
3556404,Vargem Grande do Sul,SP,Sudeste,69.48,71.16,1.68,93.4,0.3403,0.6597,0,critico,3
1502772,Curionópolis,PA,Norte,50.76,55.58,4.82,83.19,0.3405,0.6595,1,critico,1
2516409,Tacima,PB,Nordeste,55.93,59.92,3.99,89.13,0.3406,0.6594,1,critico,0
4113205,Lapa,PR,Sul,81.08,80.0,-1.08,92.77,0.3406,0.6594,0,critico,3
2515104,São Sebastião de Lagoa de Roça,PB,Nordeste,64.39,66.95,2.56,93.48,0.3407,0.6593,0,critico,3
3541208,Presidente Bernardes,SP,Sudeste,64.23,66.81,2.58,84.85,0.3408,0.6592,1,critico,1
3306206,Vassouras,RJ,Sudeste,65.42,67.8,2.38,87.82,0.3409,0.6591,0,critico,3
4215802,São Bento do Sul,SC,Sul,73.1,74.17,1.07,83.89,0.3411,0.6589,1,critico,3
3547809,Santo André,SP,Sudeste,52.84,57.33,4.49,89.32,0.3413,0.6587,0,critico,0
2507101,Itapororoca,PB,Nordeste,71.75,73.05,1.3,90.63,0.3413,0.6587,1,critico,3
2403806,Florânia,RN,Nordeste,36.26,42.91,6.65,75.61,0.3416,0.6584,1,critico,1
2402204,Canguaretama,RN,Nordeste,37.7,44.21,6.51,79.9,0.3416,0.6584,0,critico,1
4203105,Caibi,SC,Sul,75.47,76.16,0.69,79.55,0.3416,0.6584,0,critico,1
3301702,Duque de Caxias,RJ,Sudeste,47.15,52.5,5.35,78.94,0.3416,0.6584,0,critico,1
3556354,Vargem,SP,Sudeste,74.45,75.3,0.85,85.19,0.3417,0.6583,0,critico,3
3504800,Bálsamo,SP,Sudeste,81.58,80.0,-1.58,81.48,0.3418,0.6582,1,critico,3
4112009,Jaguariaíva,PR,Sul,80.92,80.0,-0.92,88.67,0.3419,0.6581,0,critico,3
3535101,Palmares Paulista,SP,Sudeste,82.65,80.0,-2.65,96.61,0.342,0.658,0,critico,3
2107456,Olinda Nova do Maranhão,MA,Nordeste,80.81,80.0,-0.81,87.96,0.342,0.658,0,critico,3
2900405,Água Fria,BA,Nordeste,21.0,28.14,7.14,81.32,0.3426,0.6574,1,critico,1
1506302,Salvaterra,PA,Norte,51.95,56.58,4.63,85.95,0.3427,0.6573,0,critico,1
3305901,Trajano de Moraes,RJ,Sudeste,77.24,77.65,0.41,93.85,0.3428,0.6572,1,critico,3
3532058,Motuca,SP,Sudeste,79.93,79.94,0.01,98.04,0.343,0.657,0,critico,3
2100436,Alto Alegre do Maranhão,MA,Nordeste,70.23,71.78,1.55,91.18,0.3431,0.6569,0,critico,3
2512507,Queimadas,PB,Nordeste,85.04,80.0,-5.04,96.65,0.3431,0.6569,1,critico,2
2931509,Teofilândia,BA,Nordeste,28.06,35.23,7.17,90.72,0.3431,0.6569,0,critico,0
2516706,Teixeira,PB,Nordeste,72.85,73.96,1.11,93.9,0.3432,0.6568,1,critico,3
3539202,Pirapozinho,SP,Sudeste,75.08,75.83,0.75,92.58,0.3433,0.6567,0,critico,3
2513968,São Domingos,PB,Nordeste,83.33,80.0,-3.33,94.74,0.3436,0.6564,0,critico,3
3540507,Porangaba,SP,Sudeste,69.9,71.51,1.61,92.38,0.3437,0.6563,0,critico,3
4102901,Bituruna,PR,Sul,80.76,80.0,-0.76,88.84,0.3438,0.6562,0,critico,3
1716604,Peixe,TO,Norte,46.47,51.92,5.45,78.05,0.3444,0.6556,0,critico,1
1501907,Bujaru,PA,Norte,51.4,56.12,4.72,85.71,0.3446,0.6554,0,critico,1
3305307,São Sebastião do Alto,RJ,Sudeste,63.7,66.38,2.68,79.17,0.3447,0.6553,0,critico,1
1502103,Cametá,PA,Norte,40.41,46.63,6.22,79.1,0.3449,0.6551,0,critico,1
3514205,Dolcinópolis,SP,Sudeste,76.62,77.13,0.51,93.94,0.3452,0.6548,0,critico,3
4101903,Assaí,PR,Sul,88.72,80.0,-8.72,81.37,0.3454,0.6546,1,critico,2
2505907,Emas,PB,Nordeste,65.44,67.81,2.37,90.0,0.3458,0.6542,0,critico,3
3548807,São Caetano do Sul,SP,Sudeste,60.95,64.1,3.15,88.22,0.3458,0.6542,1,critico,3
4109757,Ibema,PR,Sul,72.84,73.95,1.11,80.25,0.3458,0.6542,0,critico,1
2511301,Piancó,PB,Nordeste,48.84,53.95,5.11,86.59,0.346,0.654,0,critico,0
2205854,Madeiro,PI,Nordeste,62.05,65.01,2.96,87.27,0.3463,0.6537,0,critico,3
3552205,Sorocaba,SP,Sudeste,47.9,53.15,5.25,87.15,0.3466,0.6534,0,critico,0
4100459,Altamira do Paraná,PR,Sul,79.08,79.21,0.13,83.33,0.3469,0.6531,0,critico,3
4125100,São João do Triunfo,PR,Sul,78.58,78.79,0.21,89.51,0.347,0.653,1,critico,3
3519808,Icém,SP,Sudeste,73.35,74.38,1.03,90.79,0.347,0.653,1,critico,3
2103505,Colinas,MA,Nordeste,59.5,62.9,3.4,88.51,0.3475,0.6525,0,critico,3
3524204,Jaborandi,SP,Sudeste,82.62,80.0,-2.62,96.1,0.3475,0.6525,0,critico,3
2502052,Bernardino Batista,PB,Nordeste,61.38,64.46,3.08,83.02,0.3479,0.6521,1,critico,1
3501004,Altinópolis,SP,Sudeste,68.51,70.36,1.85,90.75,0.348,0.652,0,critico,3
3306008,Três Rios,RJ,Sudeste,53.49,57.88,4.39,82.73,0.348,0.652,0,critico,1
2110401,São Benedito do Rio Preto,MA,Nordeste,46.81,52.21,5.4,81.68,0.3481,0.6519,0,critico,1
2201770,Boa Hora,PI,Nordeste,58.74,62.26,3.52,86.54,0.3486,0.6514,0,critico,1
1503044,Floresta do Araguaia,PA,Norte,47.77,53.03,5.26,83.89,0.3488,0.6512,1,critico,1
1302306,Jutaí,AM,Norte,36.64,43.26,6.62,72.75,0.3488,0.6512,0,critico,1
2409902,Pendências,RN,Nordeste,40.87,47.04,6.17,87.79,0.349,0.651,0,critico,0
2911907,Iaçu,BA,Nordeste,22.93,30.13,7.2,83.99,0.349,0.651,0,critico,0
4107900,Floresta,PR,Sul,76.39,76.93,0.54,85.96,0.349,0.651,0,critico,3
2201919,Bom Princípio do Piauí,PI,Nordeste,87.91,80.0,-7.91,92.31,0.3492,0.6508,0,critico,2
1503903,Juruti,PA,Norte,49.15,54.21,5.06,88.69,0.3492,0.6508,0,critico,0
4110706,Irati,PR,Sul,82.74,80.0,-2.74,92.49,0.3493,0.6507,1,critico,3
2925808,Queimadas,BA,Nordeste,27.35,34.54,7.19,91.72,0.3494,0.6506,0,critico,0
2404903,Itaú,RN,Nordeste,52.94,57.42,4.48,94.44,0.3496,0.6504,0,critico,0
4108957,Guamiranga,PR,Sul,79.53,79.6,0.07,91.3,0.3496,0.6504,0,critico,3
2110500,São Bento,MA,Nordeste,93.75,80.0,-13.75,77.01,0.3497,0.6503,0,critico,2
2106300,Magalhães de Almeida,MA,Nordeste,51.59,56.28,4.69,74.56,0.3503,0.6497,1,alto,1
4117800,Palmital,PR,Sul,74.27,75.15,0.88,83.54,0.3507,0.6493,0,alto,3
1502004,Cachoeira do Arari,PA,Norte,52.11,56.72,4.61,85.77,0.3509,0.6491,0,alto,1
3550001,São Luiz do Paraitinga,SP,Sudeste,73.42,74.44,1.02,90.54,0.3509,0.6491,0,alto,3
2206720,Nazária,PI,Nordeste,77.65,78.0,0.35,93.68,0.351,0.649,0,alto,3
4106001,Congonhinhas,PR,Sul,68.8,70.6,1.8,77.45,0.351,0.649,0,alto,1
2206605,Monte Alegre do Piauí,PI,Nordeste,67.16,69.24,2.08,94.69,0.3511,0.6489,0,alto,3
1500107,Abaetetuba,PA,Norte,39.73,46.03,6.3,83.81,0.3512,0.6488,0,alto,1
4111506,Ivaiporã,PR,Sul,66.58,68.76,2.18,76.85,0.3512,0.6488,1,alto,1
2411908,São Francisco do Oeste,RN,Nordeste,56.85,60.69,3.84,91.67,0.3513,0.6487,1,alto,3
2801405,Carira,SE,Nordeste,33.52,40.4,6.88,84.43,0.3514,0.6486,0,alto,0
4116208,Morretes,PR,Sul,68.42,70.28,1.86,83.84,0.3515,0.6485,0,alto,1
3544301,Roseira,SP,Sudeste,63.56,66.26,2.7,86.82,0.3516,0.6484,1,alto,3
1504976,Nova Ipixuna,PA,Norte,44.35,50.09,5.74,81.3,0.3517,0.6483,1,alto,1
2906204,Canarana,BA,Nordeste,29.21,36.34,7.13,94.12,0.3517,0.6483,0,alto,0
2413557,Serrinha dos Pintos,RN,Nordeste,57.44,61.18,3.74,97.22,0.3518,0.6482,1,alto,3
3529500,Mendonça,SP,Sudeste,69.95,71.55,1.6,92.68,0.352,0.648,1,alto,3
2114007,Zé Doca,MA,Nordeste,81.54,80.0,-1.54,91.81,0.3522,0.6478,0,alto,3
2500205,Aguiar,PB,Nordeste,68.73,70.54,1.81,95.52,0.3523,0.6477,0,alto,3
2803302,Japaratuba,SE,Nordeste,42.14,48.16,6.02,93.53,0.3523,0.6477,1,alto,0
2108009,Pastos Bons,MA,Nordeste,74.16,75.06,0.9,96.46,0.3529,0.6471,0,alto,3
3305158,São José do Vale do Rio Preto,RJ,Sudeste,71.41,72.76,1.35,90.11,0.3531,0.6469,1,alto,3
2112803,Viana,MA,Nordeste,58.28,61.88,3.6,88.72,0.3532,0.6468,0,alto,3
2205706,Luís Correia,PI,Nordeste,62.07,65.03,2.96,88.99,0.3533,0.6467,0,alto,3
2919108,Lamarão,BA,Nordeste,22.24,29.42,7.18,91.78,0.3535,0.6465,0,alto,0
1506500,Santa Izabel do Pará,PA,Norte,40.8,46.98,6.18,78.68,0.3536,0.6464,0,alto,1
2106326,Maracaçumé,MA,Nordeste,57.95,61.61,3.66,83.83,0.3536,0.6464,0,alto,1
4128500,Wenceslau Braz,PR,Sul,81.05,80.0,-1.05,90.8,0.3537,0.6463,0,alto,3
4116802,Nova Cantu,PR,Sul,79.5,79.57,0.07,86.87,0.354,0.646,1,alto,3
3540606,Porto Feliz,SP,Sudeste,73.63,74.61,0.98,93.96,0.3541,0.6459,0,alto,3
2207009,Oeiras,PI,Nordeste,65.92,68.21,2.29,97.53,0.3541,0.6459,1,alto,3
2404606,Ielmo Marinho,RN,Nordeste,41.28,47.4,6.12,76.28,0.3546,0.6454,0,alto,1
3538709,Piracicaba,SP,Sudeste,54.74,58.93,4.19,90.45,0.3547,0.6453,0,alto,0
2101103,Axixá,MA,Nordeste,81.88,80.0,-1.88,95.74,0.3548,0.6452,0,alto,3
4104055,Campo Bonito,PR,Sul,72.87,73.98,1.11,81.03,0.3549,0.6451,1,alto,1
2100204,Alcântara,MA,Nordeste,73.46,74.47,1.01,91.88,0.3549,0.6451,0,alto,3
2501906,Belém,PB,Nordeste,56.8,60.65,3.85,83.54,0.3555,0.6445,0,alto,1
3556107,Valentim Gentil,SP,Sudeste,67.1,69.19,2.09,85.03,0.3556,0.6444,1,alto,3
2106607,Matões,MA,Nordeste,72.34,73.54,1.2,91.46,0.3557,0.6443,0,alto,3
1505007,Nova Timboteua,PA,Norte,50.32,55.21,4.89,87.26,0.356,0.644,0,alto,0
2412104,São João do Sabugi,RN,Nordeste,49.46,54.48,5.02,90.0,0.3564,0.6436,1,alto,0
2501302,Aroeiras,PB,Nordeste,67.95,69.89,1.94,96.41,0.3564,0.6436,0,alto,3
2512606,Quixaba,PB,Nordeste,69.23,70.95,1.72,92.86,0.3566,0.6434,0,alto,3
4123824,Santa Lúcia,PR,Sul,79.5,79.57,0.07,76.74,0.3568,0.6432,1,alto,1
3504404,Avanhandava,SP,Sudeste,70.93,72.36,1.43,89.84,0.3569,0.6431,1,alto,3
4115705,Matinhos,PR,Sul,70.38,71.91,1.53,78.32,0.3572,0.6428,0,alto,1
1501709,Bragança,PA,Norte,42.72,48.67,5.95,80.92,0.3577,0.6423,0,alto,1
2900603,Aiquara,BA,Nordeste,29.26,36.39,7.13,90.77,0.3579,0.6421,0,alto,0
4206801,Ibicaré,SC,Sul,75.69,76.34,0.65,80.39,0.3581,0.6419,0,alto,1
3528007,Macatuba,SP,Sudeste,65.03,67.48,2.45,90.95,0.3584,0.6416,0,alto,3
4110201,Inácio Martins,PR,Sul,73.43,74.45,1.02,83.33,0.3588,0.6412,0,alto,3
2807501,Tomar do Geru,SE,Nordeste,42.86,48.79,5.93,94.33,0.3589,0.6411,0,alto,0
4125308,São Jorge do Ivaí,PR,Sul,82.98,80.0,-2.98,86.79,0.3592,0.6408,0,alto,3
2107506,Paço do Lumiar,MA,Nordeste,50.71,55.54,4.83,82.71,0.3592,0.6408,1,alto,1
3304607,Santa Maria Madalena,RJ,Sudeste,64.53,67.06,2.53,85.42,0.3593,0.6407,0,alto,1
4304622,Capão Bonito do Sul,RS,Sul,53.85,58.18,4.33,100.0,0.3596,0.6404,1,alto,0
1505551,Pau D'Arco,PA,Norte,50.65,55.49,4.84,78.95,0.3596,0.6404,0,alto,1
4219200,Vidal Ramos,SC,Sul,73.28,74.32,1.04,73.61,0.3597,0.6403,1,alto,1
1702000,Araguaçu,TO,Norte,44.49,50.21,5.72,75.68,0.3603,0.6397,0,alto,1
3545159,Saltinho,SP,Sudeste,65.6,67.95,2.35,87.93,0.3604,0.6396,0,alto,3
3525854,Jumirim,SP,Sudeste,76.39,76.93,0.54,90.48,0.3604,0.6396,0,alto,3
4216800,São José do Cerrito,SC,Sul,76.47,77.0,0.53,85.0,0.3605,0.6395,0,alto,3
2612208,Salgueiro,PE,Nordeste,75.94,76.55,0.61,95.82,0.3607,0.6393,0,alto,3
2200400,Altos,PI,Nordeste,61.91,64.89,2.98,90.44,0.3612,0.6388,0,alto,3
3501608,Americana,SP,Sudeste,58.55,62.11,3.56,93.16,0.3613,0.6387,1,alto,3
3541604,Promissão,SP,Sudeste,67.37,69.41,2.04,88.24,0.3614,0.6386,1,alto,3
3302106,Itaocara,RJ,Sudeste,65.31,67.71,2.4,84.16,0.3615,0.6385,1,alto,1
2801306,Capela,SE,Nordeste,33.52,40.4,6.88,85.25,0.3616,0.6384,0,alto,0
2510600,Ouro Velho,PB,Nordeste,89.76,80.0,-9.76,93.55,0.3616,0.6384,1,alto,2
3553955,Tarumã,SP,Sudeste,83.12,80.0,-3.12,86.05,0.3616,0.6384,1,alto,3
4107306,Doutor Camargo,PR,Sul,79.12,79.25,0.13,94.67,0.3621,0.6379,0,alto,3
3540903,Pradópolis,SP,Sudeste,74.24,75.13,0.89,91.21,0.3621,0.6379,0,alto,3
3552908,Taciba,SP,Sudeste,79.93,79.94,0.01,96.94,0.3623,0.6377,0,alto,3
1713304,Miranorte,TO,Norte,52.55,57.09,4.54,87.1,0.3626,0.6374,1,alto,1
2413359,Serra do Mel,RN,Nordeste,32.67,39.61,6.94,73.83,0.3626,0.6374,0,alto,1
4117107,Nova Londrina,PR,Sul,77.67,78.01,0.34,87.5,0.3626,0.6374,0,alto,3
4203808,Canoinhas,SC,Sul,73.93,74.87,0.94,84.43,0.3627,0.6373,0,alto,3
2107308,Nova Iorque,MA,Nordeste,77.43,77.81,0.38,88.57,0.3627,0.6373,0,alto,3
2106201,Luís Domingues,MA,Nordeste,76.93,77.39,0.46,93.1,0.3632,0.6368,1,alto,3
3506508,Birigui,SP,Sudeste,71.09,72.5,1.41,95.3,0.3633,0.6367,1,alto,3
4115358,Maripá,PR,Sul,80.97,80.0,-0.97,84.48,0.3633,0.6367,0,alto,3
4114401,Mangueirinha,PR,Sul,72.22,73.44,1.22,83.33,0.3635,0.6365,0,alto,3
2105708,Lago da Pedra,MA,Nordeste,92.18,80.0,-12.18,91.12,0.3635,0.6365,0,alto,2
3524709,Jaguariúna,SP,Sudeste,62.82,65.65,2.83,88.11,0.3636,0.6364,1,alto,3
3514304,Dourado,SP,Sudeste,71.5,72.84,1.34,92.39,0.3639,0.6361,0,alto,3
2105450,Jatobá,MA,Nordeste,72.81,73.93,1.12,95.33,0.3643,0.6357,0,alto,3
2502706,Borborema,PB,Nordeste,82.74,80.0,-2.74,91.67,0.3648,0.6352,0,alto,3
1505304,Oriximiná,PA,Norte,34.52,41.32,6.8,74.67,0.365,0.635,0,alto,1
3301876,Iguaba Grande,RJ,Sudeste,62.45,65.34,2.89,82.54,0.3651,0.6349,1,alto,1
1708254,Tabocão,TO,Norte,48.93,54.03,5.1,81.03,0.3651,0.6349,0,alto,1
2516607,Tavares,PB,Nordeste,75.27,75.99,0.72,97.2,0.3655,0.6345,0,alto,3
2910602,Esplanada,BA,Nordeste,19.87,26.95,7.08,85.12,0.3656,0.6344,0,alto,0
2402006,Caicó,RN,Nordeste,35.59,42.3,6.71,85.95,0.3656,0.6344,1,alto,0
2201002,Arraial,PI,Nordeste,83.8,80.0,-3.8,97.78,0.3659,0.6341,1,alto,3
2204550,Guaribas,PI,Nordeste,58.08,61.72,3.64,87.5,0.3659,0.6341,1,alto,3
4118907,Pérola,PR,Sul,78.4,78.63,0.23,94.23,0.3659,0.6341,0,alto,3
2202737,Coivaras,PI,Nordeste,78.14,78.41,0.27,98.72,0.3665,0.6335,1,alto,3
4112751,Jesuítas,PR,Sul,85.83,80.0,-5.83,90.48,0.3666,0.6334,1,alto,3
2806206,Salgado,SE,Nordeste,33.77,40.63,6.86,83.89,0.3668,0.6332,1,alto,0
3547403,Santa Rita d'Oeste,SP,Sudeste,60.37,63.62,3.25,74.07,0.367,0.633,0,alto,1
4104402,Cândido de Abreu,PR,Sul,83.34,80.0,-3.34,90.0,0.3671,0.6329,1,alto,3
2708600,São Miguel dos Campos,AL,Nordeste,50.08,55.0,4.92,93.9,0.3675,0.6325,1,alto,0
2804458,Nossa Senhora Aparecida,SE,Nordeste,38.1,44.57,6.47,89.36,0.3676,0.6324,1,alto,0
2401909,Caiçara do Rio do Vento,RN,Nordeste,38.04,44.52,6.48,78.95,0.3678,0.6322,0,alto,1
3503208,Araraquara,SP,Sudeste,55.9,59.9,4.0,90.43,0.3684,0.6316,1,alto,3
3508702,Caconde,SP,Sudeste,70.23,71.78,1.55,92.9,0.3684,0.6316,1,alto,3
3518701,Guarujá,SP,Sudeste,48.23,53.43,5.2,86.06,0.3685,0.6315,0,alto,1
3303708,Paraíba do Sul,RJ,Sudeste,49.95,54.89,4.94,75.86,0.3687,0.6313,0,alto,1
4107207,Dois Vizinhos,PR,Sul,83.75,80.0,-3.75,87.58,0.3688,0.6312,1,alto,3
4123857,Santa Maria do Oeste,PR,Sul,76.25,76.81,0.56,89.91,0.3691,0.6309,0,alto,3
3304904,São Gonçalo,RJ,Sudeste,45.67,51.23,5.56,79.5,0.3694,0.6306,0,alto,1
1300029,Alvarães,AM,Norte,39.91,46.19,6.28,83.33,0.3697,0.6303,1,alto,1
2704005,Junqueiro,AL,Nordeste,53.3,57.72,4.42,92.33,0.3697,0.6303,0,alto,0
4117206,Nova Olímpia,PR,Sul,79.22,79.33,0.11,87.88,0.3698,0.6302,1,alto,3
3502705,Apiaí,SP,Sudeste,68.43,70.29,1.86,93.01,0.37,0.63,1,alto,3
4117008,Nova Fátima,PR,Sul,81.68,80.0,-1.68,87.64,0.3702,0.6298,0,alto,3
2509800,Mulungu,PB,Nordeste,56.27,60.21,3.94,82.81,0.3705,0.6295,0,alto,1
1503309,Igarapé-Miri,PA,Norte,36.72,43.33,6.61,79.52,0.3707,0.6293,0,alto,1
2608057,Jatobá,PE,Nordeste,76.14,76.72,0.58,88.76,0.3708,0.6292,0,alto,3
4117255,Nova Prata do Iguaçu,PR,Sul,80.81,80.0,-0.81,91.16,0.3709,0.6291,0,alto,3
3531100,Mongaguá,SP,Sudeste,48.6,53.74,5.14,77.63,0.3709,0.6291,0,alto,1
4124020,Santa Tereza do Oeste,PR,Sul,73.31,74.35,1.04,80.97,0.3715,0.6285,1,alto,1
3523404,Itatiba,SP,Sudeste,65.1,67.53,2.43,92.33,0.3716,0.6284,1,alto,3
4215307,Salete,SC,Sul,78.0,78.29,0.29,82.8,0.3716,0.6284,0,alto,3
2611101,Petrolina,PE,Nordeste,66.17,68.42,2.25,89.86,0.3716,0.6284,1,alto,3
2907004,Cardeal da Silva,BA,Nordeste,26.67,33.87,7.2,89.31,0.3719,0.6281,0,alto,0
3510609,Carapicuíba,SP,Sudeste,45.21,50.83,5.62,84.54,0.372,0.628,0,alto,1
4107009,Curiúva,PR,Sul,80.2,80.0,-0.2,89.66,0.3722,0.6278,0,alto,3
4218707,Tubarão,SC,Sul,70.32,71.86,1.54,82.21,0.3722,0.6278,0,alto,1
4119954,Pontal do Paraná,PR,Sul,71.19,72.58,1.39,81.29,0.3723,0.6277,0,alto,1
2101004,Arari,MA,Nordeste,67.49,69.51,2.02,92.95,0.3727,0.6273,1,alto,3
2106805,Mirinzal,MA,Nordeste,91.54,80.0,-11.54,96.36,0.3727,0.6273,0,alto,2
2709152,Teotônio Vilela,AL,Nordeste,52.48,57.03,4.55,89.21,0.3727,0.6273,1,alto,0
4123956,Santa Mônica,PR,Sul,78.67,78.86,0.19,88.89,0.3728,0.6272,1,alto,3
2110237,Santana do Maranhão,MA,Nordeste,85.85,80.0,-5.85,96.92,0.3728,0.6272,0,alto,2
3507506,Botucatu,SP,Sudeste,59.1,62.56,3.46,92.37,0.3729,0.6271,0,alto,3
2932457,Umburanas,BA,Nordeste,21.31,28.46,7.15,86.59,0.3729,0.6271,0,alto,0
4116406,Nossa Senhora das Graças,PR,Sul,79.15,79.27,0.12,81.36,0.373,0.627,1,alto,3
3302809,Mendes,RJ,Sudeste,58.36,61.95,3.59,82.44,0.3731,0.6269,0,alto,1
2514206,São José da Lagoa Tapada,PB,Nordeste,85.74,80.0,-5.74,87.18,0.3733,0.6267,0,alto,2
2921609,Morpará,BA,Nordeste,31.78,38.78,7.0,94.74,0.3733,0.6267,0,alto,0
1707009,Dianópolis,TO,Norte,51.81,56.47,4.66,87.04,0.3734,0.6266,1,alto,1
2202505,Caracol,PI,Nordeste,60.97,64.12,3.15,86.07,0.3734,0.6266,0,alto,3
3510708,Cardoso,SP,Sudeste,68.94,70.71,1.77,90.32,0.3735,0.6265,0,alto,3
3510005,Cândido Mota,SP,Sudeste,72.74,73.87,1.13,93.26,0.3737,0.6263,0,alto,3
1501758,Brejo Grande do Araguaia,PA,Norte,61.58,64.62,3.04,91.23,0.3739,0.6261,1,alto,3
3525805,Júlio Mesquita,SP,Sudeste,66.76,68.91,2.15,81.82,0.3739,0.6261,0,alto,1
2203305,Demerval Lobão,PI,Nordeste,70.15,71.72,1.57,95.71,0.3739,0.6261,1,alto,3
2102036,Bom Jesus das Selvas,MA,Nordeste,63.61,66.3,2.69,91.1,0.3746,0.6254,0,alto,3
2209757,São Gonçalo do Gurguéia,PI,Nordeste,76.47,77.0,0.53,100.0,0.3746,0.6254,0,alto,3
3521309,Ipuã,SP,Sudeste,77.09,77.52,0.43,86.16,0.3748,0.6252,0,alto,3
3503604,Areiópolis,SP,Sudeste,72.32,73.52,1.2,92.92,0.375,0.625,1,alto,3
3550605,São Roque,SP,Sudeste,52.32,56.9,4.58,86.1,0.3753,0.6247,0,alto,1
3552809,Taboão da Serra,SP,Sudeste,45.59,51.16,5.57,83.37,0.3754,0.6246,0,alto,1
1303809,São Gabriel da Cachoeira,AM,Norte,36.49,43.12,6.63,78.83,0.3756,0.6244,0,alto,1
2702306,Coruripe,AL,Nordeste,94.13,80.0,-14.13,97.47,0.3758,0.6242,1,alto,2
3510401,Capivari,SP,Sudeste,64.47,67.01,2.54,94.38,0.376,0.624,0,alto,3
3542701,Restinga,SP,Sudeste,70.28,71.82,1.54,92.79,0.376,0.624,0,alto,3
2204600,Hugo Napoleão,PI,Nordeste,82.43,80.0,-2.43,98.08,0.376,0.624,1,alto,3
4207007,Içara,SC,Sul,69.76,71.39,1.63,83.54,0.3761,0.6239,0,alto,3
2923704,Paratinga,BA,Nordeste,21.13,28.27,7.14,83.11,0.3761,0.6239,0,alto,0
1100262,Rio Crespo,RO,Norte,83.84,80.0,-3.84,79.03,0.3761,0.6239,0,alto,3
3303104,Natividade,RJ,Sudeste,60.3,63.56,3.26,87.16,0.3762,0.6238,0,alto,1
3515350,Euclides da Cunha Paulista,SP,Sudeste,75.97,76.58,0.61,87.5,0.3764,0.6236,0,alto,3
3519402,Ibirá,SP,Sudeste,71.16,72.56,1.4,89.19,0.3765,0.6235,0,alto,3
3507001,Boituva,SP,Sudeste,61.62,64.65,3.03,90.37,0.3765,0.6235,1,alto,3
2106631,Matões do Norte,MA,Nordeste,63.8,66.46,2.66,89.19,0.3765,0.6235,0,alto,3
4128534,Ventania,PR,Sul,74.1,75.01,0.91,84.03,0.3767,0.6233,1,alto,3
1720937,Taipas do Tocantins,TO,Norte,55.85,59.86,4.01,78.13,0.3767,0.6233,0,alto,1
4202404,Blumenau,SC,Sul,63.89,66.53,2.64,82.11,0.3769,0.6231,0,alto,1
1707652,Figueirópolis,TO,Norte,62.36,65.27,2.91,85.88,0.3771,0.6229,0,alto,3
2108108,Paulo Ramos,MA,Nordeste,76.26,76.82,0.56,95.09,0.3774,0.6226,1,alto,3
2501609,Barra de Santa Rosa,PB,Nordeste,56.39,60.31,3.92,90.24,0.3776,0.6224,0,alto,0
2707800,Roteiro,AL,Nordeste,64.36,66.92,2.56,98.13,0.3777,0.6223,0,alto,3
5001102,Aquidauana,MS,Centro-Oeste,70.0,71.59,1.59,84.72,0.3778,0.6222,0,alto,3
1100288,Rolim de Moura,RO,Norte,68.81,70.6,1.79,90.94,0.3778,0.6222,1,alto,3
3516002,Flórida Paulista,SP,Sudeste,82.92,80.0,-2.92,95.0,0.3779,0.6221,0,alto,3
2902104,Araci,BA,Nordeste,20.27,27.37,7.1,87.32,0.378,0.622,0,alto,0
4101606,Arapoti,PR,Sul,75.42,76.12,0.7,92.67,0.378,0.622,0,alto,3
2806602,Santo Amaro das Brotas,SE,Nordeste,34.57,41.37,6.8,84.38,0.3782,0.6218,0,alto,0
1100155,Ouro Preto do Oeste,RO,Norte,72.39,73.58,1.19,86.49,0.3783,0.6217,0,alto,3
2918506,Jussara,BA,Nordeste,23.19,30.4,7.21,91.76,0.3784,0.6216,1,alto,0
3537305,Penápolis,SP,Sudeste,60.58,63.79,3.21,88.7,0.3784,0.6216,0,alto,3
4100806,Alvorada do Sul,PR,Sul,69.39,71.09,1.7,87.72,0.3784,0.6216,1,alto,3
3543238,Ribeirão dos Índios,SP,Sudeste,70.59,72.08,1.49,94.44,0.3786,0.6214,1,alto,3
4102406,Bandeirantes,PR,Sul,75.41,76.11,0.7,88.6,0.3787,0.6213,0,alto,3
3543303,Ribeirão Pires,SP,Sudeste,64.35,66.91,2.56,91.67,0.3787,0.6213,0,alto,3
2103703,Cururupu,MA,Nordeste,65.83,68.14,2.31,91.85,0.3787,0.6213,0,alto,3
3528809,Maracaí,SP,Sudeste,84.81,80.0,-4.81,93.18,0.3787,0.6213,1,alto,2
3551702,Sertãozinho,SP,Sudeste,53.71,58.07,4.36,85.03,0.3789,0.6211,0,alto,1
3541406,Presidente Prudente,SP,Sudeste,54.07,58.37,4.3,88.78,0.3789,0.6211,1,alto,0
3500105,Adamantina,SP,Sudeste,67.41,69.44,2.03,92.39,0.3793,0.6207,0,alto,3
1507953,Tailândia,PA,Norte,37.67,44.19,6.52,82.1,0.3797,0.6203,0,alto,1
2210805,Simplício Mendes,PI,Nordeste,88.71,80.0,-8.71,96.84,0.3798,0.6202,0,alto,2
1505486,Pacajá,PA,Norte,37.32,43.87,6.55,75.38,0.3799,0.6201,1,alto,1
4122404,Rolândia,PR,Sul,73.4,74.42,1.02,90.42,0.38,0.62,0,alto,3
4117222,Nova Santa Rosa,PR,Sul,77.8,78.12,0.32,87.84,0.3802,0.6198,0,alto,3
3522109,Itanhaém,SP,Sudeste,54.33,58.59,4.26,83.76,0.3803,0.6197,0,alto,1
1508100,Tucuruí,PA,Norte,37.28,43.83,6.55,82.22,0.3804,0.6196,1,alto,1
2611606,Recife,PE,Nordeste,62.39,65.29,2.9,91.2,0.3805,0.6195,0,alto,3
3553708,Taquaritinga,SP,Sudeste,62.12,65.07,2.95,86.45,0.3806,0.6194,1,alto,3
2205003,Itainópolis,PI,Nordeste,74.15,75.05,0.9,98.35,0.3807,0.6193,0,alto,3
4215679,Santa Terezinha,SC,Sul,83.61,80.0,-3.61,84.72,0.3808,0.6192,0,alto,3
1500859,Anapu,PA,Norte,48.76,53.88,5.12,83.37,0.3808,0.6192,0,alto,1
4200606,Águas Mornas,SC,Sul,81.28,80.0,-1.28,79.65,0.381,0.619,0,alto,3
4121604,Renascença,PR,Sul,70.83,72.28,1.45,81.61,0.3813,0.6187,1,alto,1
2920809,Marcionílio Souza,BA,Nordeste,21.15,28.29,7.14,86.76,0.3814,0.6186,0,alto,0
3549805,São José do Rio Preto,SP,Sudeste,52.06,56.68,4.62,89.2,0.3814,0.6186,1,alto,0
4219507,Xanxerê,SC,Sul,66.62,68.79,2.17,77.17,0.3815,0.6185,1,alto,1
3522208,Itapecerica da Serra,SP,Sudeste,53.35,57.76,4.41,88.81,0.382,0.618,0,alto,0
3504503,Avaré,SP,Sudeste,57.49,61.23,3.74,91.09,0.382,0.618,0,alto,3
5003751,Eldorado,MS,Centro-Oeste,75.4,76.1,0.7,86.9,0.3825,0.6175,0,alto,3
4201273,Arabutã,SC,Sul,79.39,79.48,0.09,88.71,0.383,0.617,1,alto,3
1715150,Novo Alegre,TO,Norte,71.67,72.98,1.31,96.0,0.3832,0.6168,0,alto,3
2103752,Davinópolis,MA,Nordeste,66.75,68.9,2.15,98.28,0.3833,0.6167,1,alto,3
2112456,Turilândia,MA,Nordeste,56.43,60.34,3.91,84.92,0.3833,0.6167,0,alto,1
2108207,Pedreiras,MA,Nordeste,68.1,70.02,1.92,93.54,0.3836,0.6164,0,alto,3
5107925,Sorriso,MT,Centro-Oeste,79.08,79.21,0.13,90.48,0.3836,0.6164,1,alto,3
4105300,Céu Azul,PR,Sul,81.6,80.0,-1.6,88.67,0.3837,0.6163,1,alto,3
4123709,Santa Isabel do Ivaí,PR,Sul,84.22,80.0,-4.22,88.29,0.3838,0.6162,0,alto,3
3520442,Ilha Solteira,SP,Sudeste,66.53,68.72,2.19,92.56,0.3838,0.6162,1,alto,3
4117909,Palotina,PR,Sul,69.03,70.79,1.76,83.89,0.384,0.616,1,alto,3
3529302,Matão,SP,Sudeste,64.39,66.95,2.56,96.2,0.3841,0.6159,0,alto,3
4124004,Santana do Itararé,PR,Sul,78.27,78.52,0.25,90.79,0.3842,0.6158,0,alto,3
3544004,Rio das Pedras,SP,Sudeste,65.04,67.48,2.44,87.53,0.3843,0.6157,0,alto,3
2208551,Porto Alegre do Piauí,PI,Nordeste,73.86,74.81,0.95,96.88,0.3843,0.6157,0,alto,3
2202711,Cocal de Telha,PI,Nordeste,67.54,69.55,2.01,98.53,0.3843,0.6157,0,alto,3
2111607,São Raimundo das Mangabeiras,MA,Nordeste,71.02,72.44,1.42,93.45,0.3843,0.6157,1,alto,3
4304853,Carlos Gomes,RS,Sul,54.55,58.77,4.22,91.67,0.3844,0.6156,0,alto,3
2504850,Coxixola,PB,Nordeste,75.0,75.76,0.76,94.12,0.3844,0.6156,1,alto,3
2504009,Campina Grande,PB,Nordeste,42.4,48.39,5.99,85.81,0.3848,0.6152,0,alto,0
3525300,Jaú,SP,Sudeste,59.77,63.12,3.35,94.01,0.3849,0.6151,0,alto,3
3500758,Alambari,SP,Sudeste,71.59,72.91,1.32,94.81,0.3849,0.6151,0,alto,3
2611408,Primavera,PE,Nordeste,77.53,77.9,0.37,89.87,0.3849,0.6151,0,alto,3
4103503,Califórnia,PR,Sul,81.85,80.0,-1.85,91.85,0.3851,0.6149,0,alto,3
4104428,Candói,PR,Sul,73.37,74.4,1.03,86.23,0.3856,0.6144,0,alto,3
1703206,Bernardo Sayão,TO,Norte,52.8,57.3,4.5,86.21,0.3856,0.6144,1,alto,1
1600600,Santana,AP,Norte,41.76,47.82,6.06,91.52,0.3857,0.6143,1,alto,0
2605806,Frei Miguelinho,PE,Nordeste,68.03,69.96,1.93,86.21,0.3863,0.6137,1,alto,3
2102556,Campestre do Maranhão,MA,Nordeste,64.72,67.22,2.5,91.3,0.3866,0.6134,0,alto,3
2925253,Ponto Novo,BA,Nordeste,23.17,30.38,7.21,88.05,0.3867,0.6133,1,alto,0
4114005,Mamborê,PR,Sul,93.95,80.0,-13.95,73.19,0.3869,0.6131,0,alto,2
3304003,Piraí,RJ,Sudeste,58.8,62.31,3.51,86.97,0.3871,0.6129,0,alto,1
3525102,Jardinópolis,SP,Sudeste,58.3,61.9,3.6,80.61,0.3871,0.6129,0,alto,1
1100940,Cujubim,RO,Norte,77.47,77.84,0.37,92.5,0.3873,0.6127,0,alto,3
2508000,Juru,PB,Nordeste,66.04,68.31,2.27,90.0,0.3876,0.6124,0,alto,3
2912608,Ibiquera,BA,Nordeste,20.08,27.17,7.09,81.82,0.3877,0.6123,0,alto,0
2502151,Boa Vista,PB,Nordeste,68.57,70.41,1.84,96.97,0.3877,0.6123,0,alto,3
2202109,Campinas do Piauí,PI,Nordeste,90.62,80.0,-10.62,93.75,0.3878,0.6122,1,alto,2
4118204,Paranaguá,PR,Sul,61.91,64.89,2.98,80.7,0.3878,0.6122,0,alto,1
3544806,Sales,SP,Sudeste,67.97,69.91,1.94,89.47,0.388,0.612,0,alto,3
3545407,Salto Grande,SP,Sudeste,60.22,63.49,3.27,86.67,0.388,0.612,0,alto,1
4102000,Assis Chateaubriand,PR,Sul,80.21,80.0,-0.21,90.65,0.3881,0.6119,1,alto,3
3303807,Paraty,RJ,Sudeste,50.72,55.55,4.83,74.2,0.3881,0.6119,0,alto,1
2209401,Santo Antônio de Lisboa,PI,Nordeste,61.21,64.31,3.1,93.85,0.3882,0.6118,0,alto,3
2513703,Santa Rita,PB,Nordeste,40.83,47.0,6.17,78.24,0.3883,0.6117,0,alto,1
2204808,Ipiranga do Piauí,PI,Nordeste,85.43,80.0,-5.43,99.14,0.3883,0.6117,1,alto,2
4121752,Reserva do Iguaçu,PR,Sul,77.91,78.22,0.31,89.51,0.3886,0.6114,1,alto,3
4213708,Pouso Redondo,SC,Sul,66.5,68.69,2.19,76.67,0.3888,0.6112,0,alto,1
4204400,Coronel Freitas,SC,Sul,74.28,75.16,0.88,82.54,0.3888,0.6112,1,alto,3
2510402,Olho d'Água,PB,Nordeste,64.17,66.76,2.59,88.89,0.3889,0.6111,1,alto,3
3553906,Tarabai,SP,Sudeste,78.46,78.69,0.23,91.01,0.3889,0.6111,0,alto,3
2414159,Tenente Laurentino Cruz,RN,Nordeste,44.64,50.34,5.7,87.01,0.3891,0.6109,0,alto,0
2516755,Tenório,PB,Nordeste,62.16,65.1,2.94,82.86,0.3893,0.6107,0,alto,1
2507804,Junco do Seridó,PB,Nordeste,56.22,60.17,3.95,92.21,0.3894,0.6106,1,alto,0
2904902,Cachoeira,BA,Nordeste,24.85,32.07,7.22,85.91,0.3895,0.6105,1,alto,0
2514453,São José dos Ramos,PB,Nordeste,58.86,62.36,3.5,84.13,0.3896,0.6104,0,alto,1
2210201,São José do Piauí,PI,Nordeste,93.83,80.0,-13.83,98.51,0.3897,0.6103,1,alto,2
3520202,Igaratá,SP,Sudeste,61.45,64.51,3.06,82.35,0.3897,0.6103,0,alto,1
4123907,Santa Mariana,PR,Sul,73.65,74.63,0.98,88.89,0.3898,0.6102,1,alto,3
3545803,Santa Bárbara d'Oeste,SP,Sudeste,54.63,58.84,4.21,89.87,0.3899,0.6101,1,alto,0
2928950,São Domingos,BA,Nordeste,25.27,32.49,7.22,89.13,0.3901,0.6099,1,alto,0
2807105,Simão Dias,SE,Nordeste,33.19,40.09,6.9,92.24,0.3903,0.6097,0,alto,0
4210506,Maravilha,SC,Sul,84.42,80.0,-4.42,84.82,0.3906,0.6094,0,alto,3
2111508,São Mateus do Maranhão,MA,Nordeste,64.56,67.09,2.53,93.47,0.391,0.609,0,alto,3
4116901,Nova Esperança,PR,Sul,74.13,75.03,0.9,88.48,0.3912,0.6088,0,alto,3
1100049,Cacoal,RO,Norte,62.51,65.39,2.88,84.44,0.3913,0.6087,1,alto,1
4121356,Rancho Alegre D'Oeste,PR,Sul,78.04,78.33,0.29,90.24,0.3915,0.6085,0,alto,3
4122156,Rio Bonito do Iguaçu,PR,Sul,81.41,80.0,-1.41,88.0,0.3921,0.6079,1,alto,3
4119152,Pinhais,PR,Sul,62.74,65.58,2.84,85.19,0.3922,0.6078,0,alto,1
2108256,Pedro do Rosário,MA,Nordeste,65.82,68.13,2.31,89.36,0.3923,0.6077,0,alto,3
2509909,Natuba,PB,Nordeste,58.78,62.3,3.52,93.9,0.3925,0.6075,0,alto,3
2111789,Serrano do Maranhão,MA,Nordeste,67.99,69.93,1.94,87.5,0.3926,0.6074,0,alto,3
2700300,Arapiraca,AL,Nordeste,39.44,45.77,6.33,91.11,0.3927,0.6073,0,alto,0
4104659,Carambeí,PR,Sul,75.09,75.84,0.75,89.86,0.3929,0.6071,0,alto,3
1700707,Alvorada,TO,Norte,47.86,53.11,5.25,81.56,0.3929,0.6071,1,alto,1
3300803,Cachoeiras de Macacu,RJ,Sudeste,50.58,55.43,4.85,77.39,0.3932,0.6068,0,alto,1
3305133,São José de Ubá,RJ,Sudeste,75.12,75.86,0.74,94.32,0.3932,0.6068,1,alto,3
4124053,Santa Terezinha de Itaipu,PR,Sul,81.3,80.0,-1.3,88.19,0.3934,0.6066,0,alto,3
4104709,Carlópolis,PR,Sul,73.7,74.67,0.97,88.89,0.3934,0.6066,0,alto,3
4119400,Piraí do Sul,PR,Sul,72.99,74.08,1.09,89.16,0.3935,0.6065,0,alto,3
1504505,Melgaço,PA,Norte,38.0,44.48,6.48,74.24,0.3936,0.6064,0,alto,1
1100304,Vilhena,RO,Norte,65.62,67.96,2.34,85.9,0.3938,0.6062,1,alto,3
3542909,Ribeirão Bonito,SP,Sudeste,79.24,79.35,0.11,92.25,0.3941,0.6059,0,alto,3
4125407,São José da Boa Vista,PR,Sul,80.7,80.0,-0.7,88.0,0.3942,0.6058,0,alto,3
2403707,Felipe Guerra,RN,Nordeste,54.36,58.61,4.25,95.65,0.3943,0.6057,0,alto,0
4112306,Japira,PR,Sul,75.69,76.34,0.65,87.69,0.3943,0.6057,0,alto,3
2109056,Porto Rico do Maranhão,MA,Nordeste,73.83,74.78,0.95,94.19,0.3944,0.6056,0,alto,3
3544707,Sagres,SP,Sudeste,70.28,71.82,1.54,92.31,0.3944,0.6056,1,alto,3
2922300,Muritiba,BA,Nordeste,23.34,30.55,7.21,85.78,0.3946,0.6054,1,alto,0
1507607,São Miguel do Guamá,PA,Norte,38.69,45.1,6.41,82.21,0.3947,0.6053,1,alto,1
3504206,Auriflama,SP,Sudeste,68.6,70.43,1.83,92.37,0.3947,0.6053,1,alto,3
4115408,Marmeleiro,PR,Sul,78.32,78.57,0.25,94.76,0.3948,0.6052,1,alto,3
2105104,Icatu,MA,Nordeste,66.57,68.75,2.18,92.38,0.395,0.605,1,alto,3
4106506,Coronel Vivida,PR,Sul,80.52,80.0,-0.52,90.82,0.3952,0.6048,0,alto,3
2103257,Cidelândia,MA,Nordeste,66.44,68.64,2.2,92.31,0.3954,0.6046,1,alto,3
4118600,Paula Freitas,PR,Sul,77.55,77.91,0.36,90.59,0.3955,0.6045,0,alto,3
4106803,Cruz Machado,PR,Sul,80.66,80.0,-0.66,94.06,0.3955,0.6045,1,alto,3
4104006,Campina Grande do Sul,PR,Sul,70.42,71.94,1.52,86.92,0.3955,0.6045,0,alto,3
1716703,Colméia,TO,Norte,48.45,53.62,5.17,79.59,0.3956,0.6044,1,alto,1
3531803,Monte Mor,SP,Sudeste,49.58,54.58,5.0,86.28,0.3957,0.6043,0,alto,1
3517109,Glicério,SP,Sudeste,70.64,72.12,1.48,98.08,0.3957,0.6043,1,alto,3
3552403,Sumaré,SP,Sudeste,52.91,57.39,4.48,87.24,0.3959,0.6041,0,alto,1
2700805,Belém,AL,Nordeste,55.08,59.21,4.13,91.8,0.396,0.604,1,alto,0
3531308,Monte Alto,SP,Sudeste,67.07,69.16,2.09,94.74,0.3964,0.6036,0,alto,3
3505500,Barretos,SP,Sudeste,59.67,63.04,3.37,91.43,0.3964,0.6036,0,alto,3
4120408,Presidente Castelo Branco,PR,Sul,76.24,76.81,0.57,90.2,0.3966,0.6034,0,alto,3
4125209,São Jorge d'Oeste,PR,Sul,88.28,80.0,-8.28,85.95,0.3966,0.6034,1,alto,2
4106308,Corbélia,PR,Sul,74.62,75.44,0.82,86.78,0.3966,0.6034,1,alto,3
2615706,Triunfo,PE,Nordeste,82.65,80.0,-2.65,87.42,0.3968,0.6032,1,alto,3
2919157,Lapão,BA,Nordeste,25.08,32.3,7.22,90.62,0.3969,0.6031,0,alto,0
2210607,São Raimundo Nonato,PI,Nordeste,68.18,70.08,1.9,99.48,0.397,0.603,1,alto,3
4123808,Santa Izabel do Oeste,PR,Sul,82.42,80.0,-2.42,93.33,0.3971,0.6029,1,alto,3
2508703,Mãe d'Água,PB,Nordeste,70.0,71.59,1.59,90.91,0.3971,0.6029,0,alto,3
2107001,Montes Altos,MA,Nordeste,71.31,72.68,1.37,93.85,0.3973,0.6027,0,alto,3
4124202,Santo Antônio do Caiuá,PR,Sul,82.83,80.0,-2.83,92.11,0.3976,0.6024,1,alto,3
3534104,Oriente,SP,Sudeste,59.52,62.91,3.39,76.81,0.3976,0.6024,0,alto,1
2804607,Nossa Senhora das Dores,SE,Nordeste,32.7,39.64,6.94,89.79,0.3978,0.6022,0,alto,0
2409308,Patu,RN,Nordeste,32.16,39.13,6.97,83.33,0.3979,0.6021,0,alto,0
2407401,Martins,RN,Nordeste,41.62,47.7,6.08,85.51,0.398,0.602,1,alto,0
2607901,Jaboatão dos Guararapes,PE,Nordeste,57.25,61.03,3.78,88.41,0.3982,0.6018,0,alto,3
2501807,Bayeux,PB,Nordeste,33.89,40.74,6.85,73.31,0.3982,0.6018,0,alto,1
4102604,Barracão,PR,Sul,72.57,73.73,1.16,86.09,0.3982,0.6018,1,alto,3
2108306,Penalva,MA,Nordeste,55.46,59.53,4.07,84.82,0.3983,0.6017,1,alto,1
4126306,Sengés,PR,Sul,80.66,80.0,-0.66,93.19,0.3984,0.6016,1,alto,3
3518404,Guaratinguetá,SP,Sudeste,56.82,60.67,3.85,91.89,0.3986,0.6014,0,alto,3
3522703,Itápolis,SP,Sudeste,66.67,68.83,2.16,93.38,0.399,0.601,1,alto,3
2201051,Assunção do Piauí,PI,Nordeste,84.48,80.0,-4.48,96.52,0.3991,0.6009,0,alto,2
2102358,Buritirana,MA,Nordeste,61.37,64.45,3.08,93.41,0.3991,0.6009,0,alto,3
1707207,Dois Irmãos do Tocantins,TO,Norte,48.67,53.8,5.13,89.06,0.3992,0.6008,0,alto,0
2928505,Santa Terezinha,BA,Nordeste,26.63,33.84,7.21,88.17,0.3996,0.6004,0,alto,0
2514404,São José de Espinharas,PB,Nordeste,56.3,60.23,3.93,86.67,0.3997,0.6003,0,alto,1
3547601,Santa Rosa de Viterbo,SP,Sudeste,74.36,75.23,0.87,94.12,0.3998,0.6002,1,alto,3
4117503,Paiçandu,PR,Sul,68.48,70.33,1.85,86.4,0.3998,0.6002,0,alto,3
2505279,Curral de Cima,PB,Nordeste,57.14,60.93,3.79,100.0,0.4,0.6,0,alto,0
2512408,Puxinanã,PB,Nordeste,75.57,76.24,0.67,99.45,0.4,0.6,0,alto,3
4119806,Planalto,PR,Sul,87.64,80.0,-7.64,90.0,0.4,0.6,0,alto,2
3522406,Itapeva,SP,Sudeste,53.35,57.76,4.41,87.91,0.4001,0.5999,0,alto,0
4128609,Verê,PR,Sul,81.02,80.0,-1.02,93.1,0.4002,0.5998,0,alto,3
2803906,Malhador,SE,Nordeste,34.29,41.11,6.82,91.3,0.4002,0.5998,0,alto,0
3506904,Bofete,SP,Sudeste,45.78,51.32,5.54,75.44,0.4002,0.5998,1,alto,1
2506251,Gado Bravo,PB,Nordeste,78.26,78.52,0.26,100.0,0.4007,0.5993,0,alto,3
4107603,Faxinal,PR,Sul,83.44,80.0,-3.44,89.23,0.4007,0.5993,0,alto,3
3538006,Pindamonhangaba,SP,Sudeste,54.51,58.74,4.23,90.0,0.4008,0.5992,1,alto,0
3533304,Nova Luzitânia,SP,Sudeste,77.92,78.23,0.31,96.88,0.4009,0.5991,0,alto,3
4121703,Reserva,PR,Sul,72.87,73.98,1.11,84.1,0.4009,0.5991,1,alto,3
3533908,Olímpia,SP,Sudeste,61.15,64.26,3.11,90.47,0.401,0.599,1,alto,3
4127007,Teixeira Soares,PR,Sul,77.31,77.71,0.4,95.17,0.4011,0.5989,1,alto,3
4124400,Santo Antônio do Sudoeste,PR,Sul,79.51,79.58,0.07,92.05,0.4011,0.5989,1,alto,3
2915809,Itambé,BA,Nordeste,22.21,29.39,7.18,87.46,0.4013,0.5987,0,alto,0
3535606,Paraibuna,SP,Sudeste,63.5,66.21,2.71,89.77,0.4013,0.5987,0,alto,3
3505104,Barbosa,SP,Sudeste,64.82,67.3,2.48,87.21,0.4017,0.5983,0,alto,3
2109908,Santa Inês,MA,Nordeste,47.14,52.49,5.35,84.11,0.4021,0.5979,0,alto,1
2902252,Arataca,BA,Nordeste,16.86,23.69,6.83,75.79,0.4021,0.5979,0,alto,1
1507151,São Domingos do Araguaia,PA,Norte,46.05,51.56,5.51,79.26,0.4021,0.5979,0,alto,1
4112207,Janiópolis,PR,Sul,82.58,80.0,-2.58,86.67,0.4022,0.5978,0,alto,3
3541703,Quatá,SP,Sudeste,66.25,68.48,2.23,94.23,0.4023,0.5977,0,alto,3
1500404,Alenquer,PA,Norte,36.41,43.05,6.64,83.24,0.4029,0.5971,0,alto,1
4109609,Guaratuba,PR,Sul,67.35,69.4,2.05,85.14,0.4031,0.5969,0,alto,3
3301900,Itaboraí,RJ,Sudeste,51.3,56.04,4.74,85.01,0.4032,0.5968,0,alto,1
2207603,Parnaguá,PI,Nordeste,67.67,69.66,1.99,96.83,0.4032,0.5968,0,alto,3
1501105,Bagre,PA,Norte,46.7,52.12,5.42,86.83,0.4036,0.5964,1,alto,0
4115002,Marilena,PR,Sul,84.46,80.0,-4.46,94.5,0.4042,0.5958,0,alto,3
2408201,Nísia Floresta,RN,Nordeste,32.17,39.14,6.97,77.92,0.4044,0.5956,1,alto,1
2109239,Presidente Médici,MA,Nordeste,75.46,76.15,0.69,98.25,0.4044,0.5956,0,alto,3
2401453,Baraúna,RN,Nordeste,32.01,38.99,6.98,78.48,0.4047,0.5953,1,alto,1
4125704,São Miguel do Iguaçu,PR,Sul,73.58,74.57,0.99,90.55,0.4048,0.5952,1,alto,3
4107405,Enéas Marques,PR,Sul,83.61,80.0,-3.61,90.32,0.4049,0.5951,1,alto,3
3503307,Araras,SP,Sudeste,58.1,61.73,3.63,92.48,0.4052,0.5948,0,alto,3
3524402,Jacareí,SP,Sudeste,45.56,51.14,5.58,84.14,0.4053,0.5947,1,alto,1
1717909,Ponte Alta do Tocantins,TO,Norte,47.6,52.89,5.29,86.36,0.4056,0.5944,0,alto,1
3518107,Guarantã,SP,Sudeste,66.92,69.04,2.12,85.07,0.4056,0.5944,0,alto,3
3526001,Junqueirópolis,SP,Sudeste,76.94,77.4,0.46,95.83,0.4057,0.5943,1,alto,3
3519055,Holambra,SP,Sudeste,58.34,61.93,3.59,87.79,0.4057,0.5943,1,alto,3
2405009,Jaçanã,RN,Nordeste,47.01,52.38,5.37,93.26,0.4058,0.5942,0,alto,0
1505601,Peixe-Boi,PA,Norte,53.76,58.11,4.35,91.78,0.4061,0.5939,1,alto,0
4128104,Umuarama,PR,Sul,64.14,66.74,2.6,87.89,0.4063,0.5937,0,alto,3
2210631,Sebastião Leal,PI,Nordeste,93.5,80.0,-13.5,96.88,0.4063,0.5937,0,alto,2
4107702,Fênix,PR,Sul,65.16,67.58,2.42,77.78,0.4064,0.5936,0,alto,1
2615300,Timbaúba,PE,Nordeste,74.11,75.02,0.91,92.87,0.4065,0.5935,1,alto,3
3528106,Macaubal,SP,Sudeste,81.53,80.0,-1.53,94.74,0.4068,0.5932,1,alto,3
4200101,Abelardo Luz,SC,Sul,64.82,67.3,2.48,77.62,0.407,0.593,0,alto,1
3518503,Guareí,SP,Sudeste,62.27,65.19,2.92,90.21,0.4072,0.5928,1,alto,3
4208401,Itapiranga,SC,Sul,71.58,72.9,1.32,82.91,0.4076,0.5924,1,alto,1
1300086,Anamã,AM,Norte,33.26,40.16,6.9,70.0,0.4076,0.5924,1,alto,1
3530805,Mogi Mirim,SP,Sudeste,53.79,58.13,4.34,87.44,0.4077,0.5923,0,alto,1
4101309,Antônio Olinto,PR,Sul,91.41,80.0,-11.41,87.63,0.408,0.592,1,alto,2
4219150,Vargem,SC,Sul,88.99,80.0,-8.99,76.47,0.4081,0.5919,0,alto,2
2401305,Campo Grande,RN,Nordeste,36.13,42.79,6.66,80.72,0.4082,0.5918,1,alto,1
3526803,Lençóis Paulista,SP,Sudeste,61.31,64.4,3.09,91.57,0.4083,0.5917,0,alto,3
3301306,Casimiro de Abreu,RJ,Sudeste,54.93,59.09,4.16,82.75,0.4084,0.5916,0,alto,1
2802908,Itabaiana,SE,Nordeste,26.63,33.84,7.21,87.73,0.4086,0.5914,1,alto,0
2410405,Pureza,RN,Nordeste,35.91,42.59,6.68,86.92,0.4086,0.5914,0,alto,0
2804508,Nossa Senhora da Glória,SE,Nordeste,29.55,36.66,7.11,85.56,0.4088,0.5912,0,alto,0
3501707,Américo Brasiliense,SP,Sudeste,66.43,68.63,2.2,94.47,0.4088,0.5912,1,alto,3
4105706,Clevelândia,PR,Sul,73.11,74.18,1.07,89.57,0.4091,0.5909,1,alto,3
1301308,Codajás,AM,Norte,43.66,49.49,5.83,86.45,0.4093,0.5907,0,alto,0
4109708,Ibaiti,PR,Sul,72.88,73.99,1.11,88.82,0.4095,0.5905,0,alto,3
2800100,Amparo do São Francisco,SE,Nordeste,41.18,47.31,6.13,100.0,0.4095,0.5905,1,alto,0
4111407,Ivaí,PR,Sul,84.6,80.0,-4.6,93.71,0.4095,0.5905,1,alto,3
3551801,Sete Barras,SP,Sudeste,66.79,68.93,2.14,90.07,0.4098,0.5902,0,alto,3
4116109,Moreira Sales,PR,Sul,79.33,79.43,0.1,89.39,0.4099,0.5901,0,alto,3
2511103,Pedra Lavrada,PB,Nordeste,75.61,76.28,0.67,98.51,0.4101,0.5899,1,alto,3
3501905,Amparo,SP,Sudeste,52.41,56.97,4.56,86.71,0.4102,0.5898,1,alto,1
1100189,Pimenta Bueno,RO,Norte,69.73,71.37,1.64,90.35,0.4102,0.5898,1,alto,3
2107803,Parnarama,MA,Nordeste,90.73,80.0,-10.73,93.4,0.4103,0.5897,0,alto,2
3505609,Barrinha,SP,Sudeste,55.45,59.52,4.07,84.04,0.4105,0.5895,0,alto,1
3554102,Taubaté,SP,Sudeste,44.37,50.1,5.73,84.78,0.4107,0.5893,1,alto,1
4210100,Mafra,SC,Sul,72.98,74.07,1.09,87.74,0.4109,0.5891,1,alto,3
3536000,Parapuã,SP,Sudeste,75.58,76.25,0.67,98.29,0.4111,0.5889,0,alto,3
4100905,Amaporã,PR,Sul,71.89,73.16,1.27,81.67,0.4111,0.5889,1,alto,1
2804102,Moita Bonita,SE,Nordeste,43.16,49.05,5.89,96.94,0.4112,0.5888,1,alto,0
2202703,Cocal,PI,Nordeste,73.16,74.22,1.06,99.34,0.4113,0.5887,1,alto,3
3300209,Araruama,RJ,Sudeste,50.86,55.66,4.8,79.85,0.4113,0.5887,1,alto,1
1100924,Chupinguaia,RO,Norte,80.72,80.0,-0.72,86.17,0.4116,0.5884,0,alto,3
3301009,Campos dos Goytacazes,RJ,Sudeste,38.69,45.1,6.41,78.01,0.4122,0.5878,0,alto,1
3537800,Piedade,SP,Sudeste,58.57,62.12,3.55,94.77,0.4123,0.5877,1,alto,3
3301801,Engenheiro Paulo de Frontin,RJ,Sudeste,63.0,65.8,2.8,93.02,0.4124,0.5876,0,alto,3
3533403,Nova Odessa,SP,Sudeste,54.93,59.09,4.16,90.65,0.4124,0.5876,0,alto,0
2210953,Tamboril do Piauí,PI,Nordeste,68.75,70.55,1.8,100.0,0.4125,0.5875,0,alto,3
3509601,Campo Limpo Paulista,SP,Sudeste,49.85,54.81,4.96,87.67,0.4127,0.5873,0,alto,0
4126801,Tapejara,PR,Sul,69.39,71.09,1.7,87.39,0.4128,0.5872,0,alto,3
2204501,Guadalupe,PI,Nordeste,48.9,54.0,5.1,87.31,0.4128,0.5872,1,alto,0
2410207,Portalegre,RN,Nordeste,50.87,55.67,4.8,96.15,0.4129,0.5871,1,alto,0
3530607,Mogi das Cruzes,SP,Sudeste,46.57,52.01,5.44,90.85,0.413,0.587,0,alto,0
3301504,Cordeiro,RJ,Sudeste,59.21,62.66,3.45,84.0,0.4135,0.5865,1,alto,1
4118105,Paranacity,PR,Sul,83.27,80.0,-3.27,90.07,0.4136,0.5864,1,alto,3
3518206,Guararapes,SP,Sudeste,58.19,61.81,3.62,88.93,0.4138,0.5862,1,alto,3
3539806,Poá,SP,Sudeste,54.46,58.69,4.23,88.41,0.4139,0.5861,0,alto,0
2102507,Cajari,MA,Nordeste,53.27,57.7,4.43,81.97,0.414,0.586,0,alto,1
3502101,Andradina,SP,Sudeste,56.97,60.79,3.82,92.25,0.4142,0.5858,1,alto,3
2100907,Araioses,MA,Nordeste,56.23,60.17,3.94,88.77,0.4143,0.5857,0,alto,3
4214607,Rio do Oeste,SC,Sul,81.39,80.0,-1.39,87.25,0.4145,0.5855,0,alto,3
2802007,Divina Pastora,SE,Nordeste,39.34,45.68,6.34,93.85,0.4149,0.5851,0,alto,0
4121406,Realeza,PR,Sul,88.32,80.0,-8.32,90.83,0.415,0.585,0,alto,2
2205805,Luzilândia,PI,Nordeste,51.73,56.4,4.67,83.08,0.4151,0.5849,0,alto,1
2509008,Manaíra,PB,Nordeste,91.08,80.0,-11.08,97.5,0.4152,0.5848,0,alto,2
2515500,Serra Branca,PB,Nordeste,57.57,61.29,3.72,91.04,0.4152,0.5848,0,alto,3
5100300,Alto Araguaia,MT,Centro-Oeste,73.84,74.79,0.95,84.36,0.4153,0.5847,1,alto,3
4121505,Rebouças,PR,Sul,86.33,80.0,-6.33,91.36,0.4154,0.5846,0,alto,2
2507903,Juripiranga,PB,Nordeste,50.41,55.28,4.87,82.64,0.4156,0.5844,0,alto,1
4113734,Luiziana,PR,Sul,85.27,80.0,-5.27,82.14,0.4156,0.5844,1,alto,3
1506112,Quatipuru,PA,Norte,48.89,53.99,5.1,90.24,0.4158,0.5842,0,alto,0
4103040,Boa Ventura de São Roque,PR,Sul,74.78,75.58,0.8,86.67,0.4159,0.5841,0,alto,3
3556453,Vargem Grande Paulista,SP,Sudeste,56.05,60.02,3.97,88.98,0.416,0.584,1,alto,3
3543501,Riversul,SP,Sudeste,81.07,80.0,-1.07,97.96,0.416,0.584,0,alto,3
1705557,Combinado,TO,Norte,62.09,65.04,2.95,91.84,0.4161,0.5839,0,alto,3
2703502,Jacuípe,AL,Nordeste,54.29,58.55,4.26,89.16,0.4162,0.5838,1,alto,0
2112852,Vila Nova dos Martírios,MA,Nordeste,86.07,80.0,-6.07,94.85,0.4167,0.5833,0,alto,2
3506003,Bauru,SP,Sudeste,43.75,49.57,5.82,85.2,0.4168,0.5832,1,alto,1
3549102,São João da Boa Vista,SP,Sudeste,54.57,58.79,4.22,91.75,0.4168,0.5832,1,alto,0
4104600,Capitão Leônidas Marques,PR,Sul,72.97,74.06,1.09,89.69,0.4169,0.5831,1,alto,3
4111308,Itaúna do Sul,PR,Sul,77.38,77.77,0.39,89.74,0.417,0.583,0,alto,3
1706100,Cristalândia,TO,Norte,46.85,52.25,5.4,85.96,0.4174,0.5826,1,alto,1
1503002,Faro,PA,Norte,51.05,55.82,4.77,91.8,0.4177,0.5823,0,alto,0
2408904,Parelhas,RN,Nordeste,43.33,49.2,5.87,91.16,0.4179,0.5821,1,alto,0
3505203,Bariri,SP,Sudeste,64.82,67.3,2.48,95.19,0.4179,0.5821,1,alto,3
4210902,Modelo,SC,Sul,81.55,80.0,-1.55,80.39,0.4181,0.5819,1,alto,3
1503804,Jacundá,PA,Norte,40.47,46.69,6.22,86.26,0.4182,0.5818,0,alto,0
3543402,Ribeirão Preto,SP,Sudeste,39.11,45.48,6.37,86.17,0.4183,0.5817,0,alto,0
3515509,Fernandópolis,SP,Sudeste,57.61,61.33,3.72,93.13,0.4186,0.5814,0,alto,3
3538808,Piraju,SP,Sudeste,64.72,67.22,2.5,93.75,0.4187,0.5813,1,alto,3
3529708,Miguelópolis,SP,Sudeste,64.31,66.88,2.57,78.89,0.4189,0.5811,0,alto,1
4110805,Iretama,PR,Sul,87.59,80.0,-7.59,89.55,0.4189,0.5811,1,alto,2
4100301,Agudos do Sul,PR,Sul,75.84,76.47,0.63,91.62,0.4189,0.5811,1,alto,3
4217709,Sombrio,SC,Sul,64.93,67.39,2.46,78.99,0.4191,0.5809,0,alto,1
3535200,Palmeira d'Oeste,SP,Sudeste,67.6,69.6,2.0,94.94,0.4195,0.5805,1,alto,3
3548906,São Carlos,SP,Sudeste,51.56,56.26,4.7,90.29,0.4195,0.5805,0,alto,0
4216909,São Lourenço do Oeste,SC,Sul,71.41,72.76,1.35,78.68,0.4195,0.5805,0,alto,1
2801108,Canhoba,SE,Nordeste,45.45,51.04,5.59,95.65,0.4198,0.5802,1,alto,0
4122503,Roncador,PR,Sul,83.73,80.0,-3.73,89.68,0.4199,0.5801,0,alto,3
1700251,Abreulândia,TO,Norte,62.07,65.03,2.96,82.86,0.4201,0.5799,1,alto,1
4114807,Marialva,PR,Sul,73.24,74.29,1.05,91.54,0.4201,0.5799,0,alto,3
3537404,Pereira Barreto,SP,Sudeste,66.13,68.39,2.26,94.24,0.4202,0.5798,1,alto,3
1507706,São Sebastião da Boa Vista,PA,Norte,48.08,53.3,5.22,88.78,0.4203,0.5797,0,alto,0
4102307,Balsa Nova,PR,Sul,75.83,76.46,0.63,93.78,0.4203,0.5797,0,alto,3
2511400,Picuí,PB,Nordeste,52.51,57.06,4.55,88.89,0.4205,0.5795,0,alto,0
2106375,Maranhãozinho,MA,Nordeste,76.41,76.95,0.54,95.14,0.4206,0.5794,1,alto,3
2706448,Paripueira,AL,Nordeste,53.42,57.82,4.4,97.99,0.4206,0.5794,0,alto,0
3518909,Guzolândia,SP,Sudeste,88.59,80.0,-8.59,86.27,0.4208,0.5792,0,alto,2
2607208,Ipojuca,PE,Nordeste,68.37,70.24,1.87,93.96,0.421,0.579,0,alto,3
3517901,Guaraci,SP,Sudeste,73.82,74.77,0.95,96.64,0.4213,0.5787,0,alto,3
2801900,Cumbe,SE,Nordeste,44.12,49.89,5.77,91.89,0.4213,0.5787,1,alto,0
3509403,Cajuru,SP,Sudeste,71.78,73.07,1.29,84.56,0.4214,0.5786,0,alto,3
3509908,Cananéia,SP,Sudeste,64.85,67.33,2.48,93.2,0.4215,0.5785,0,alto,3
2512705,Remígio,PB,Nordeste,58.76,62.28,3.52,93.92,0.4216,0.5784,0,alto,3
2105351,Itaipava do Grajaú,MA,Nordeste,86.12,80.0,-6.12,97.18,0.4216,0.5784,0,alto,2
3548401,Santópolis do Aguapeí,SP,Sudeste,73.87,74.82,0.95,95.83,0.4217,0.5783,1,alto,3
4106704,Cruzeiro do Sul,PR,Sul,71.43,72.78,1.35,79.59,0.4217,0.5783,0,alto,1
3539509,Pitangueiras,SP,Sudeste,62.9,65.71,2.81,89.59,0.4218,0.5782,1,alto,3
4202131,Bela Vista do Toldo,SC,Sul,86.2,80.0,-6.2,85.9,0.422,0.578,1,alto,3
3544905,Sales Oliveira,SP,Sudeste,58.46,62.03,3.57,90.8,0.422,0.578,0,alto,3
4111209,Itapejara d'Oeste,PR,Sul,75.48,76.17,0.69,92.59,0.422,0.578,0,alto,3
3503406,Arealva,SP,Sudeste,72.62,73.77,1.15,95.12,0.4223,0.5777,1,alto,3
3510500,Caraguatatuba,SP,Sudeste,54.34,58.59,4.25,88.62,0.4223,0.5777,0,alto,0
4205704,Garopaba,SC,Sul,70.59,72.08,1.49,75.63,0.4224,0.5776,1,alto,1
5103403,Cuiabá,MT,Centro-Oeste,53.94,58.26,4.32,82.19,0.4224,0.5776,0,alto,1
2110005,Santa Luzia,MA,Nordeste,54.43,58.67,4.24,92.68,0.4228,0.5772,1,alto,0
3521507,Irapuã,SP,Sudeste,69.58,71.24,1.66,95.18,0.4228,0.5772,1,alto,3
3551009,São Vicente,SP,Sudeste,43.11,49.01,5.9,85.06,0.4229,0.5771,0,alto,1
2412500,São Miguel,RN,Nordeste,39.84,46.13,6.29,89.42,0.4232,0.5768,0,alto,0
2104909,Guimarães,MA,Nordeste,89.07,80.0,-9.07,97.95,0.4236,0.5764,1,alto,2
4123006,Salto do Lontra,PR,Sul,85.46,80.0,-5.46,91.37,0.4237,0.5763,0,alto,3
3545209,Salto,SP,Sudeste,56.22,60.17,3.95,93.64,0.4238,0.5762,1,alto,3
2504603,Conde,PB,Nordeste,62.38,65.28,2.9,94.92,0.4241,0.5759,1,alto,3
1707405,Esperantina,TO,Norte,40.82,47.0,6.18,80.31,0.4241,0.5759,1,alto,1
2925600,Presidente Dutra,BA,Nordeste,21.28,28.43,7.15,89.26,0.4241,0.5759,0,alto,0
4119202,Pinhalão,PR,Sul,73.96,74.89,0.93,83.53,0.4242,0.5758,1,alto,3
3501509,Alvinlândia,SP,Sudeste,74.3,75.18,0.88,91.18,0.4242,0.5758,1,alto,3
4114203,Mandaguari,PR,Sul,85.06,80.0,-5.06,92.47,0.4243,0.5757,1,alto,3
1101401,Monte Negro,RO,Norte,72.19,73.41,1.22,90.53,0.4245,0.5755,0,alto,3
4103453,Cafelândia,PR,Sul,87.02,80.0,-7.02,88.81,0.4249,0.5751,0,alto,2
3518800,Guarulhos,SP,Sudeste,39.42,45.75,6.33,87.82,0.425,0.575,0,alto,0
2105005,Humberto de Campos,MA,Nordeste,61.59,64.63,3.04,92.38,0.4253,0.5747,0,alto,3
1101708,Urupá,RO,Norte,70.92,72.36,1.44,86.88,0.4255,0.5745,0,alto,3
3554201,Tejupá,SP,Sudeste,73.38,74.41,1.03,96.08,0.4258,0.5742,0,alto,3
3531407,Monte Aprazível,SP,Sudeste,73.54,74.54,1.0,93.88,0.4259,0.5741,0,alto,3
5107297,São José do Povo,MT,Centro-Oeste,80.66,80.0,-0.66,87.5,0.4261,0.5739,0,alto,3
4106571,Cruzeiro do Iguaçu,PR,Sul,81.66,80.0,-1.66,90.41,0.4264,0.5736,1,alto,3
3520905,Ipaussu,SP,Sudeste,55.77,59.79,4.02,88.06,0.4267,0.5733,0,alto,0
4112801,Joaquim Távora,PR,Sul,85.53,80.0,-5.53,88.08,0.427,0.573,1,alto,3
4122305,Rio Negro,PR,Sul,85.17,80.0,-5.17,92.43,0.4272,0.5728,1,alto,3
2506806,Ingá,PB,Nordeste,57.31,61.08,3.77,93.94,0.4274,0.5726,0,alto,3
4100707,Alto Piquiri,PR,Sul,74.73,75.54,0.81,90.0,0.4275,0.5725,0,alto,3
1702554,Augustinópolis,TO,Norte,50.01,54.94,4.93,90.18,0.4275,0.5725,1,alto,0
2102606,Cândido Mendes,MA,Nordeste,61.61,64.65,3.04,92.22,0.4277,0.5723,0,alto,3
3508306,Cabrália Paulista,SP,Sudeste,79.41,79.5,0.09,97.78,0.4279,0.5721,0,alto,3
2512101,Pombal,PB,Nordeste,58.65,62.19,3.54,91.94,0.4279,0.5721,1,alto,3
2923050,Novo Triunfo,BA,Nordeste,21.75,28.92,7.17,86.89,0.428,0.572,1,alto,0
3520608,Indiana,SP,Sudeste,81.63,80.0,-1.63,100.0,0.428,0.572,0,alto,3
2505006,Cubati,PB,Nordeste,71.83,73.11,1.28,98.95,0.428,0.572,1,alto,3
3513702,Descalvado,SP,Sudeste,59.36,62.78,3.42,90.55,0.4284,0.5716,1,alto,3
3305554,Seropédica,RJ,Sudeste,46.5,51.95,5.45,81.56,0.4285,0.5715,0,alto,1
4211058,Monte Carlo,SC,Sul,63.76,66.43,2.67,73.62,0.4286,0.5714,0,alto,1
1507458,São Geraldo do Araguaia,PA,Norte,46.49,51.94,5.45,87.19,0.4286,0.5714,1,alto,0
4128658,Virmond,PR,Sul,78.69,78.88,0.19,91.03,0.429,0.571,1,alto,3
1720150,São Félix do Tocantins,TO,Norte,83.33,80.0,-3.33,90.91,0.4291,0.5709,0,alto,2
3543204,Ribeirão do Sul,SP,Sudeste,74.14,75.04,0.9,98.18,0.4297,0.5703,0,alto,3
3523602,Itirapina,SP,Sudeste,59.11,62.57,3.46,88.1,0.4297,0.5703,1,alto,3
2608909,Limoeiro,PE,Nordeste,72.23,73.45,1.22,93.01,0.4304,0.5696,0,alto,3
1706001,Couto Magalhães,TO,Norte,48.18,53.39,5.21,86.52,0.4304,0.5696,0,alto,1
4103354,Braganey,PR,Sul,84.89,80.0,-4.89,83.87,0.4304,0.5696,1,alto,3
3546900,Santa Lúcia,SP,Sudeste,66.83,68.96,2.13,89.04,0.4305,0.5695,1,alto,3
3518602,Guariba,SP,Sudeste,69.71,71.35,1.64,96.1,0.4308,0.5692,1,alto,3
3500709,Agudos,SP,Sudeste,57.23,61.01,3.78,87.27,0.4312,0.5688,1,alto,3
1716505,Pedro Afonso,TO,Norte,53.06,57.52,4.46,96.05,0.4315,0.5685,0,alto,0
3522604,Itapira,SP,Sudeste,60.48,63.71,3.23,95.93,0.4319,0.5681,0,alto,3
4212908,Pinhalzinho,SC,Sul,78.25,78.51,0.26,91.72,0.4321,0.5679,0,alto,3
2413508,Serrinha,RN,Nordeste,56.19,60.14,3.95,95.24,0.4321,0.5679,0,alto,3
2910859,Filadélfia,BA,Nordeste,18.28,25.25,6.97,84.97,0.4321,0.5679,1,alto,0
3515400,Fartura,SP,Sudeste,62.71,65.56,2.85,90.1,0.4323,0.5677,1,alto,3
4125753,São Pedro do Iguaçu,PR,Sul,74.73,75.54,0.81,88.61,0.4323,0.5677,1,alto,3
3155702,Rio Piracicaba,MG,Sudeste,77.01,77.46,0.45,74.07,0.4324,0.5676,0,alto,1
2104099,Formosa da Serra Negra,MA,Nordeste,85.6,80.0,-5.6,96.33,0.4325,0.5675,1,alto,2
2707602,Quebrangulo,AL,Nordeste,57.48,61.22,3.74,100.0,0.4326,0.5674,0,alto,3
4108601,Goioerê,PR,Sul,70.49,72.0,1.51,87.47,0.4326,0.5674,0,alto,3
3506359,Bertioga,SP,Sudeste,54.67,58.87,4.2,89.48,0.4326,0.5674,1,alto,0
3500402,Águas da Prata,SP,Sudeste,64.77,67.26,2.49,90.0,0.4326,0.5674,0,alto,3
4116703,Nova Aurora,PR,Sul,82.25,80.0,-2.25,85.07,0.4327,0.5673,0,alto,3
2107407,Olho d'Água das Cunhãs,MA,Nordeste,53.93,58.25,4.32,87.21,0.4329,0.5671,1,alto,1
3509502,Campinas,SP,Sudeste,41.69,47.76,6.07,86.6,0.4333,0.5667,0,alto,0
2103000,Caxias,MA,Nordeste,43.75,49.57,5.82,83.56,0.4334,0.5666,1,alto,1
4127965,Turvo,PR,Sul,82.63,80.0,-2.63,94.21,0.4335,0.5665,1,alto,3
2503704,Cajazeiras,PB,Nordeste,51.68,56.36,4.68,91.74,0.434,0.566,0,alto,0
4110953,Itaipulândia,PR,Sul,86.91,80.0,-6.91,86.74,0.434,0.566,1,alto,2
1502707,Conceição do Araguaia,PA,Norte,38.67,45.08,6.41,79.6,0.4341,0.5659,1,alto,1
1506104,Primavera,PA,Norte,48.96,54.05,5.09,90.32,0.4342,0.5658,0,alto,0
2103307,Codó,MA,Nordeste,46.94,52.32,5.38,86.22,0.4347,0.5653,0,alto,1
2201804,Bocaina,PI,Nordeste,90.77,80.0,-10.77,91.67,0.4349,0.5651,0,alto,2
1702109,Araguaína,TO,Norte,35.44,42.16,6.72,86.32,0.435,0.565,1,alto,0
4204905,Descanso,SC,Sul,80.41,80.0,-0.41,84.72,0.435,0.565,0,alto,3
3536208,Pariquera-Açu,SP,Sudeste,64.45,67.0,2.55,94.53,0.4352,0.5648,0,alto,3
4216701,São José do Cedro,SC,Sul,76.38,76.92,0.54,88.55,0.4352,0.5648,1,alto,3
3513009,Cotia,SP,Sudeste,50.67,55.5,4.83,89.72,0.436,0.564,0,alto,0
1720259,São Salvador do Tocantins,TO,Norte,47.62,52.91,5.29,86.36,0.436,0.564,1,alto,0
4215554,Santa Helena,SC,Sul,78.34,78.58,0.24,85.29,0.4362,0.5638,0,alto,3
2604155,Casinhas,PE,Nordeste,79.46,79.54,0.08,97.78,0.4363,0.5637,1,alto,3
1303908,São Paulo de Olivença,AM,Norte,33.12,40.03,6.91,79.22,0.4363,0.5637,0,alto,1
3302502,Magé,RJ,Sudeste,46.26,51.74,5.48,83.3,0.4363,0.5637,0,alto,1
2510907,Paulista,PB,Nordeste,61.87,64.86,2.99,91.67,0.4364,0.5636,0,alto,3
3511508,Cerquilho,SP,Sudeste,60.93,64.08,3.15,92.57,0.4365,0.5635,1,alto,3
3516606,Gália,SP,Sudeste,78.91,79.07,0.16,85.96,0.4365,0.5635,0,alto,3
1600279,Laranjal do Jari,AP,Norte,39.29,45.64,6.35,94.48,0.4366,0.5634,0,alto,0
2612703,Santa Maria do Cambucá,PE,Nordeste,83.17,80.0,-3.17,91.67,0.4367,0.5633,0,alto,3
4120333,Prado Ferreira,PR,Sul,76.64,77.14,0.5,88.1,0.4371,0.5629,0,alto,3
4107801,Floraí,PR,Sul,77.34,77.73,0.39,89.29,0.4371,0.5629,1,alto,3
2200301,Alto Longá,PI,Nordeste,90.92,80.0,-10.92,93.2,0.4371,0.5629,1,alto,2
2920205,Malhada,BA,Nordeste,25.23,32.45,7.22,93.48,0.4372,0.5628,1,alto,0
3515301,Estrela do Norte,SP,Sudeste,72.99,74.08,1.09,97.37,0.4374,0.5626,1,alto,3
2202026,Buriti dos Montes,PI,Nordeste,84.87,80.0,-4.87,100.0,0.4377,0.5623,1,alto,2
3508504,Caçapava,SP,Sudeste,53.05,57.51,4.46,90.09,0.4378,0.5622,0,alto,0
2704906,Mar Vermelho,AL,Nordeste,58.97,62.46,3.49,100.0,0.4378,0.5622,0,alto,3
1501600,Bonito,PA,Norte,37.01,43.59,6.58,73.24,0.4378,0.5622,0,alto,1
3508801,Cafelândia,SP,Sudeste,61.19,64.3,3.11,90.28,0.4379,0.5621,0,alto,3
4103909,Campina da Lagoa,PR,Sul,80.15,80.0,-0.15,94.94,0.438,0.562,0,alto,3
4107124,Diamante do Sul,PR,Sul,69.4,71.09,1.69,79.49,0.4381,0.5619,1,alto,1
3507803,Brodowski,SP,Sudeste,53.67,58.03,4.36,80.0,0.4381,0.5619,0,alto,1
3305604,Silva Jardim,RJ,Sudeste,55.39,59.47,4.08,84.24,0.4382,0.5618,0,alto,1
3302056,Italva,RJ,Sudeste,54.49,58.72,4.23,82.76,0.4382,0.5618,1,alto,1
3512506,Coroados,SP,Sudeste,69.43,71.12,1.69,84.38,0.4383,0.5617,1,alto,3
3530706,Mogi Guaçu,SP,Sudeste,51.4,56.12,4.72,88.86,0.4385,0.5615,1,alto,0
1100296,Santa Luzia D'Oeste,RO,Norte,76.11,76.7,0.59,97.87,0.4387,0.5613,1,alto,3
3505005,Barão de Antonina,SP,Sudeste,65.56,67.91,2.35,89.66,0.4387,0.5613,0,alto,3
4213104,Piratuba,SC,Sul,81.43,80.0,-1.43,82.81,0.4387,0.5613,1,alto,3
4108320,Francisco Alves,PR,Sul,68.71,70.52,1.81,80.7,0.4389,0.5611,1,alto,1
3556701,Vinhedo,SP,Sudeste,51.4,56.12,4.72,88.02,0.4391,0.5609,1,alto,0
4101200,Antonina,PR,Sul,66.31,68.53,2.22,85.71,0.4392,0.5608,0,alto,3
2800506,Areia Branca,SE,Nordeste,27.09,34.29,7.2,79.92,0.4393,0.5607,1,alto,1
4315057,Porto Mauá,RS,Sul,41.07,47.22,6.15,87.5,0.4395,0.5605,1,alto,0
1506401,Santa Cruz do Arari,PA,Norte,49.87,54.82,4.95,90.99,0.4396,0.5604,0,alto,0
3517604,Guapiara,SP,Sudeste,66.94,69.06,2.12,95.8,0.4396,0.5604,0,alto,3
5103106,Cocalinho,MT,Centro-Oeste,78.71,78.9,0.19,85.19,0.4398,0.5602,0,alto,3
2105302,Imperatriz,MA,Nordeste,45.19,50.82,5.63,89.11,0.4399,0.5601,1,alto,0
2207850,Pavussu,PI,Nordeste,66.32,68.54,2.22,100.0,0.4399,0.5601,1,alto,3
4215455,Sangão,SC,Sul,69.26,70.98,1.72,88.64,0.44,0.56,0,alto,3
4100509,Altônia,PR,Sul,70.4,71.92,1.52,81.37,0.441,0.559,1,alto,1
2708402,São José da Tapera,AL,Nordeste,49.03,54.11,5.08,93.99,0.4411,0.5589,0,alto,0
3544251,Rosana,SP,Sudeste,59.53,62.92,3.39,85.96,0.4411,0.5589,1,alto,3
3544608,Sabino,SP,Sudeste,54.4,58.64,4.24,86.79,0.4411,0.5589,0,alto,1
4212007,Palma Sola,SC,Sul,80.08,80.0,-0.08,86.84,0.4413,0.5587,0,alto,3
4219408,Witmarsum,SC,Sul,79.96,79.97,0.01,93.33,0.4417,0.5583,0,alto,3
3556800,Viradouro,SP,Sudeste,63.55,66.25,2.7,92.61,0.4418,0.5582,0,alto,3
3539707,Platina,SP,Sudeste,71.43,72.78,1.35,100.0,0.4419,0.5581,1,alto,3
4208609,Jaborá,SC,Sul,73.88,74.82,0.94,80.3,0.4421,0.5579,1,alto,1
4115754,Mauá da Serra,PR,Sul,81.13,80.0,-1.13,92.98,0.4421,0.5579,1,alto,3
4105904,Colorado,PR,Sul,84.01,80.0,-4.01,93.58,0.4422,0.5578,0,alto,3
2202729,Cocal dos Alves,PI,Nordeste,80.26,80.0,-0.26,97.53,0.4422,0.5578,1,alto,3
2107357,Nova Olinda do Maranhão,MA,Nordeste,57.16,60.95,3.79,88.76,0.4422,0.5578,1,alto,3
4109104,Guaporema,PR,Sul,84.38,80.0,-4.38,88.89,0.4424,0.5576,0,alto,3
4122701,Sabáudia,PR,Sul,81.51,80.0,-1.51,87.5,0.4425,0.5575,0,alto,3
1507409,São Francisco do Pará,PA,Norte,37.02,43.6,6.58,79.23,0.4427,0.5573,0,alto,1
3515657,Fernão,SP,Sudeste,92.86,80.0,-12.86,93.33,0.4427,0.5573,0,alto,2
3550803,São Sebastião da Grama,SP,Sudeste,64.77,67.26,2.49,92.31,0.4429,0.5571,1,alto,3
4109005,Guapirama,PR,Sul,87.9,80.0,-7.9,87.37,0.4429,0.5571,0,alto,2
2510105,Nova Floresta,PB,Nordeste,66.12,68.38,2.26,93.22,0.4431,0.5569,0,alto,3
2100709,Anajatuba,MA,Nordeste,72.8,73.92,1.12,91.54,0.4434,0.5566,0,alto,3
4206504,Guaramirim,SC,Sul,70.33,71.87,1.54,84.48,0.4436,0.5564,0,alto,3
4127106,Telêmaco Borba,PR,Sul,63.2,65.96,2.76,86.34,0.4438,0.5562,0,alto,3
4217253,São Pedro de Alcântara,SC,Sul,73.98,74.91,0.93,84.75,0.4438,0.5562,0,alto,3
2102903,Carutapera,MA,Nordeste,55.58,59.63,4.05,86.16,0.4439,0.5561,1,alto,1
3303203,Nilópolis,RJ,Sudeste,44.36,50.1,5.74,78.43,0.444,0.556,0,alto,1
2606804,Igarassu,PE,Nordeste,62.61,65.47,2.86,91.21,0.444,0.556,1,alto,3
1500305,Afuá,PA,Norte,30.81,37.86,7.05,72.68,0.4441,0.5559,1,alto,1
3507605,Bragança Paulista,SP,Sudeste,52.01,56.64,4.63,88.69,0.4444,0.5556,0,alto,0
3305109,São João de Meriti,RJ,Sudeste,37.6,44.12,6.52,78.52,0.4444,0.5556,0,alto,1
3301850,Guapimirim,RJ,Sudeste,50.19,55.1,4.91,81.99,0.4447,0.5553,0,alto,1
3509205,Cajamar,SP,Sudeste,50.91,55.71,4.8,86.47,0.4447,0.5553,0,alto,1
4113304,Laranjeiras do Sul,PR,Sul,72.14,73.37,1.23,88.55,0.445,0.555,0,alto,3
3515103,Embu-Guaçu,SP,Sudeste,46.49,51.94,5.45,87.72,0.445,0.555,0,alto,0
5005103,Jateí,MS,Centro-Oeste,66.67,68.83,2.16,75.0,0.445,0.555,0,alto,1
4112108,Jandaia do Sul,PR,Sul,76.99,77.44,0.45,92.54,0.445,0.555,0,alto,3
3505906,Batatais,SP,Sudeste,60.92,64.07,3.15,96.58,0.4451,0.5549,0,alto,3
2209559,São Braz do Piauí,PI,Nordeste,87.8,80.0,-7.8,100.0,0.4452,0.5548,0,alto,2
4209508,Laurentino,SC,Sul,64.28,66.86,2.58,71.43,0.4454,0.5546,0,alto,1
2708105,Santana do Mundaú,AL,Nordeste,98.87,80.0,-18.87,100.0,0.4455,0.5545,1,alto,2
5105234,Lambari D'Oeste,MT,Centro-Oeste,87.13,80.0,-7.13,93.94,0.4455,0.5545,0,alto,2
2110203,Santa Rita,MA,Nordeste,59.53,62.92,3.39,92.21,0.4456,0.5544,0,alto,3
4120804,Quatro Barras,PR,Sul,66.78,68.92,2.14,86.02,0.4457,0.5543,0,alto,3
2610301,Paranatama,PE,Nordeste,74.14,75.04,0.9,92.0,0.4457,0.5543,0,alto,3
2104008,Esperantinópolis,MA,Nordeste,59.36,62.78,3.42,96.07,0.4461,0.5539,1,alto,3
1100080,Costa Marques,RO,Norte,80.68,80.0,-0.68,91.06,0.4461,0.5539,0,alto,3
3528502,Mairiporã,SP,Sudeste,55.0,59.15,4.15,92.2,0.4465,0.5535,1,alto,0
3552700,Tabatinga,SP,Sudeste,62.43,65.32,2.89,94.61,0.4466,0.5534,0,alto,3
2906824,Canudos,BA,Nordeste,18.85,25.86,7.01,87.23,0.4468,0.5532,1,alto,0
1506906,Santarém Novo,PA,Norte,52.16,56.76,4.6,90.38,0.4469,0.5531,1,alto,0
4200507,Águas de Chapecó,SC,Sul,72.27,73.48,1.21,83.87,0.447,0.553,1,alto,3
4126207,Sapopema,PR,Sul,73.32,74.36,1.04,84.09,0.4471,0.5529,1,alto,3
2806008,Ribeirópolis,SE,Nordeste,33.67,40.54,6.87,89.91,0.4473,0.5527,0,alto,0
2104057,Estreito,MA,Nordeste,54.89,59.05,4.16,88.66,0.4473,0.5527,1,alto,3
2413904,Taipu,RN,Nordeste,36.54,43.17,6.63,85.42,0.4477,0.5523,0,alto,0
3550100,São Manuel,SP,Sudeste,59.7,63.06,3.36,93.84,0.4479,0.5521,0,alto,3
3516309,Francisco Morato,SP,Sudeste,50.64,55.48,4.84,88.03,0.448,0.552,0,alto,0
2109106,Presidente Dutra,MA,Nordeste,54.77,58.95,4.18,91.26,0.4481,0.5519,0,alto,0
3300159,Aperibé,RJ,Sudeste,59.34,62.76,3.42,94.34,0.4482,0.5518,1,alto,3
2210375,São Luis do Piauí,PI,Nordeste,58.51,62.07,3.56,91.18,0.4484,0.5516,0,alto,3
2605103,Custódia,PE,Nordeste,82.05,80.0,-2.05,94.04,0.4485,0.5515,1,alto,3
5107875,Sapezal,MT,Centro-Oeste,69.76,71.39,1.63,84.85,0.4485,0.5515,1,alto,3
3553203,Taiúva,SP,Sudeste,68.12,70.03,1.91,87.3,0.4487,0.5513,0,alto,3
3557006,Votorantim,SP,Sudeste,48.87,53.97,5.1,87.57,0.4493,0.5507,1,alto,0
3510203,Capão Bonito,SP,Sudeste,62.4,65.3,2.9,94.76,0.4493,0.5507,1,alto,3
2513927,São Bentinho,PB,Nordeste,65.98,68.26,2.28,98.25,0.4495,0.5505,0,alto,3
4119103,Piên,PR,Sul,85.9,80.0,-5.9,92.54,0.4495,0.5505,1,alto,3
2408300,Nova Cruz,RN,Nordeste,30.54,37.61,7.07,78.95,0.4496,0.5504,0,alto,1
4107751,Figueira,PR,Sul,82.1,80.0,-2.1,90.1,0.4496,0.5504,0,alto,3
3523206,Itararé,SP,Sudeste,55.9,59.9,4.0,95.18,0.4496,0.5504,0,alto,0
1100148,Nova Brasilândia D'Oeste,RO,Norte,74.81,75.6,0.79,93.91,0.4497,0.5503,1,alto,3
1504950,Nova Esperança do Piriá,PA,Norte,35.64,42.35,6.71,75.18,0.4497,0.5503,1,alto,1
1704600,Chapada de Areia,TO,Norte,50.0,54.93,4.93,84.21,0.4498,0.5502,0,alto,1
4218954,Urupema,SC,Sul,80.15,80.0,-0.15,89.29,0.4498,0.5502,0,alto,3
4119707,Planaltina do Paraná,PR,Sul,79.79,79.82,0.03,94.74,0.4499,0.5501,1,alto,3
2203602,Eliseu Martins,PI,Nordeste,82.88,80.0,-2.88,97.67,0.4499,0.5501,0,alto,3
5106257,Nova Xavantina,MT,Centro-Oeste,71.61,72.93,1.32,82.39,0.45,0.55,0,alto,3
3556503,Várzea Paulista,SP,Sudeste,48.73,53.85,5.12,90.07,0.4501,0.5499,0,alto,0
3554409,Terra Roxa,SP,Sudeste,67.21,69.28,2.07,96.63,0.4502,0.5498,1,alto,3
2604007,Carpina,PE,Nordeste,65.28,67.68,2.4,90.5,0.4502,0.5498,0,alto,3
4110078,Imbaú,PR,Sul,71.92,73.19,1.27,86.89,0.4503,0.5497,0,alto,3
2915403,Itaju do Colônia,BA,Nordeste,20.17,27.27,7.1,85.87,0.4504,0.5496,0,alto,0
4103057,Boa Vista da Aparecida,PR,Sul,72.39,73.58,1.19,90.55,0.4505,0.5495,0,alto,3
4214904,Rio Fortuna,SC,Sul,78.36,78.6,0.24,89.04,0.4506,0.5494,0,alto,3
4117701,Palmeira,PR,Sul,71.64,72.95,1.31,92.1,0.4506,0.5494,0,alto,3
4103222,Bom Sucesso do Sul,PR,Sul,82.0,80.0,-2.0,94.34,0.4507,0.5493,0,alto,3
3542305,Redenção da Serra,SP,Sudeste,83.33,80.0,-3.33,93.75,0.4507,0.5493,1,alto,3
3531001,Monções,SP,Sudeste,84.21,80.0,-4.21,90.48,0.4507,0.5493,1,alto,3
3549953,São Lourenço da Serra,SP,Sudeste,61.39,64.46,3.07,91.62,0.4511,0.5489,0,alto,3
2606903,Iguaracy,PE,Nordeste,72.59,73.75,1.16,93.27,0.4511,0.5489,1,alto,3
1506161,Rio Maria,PA,Norte,41.79,47.85,6.06,82.9,0.4512,0.5488,1,alto,1
3524600,Jacupiranga,SP,Sudeste,63.85,66.5,2.65,93.98,0.4513,0.5487,0,alto,3
2930808,Souto Soares,BA,Nordeste,25.49,32.71,7.22,97.18,0.4514,0.5486,0,alto,0
3533502,Novo Horizonte,SP,Sudeste,61.56,64.6,3.04,91.8,0.4514,0.5486,1,alto,3
3550506,São Pedro do Turvo,SP,Sudeste,69.21,70.94,1.73,97.89,0.4514,0.5486,1,alto,3
4120903,Quedas do Iguaçu,PR,Sul,71.7,73.0,1.3,90.85,0.4517,0.5483,0,alto,3
2703205,Igreja Nova,AL,Nordeste,47.93,53.17,5.24,90.6,0.4517,0.5483,0,alto,0
4212239,Paraíso,SC,Sul,85.76,80.0,-5.76,90.57,0.4521,0.5479,1,alto,3
2513406,Santa Luzia,PB,Nordeste,54.82,59.0,4.18,94.38,0.4521,0.5479,0,alto,0
3546603,Santa Fé do Sul,SP,Sudeste,59.21,62.66,3.45,95.95,0.4522,0.5478,0,alto,3
2110856,São Francisco do Brejão,MA,Nordeste,62.65,65.51,2.86,89.63,0.4522,0.5478,0,alto,3
3520004,Igaraçu do Tietê,SP,Sudeste,68.56,70.4,1.84,93.83,0.4522,0.5478,1,alto,3
5107305,São José do Rio Claro,MT,Centro-Oeste,73.17,74.23,1.06,86.33,0.4525,0.5475,0,alto,3
3556602,Vera Cruz,SP,Sudeste,62.72,65.56,2.84,91.21,0.4531,0.5469,0,alto,3
2111706,São Vicente Ferrer,MA,Nordeste,61.03,64.17,3.14,86.36,0.4532,0.5468,1,alto,3
4128708,Vitorino,PR,Sul,71.38,72.74,1.36,89.06,0.4533,0.5467,0,alto,3
3518859,Guatapará,SP,Sudeste,64.55,67.08,2.53,87.74,0.4534,0.5466,0,alto,3
2609204,Maraial,PE,Nordeste,69.2,70.93,1.73,89.47,0.4536,0.5464,0,alto,3
4119509,Piraquara,PR,Sul,58.33,61.92,3.59,87.05,0.4538,0.5462,0,alto,1
5106752,Pontes e Lacerda,MT,Centro-Oeste,65.94,69.94,4.0,87.3,0.4539,0.5461,0,alto,3
4107850,Flor da Serra do Sul,PR,Sul,85.72,80.0,-5.72,92.41,0.4539,0.5461,1,alto,3
4204608,Criciúma,SC,Sul,59.07,62.54,3.47,83.09,0.4543,0.5457,0,alto,1
3532603,Nhandeara,SP,Sudeste,66.5,68.69,2.19,94.74,0.4546,0.5454,0,alto,3
3302452,Macuco,RJ,Sudeste,63.62,66.31,2.69,90.83,0.4551,0.5449,1,alto,3
2902203,Aramari,BA,Nordeste,21.73,28.9,7.17,88.89,0.4552,0.5448,0,alto,0
4211405,Nova Erechim,SC,Sul,69.15,70.89,1.74,80.25,0.4554,0.5446,1,alto,1
3516408,Franco da Rocha,SP,Sudeste,50.89,55.69,4.8,91.39,0.4555,0.5445,0,alto,0
3547700,Santo Anastácio,SP,Sudeste,79.99,79.99,0.0,93.22,0.4555,0.5445,0,alto,3
1715754,Palmeirópolis,TO,Norte,47.77,53.03,5.26,88.99,0.4557,0.5443,1,alto,0
2414100,Tenente Ananias,RN,Nordeste,42.88,48.81,5.93,90.91,0.4557,0.5443,1,alto,0
3513207,Cristais Paulista,SP,Sudeste,49.97,54.91,4.94,88.07,0.4562,0.5438,0,alto,0
2700201,Anadia,AL,Nordeste,53.44,57.84,4.4,97.22,0.4562,0.5438,0,alto,0
2102408,Cajapió,MA,Nordeste,66.03,68.3,2.27,89.71,0.4566,0.5434,0,alto,3
4127205,Terra Boa,PR,Sul,85.98,80.0,-5.98,90.35,0.4567,0.5433,1,alto,2
3527900,Lutécia,SP,Sudeste,71.6,72.92,1.32,92.59,0.4568,0.5432,1,alto,3
3554953,Tuiuti,SP,Sudeste,65.71,68.04,2.33,87.72,0.457,0.543,0,alto,3
2911105,Formosa do Rio Preto,BA,Nordeste,19.66,26.73,7.07,90.0,0.457,0.543,1,alto,0
1101559,Teixeirópolis,RO,Norte,71.95,73.21,1.26,87.18,0.4571,0.5429,0,alto,3
3521903,Itajobi,SP,Sudeste,85.09,80.0,-5.09,95.6,0.4572,0.5428,1,alto,2
4126900,Tapira,PR,Sul,90.52,80.0,-10.52,86.67,0.4575,0.5425,0,alto,2
3503901,Arujá,SP,Sudeste,50.85,55.66,4.81,86.81,0.4577,0.5423,1,alto,1
4118006,Paraíso do Norte,PR,Sul,74.89,75.67,0.78,91.36,0.4578,0.5422,0,alto,3
4119608,Pitanga,PR,Sul,72.99,74.08,1.09,93.27,0.4579,0.5421,0,alto,3
4126603,Siqueira Campos,PR,Sul,85.7,80.0,-5.7,92.0,0.458,0.542,1,alto,3
2802700,Ilha das Flores,SE,Nordeste,26.97,34.17,7.2,83.96,0.4581,0.5419,0,alto,0
4114906,Marilândia do Sul,PR,Sul,72.1,73.34,1.24,88.29,0.4581,0.5419,1,alto,3
1503077,Garrafão do Norte,PA,Norte,37.96,44.45,6.49,78.44,0.4582,0.5418,0,alto,1
4122206,Rio Branco do Sul,PR,Sul,62.29,65.21,2.92,81.87,0.4582,0.5418,0,alto,1
2504074,Caraúbas,PB,Nordeste,48.41,53.58,5.17,81.13,0.4583,0.5417,1,alto,1
2609600,Olinda,PE,Nordeste,59.57,62.95,3.38,95.05,0.4583,0.5417,0,alto,3
4126256,Sarandi,PR,Sul,57.98,61.63,3.65,85.75,0.4583,0.5417,0,alto,1
4203907,Capinzal,SC,Sul,72.28,73.49,1.21,84.36,0.4589,0.5411,0,alto,3
4200051,Abdon Batista,SC,Sul,72.06,73.3,1.24,75.76,0.4589,0.5411,1,alto,1
3548005,Santo Antônio de Posse,SP,Sudeste,54.29,58.55,4.26,84.03,0.459,0.541,1,alto,1
2109270,Presidente Sarney,MA,Nordeste,62.8,65.63,2.83,92.23,0.459,0.541,0,alto,3
3541901,Queluz,SP,Sudeste,61.94,64.92,2.98,95.2,0.4592,0.5408,1,alto,3
2109809,Santa Helena,MA,Nordeste,57.13,60.93,3.8,90.0,0.4601,0.5399,1,alto,3
4202701,Botuverá,SC,Sul,69.33,71.04,1.71,78.13,0.4601,0.5399,0,alto,1
4121257,Ramilândia,PR,Sul,88.1,80.0,-8.1,92.19,0.4602,0.5398,0,alto,2
3543907,Rio Claro,SP,Sudeste,50.27,55.16,4.89,91.07,0.4602,0.5398,0,alto,0
2703007,Ibateguara,AL,Nordeste,93.46,80.0,-13.46,100.0,0.4604,0.5396,0,alto,2
1715507,Oliveira de Fátima,TO,Norte,50.0,54.93,4.93,84.21,0.4606,0.5394,0,alto,1
3527256,Lourdes,SP,Sudeste,74.02,74.94,0.92,93.1,0.4607,0.5393,0,alto,3
4113809,Lupionópolis,PR,Sul,86.97,80.0,-6.97,89.66,0.4607,0.5393,0,alto,2
3534807,Ouro Verde,SP,Sudeste,82.02,80.0,-2.02,91.89,0.461,0.539,0,alto,3
1505700,Ponta de Pedras,PA,Norte,38.7,45.11,6.41,83.25,0.4611,0.5389,1,alto,1
5004007,Glória de Dourados,MS,Centro-Oeste,78.91,79.07,0.16,87.41,0.4612,0.5388,0,alto,3
3545001,Salesópolis,SP,Sudeste,64.64,67.15,2.51,94.03,0.4613,0.5387,0,alto,3
3535507,Paraguaçu Paulista,SP,Sudeste,48.18,53.39,5.21,90.78,0.4614,0.5386,1,alto,0
3511102,Catanduva,SP,Sudeste,54.37,58.62,4.25,92.37,0.4614,0.5386,1,alto,0
1507961,Terra Alta,PA,Norte,41.96,48.0,6.04,78.81,0.4616,0.5384,1,alto,1
3518305,Guararema,SP,Sudeste,64.75,67.24,2.49,93.99,0.4616,0.5384,1,alto,3
2207405,Palmeira do Piauí,PI,Nordeste,70.83,72.28,1.45,100.0,0.4616,0.5384,0,alto,3
3517505,Guapiaçu,SP,Sudeste,56.31,60.24,3.93,83.14,0.4617,0.5383,1,alto,1
3513504,Cubatão,SP,Sudeste,48.49,53.65,5.16,89.71,0.4617,0.5383,0,alto,0
3553401,Tanabi,SP,Sudeste,65.17,67.59,2.42,93.78,0.4619,0.5381,1,alto,3
4122008,Rio Azul,PR,Sul,89.62,80.0,-9.62,92.59,0.4619,0.5381,1,alto,2
3511607,Cesário Lange,SP,Sudeste,55.7,59.73,4.03,84.91,0.462,0.538,0,alto,1
2100808,Anapurus,MA,Nordeste,91.05,80.0,-11.05,85.24,0.462,0.538,0,alto,2
1718808,Sampaio,TO,Norte,43.61,49.44,5.83,82.5,0.462,0.538,0,alto,1
4209201,Lacerdópolis,SC,Sul,70.0,71.59,1.59,84.62,0.4621,0.5379,1,alto,1
2209856,São João da Canabrava,PI,Nordeste,82.0,80.0,-2.0,96.0,0.4621,0.5379,1,alto,3
3304508,Rio das Flores,RJ,Sudeste,59.69,63.05,3.36,89.06,0.4623,0.5377,1,alto,3
5100508,Alto Paraguai,MT,Centro-Oeste,67.56,69.57,2.01,83.81,0.4624,0.5376,0,alto,3
2803203,Itaporanga d'Ajuda,SE,Nordeste,24.31,31.53,7.22,80.85,0.4626,0.5374,1,alto,1
4119004,Pérola d'Oeste,PR,Sul,88.85,80.0,-8.85,94.92,0.4627,0.5373,1,alto,2
2101731,Belágua,MA,Nordeste,61.12,64.24,3.12,89.58,0.4627,0.5373,1,alto,3
3516705,Garça,SP,Sudeste,51.91,56.55,4.64,84.35,0.4629,0.5371,1,alto,1
4124806,São João,PR,Sul,87.03,80.0,-7.03,90.0,0.4629,0.5371,1,alto,2
4117404,Ourizona,PR,Sul,88.82,80.0,-8.82,89.36,0.463,0.537,0,alto,2
3302601,Mangaratiba,RJ,Sudeste,47.54,52.84,5.3,80.13,0.4631,0.5369,0,alto,1
4127809,Tomazina,PR,Sul,91.65,80.0,-11.65,84.51,0.4632,0.5368,1,alto,2
3514403,Dracena,SP,Sudeste,63.13,65.9,2.77,95.31,0.4632,0.5368,0,alto,3
2413805,Taboleiro Grande,RN,Nordeste,45.45,51.04,5.59,91.67,0.4634,0.5366,1,alto,0
2403301,Encanto,RN,Nordeste,47.53,52.83,5.3,94.34,0.4637,0.5363,1,alto,0
2922052,Mulungu do Morro,BA,Nordeste,22.47,29.66,7.19,89.43,0.4639,0.5361,0,alto,0
4218905,Urubici,SC,Sul,60.18,63.46,3.28,70.32,0.4642,0.5358,1,alto,1
3300308,Barra do Piraí,RJ,Sudeste,45.28,50.89,5.61,79.88,0.4644,0.5356,0,alto,1
1714302,Nazaré,TO,Norte,45.94,51.46,5.52,87.93,0.4645,0.5355,0,alto,0
2202208,Campo Maior,PI,Nordeste,52.24,56.83,4.59,92.74,0.4647,0.5353,0,alto,0
3537008,Pedregulho,SP,Sudeste,60.85,64.02,3.17,93.24,0.4648,0.5352,0,alto,3
2506707,Imaculada,PB,Nordeste,67.14,69.22,2.08,100.0,0.4649,0.5351,0,alto,3
3505351,Barra do Chapéu,SP,Sudeste,65.06,67.5,2.44,94.74,0.4652,0.5348,0,alto,3
4107504,Engenheiro Beltrão,PR,Sul,87.33,80.0,-7.33,90.84,0.4655,0.5345,1,alto,2
2603454,Camaragibe,PE,Nordeste,58.66,62.2,3.54,88.24,0.4655,0.5345,0,alto,3
2201200,Barras,PI,Nordeste,55.68,59.72,4.04,96.88,0.4656,0.5344,1,alto,3
2101970,Boa Vista do Gurupi,MA,Nordeste,59.99,63.3,3.31,90.24,0.4659,0.5341,1,alto,3
2201176,Barra D'Alcântara,PI,Nordeste,61.11,64.23,3.12,95.38,0.466,0.534,1,alto,3
2709103,Taquarana,AL,Nordeste,44.02,49.8,5.78,91.54,0.4661,0.5339,0,alto,0
2211506,Vera Mendes,PI,Nordeste,94.44,80.0,-14.44,100.0,0.4661,0.5339,0,alto,2
3536505,Paulínia,SP,Sudeste,48.49,53.65,5.16,89.99,0.4661,0.5339,1,alto,0
3538501,Piquete,SP,Sudeste,65.49,67.86,2.37,97.35,0.4664,0.5336,1,alto,3
2205516,Juazeiro do Piauí,PI,Nordeste,68.69,70.51,1.82,97.67,0.4664,0.5336,1,alto,3
2509701,Monteiro,PB,Nordeste,55.03,59.17,4.14,96.05,0.4666,0.5334,1,alto,0
3527306,Louveira,SP,Sudeste,54.63,58.84,4.21,91.25,0.4666,0.5334,0,alto,0
3508405,Cabreúva,SP,Sudeste,49.11,54.18,5.07,89.76,0.4666,0.5334,1,alto,0
2105906,Lago Verde,MA,Nordeste,62.12,65.07,2.95,91.11,0.4667,0.5333,1,alto,3
1100379,Alto Alegre dos Parecis,RO,Norte,69.52,71.19,1.67,90.53,0.4668,0.5332,1,alto,3
3515707,Ferraz de Vasconcelos,SP,Sudeste,52.72,57.23,4.51,94.16,0.4669,0.5331,1,alto,0
3304755,São Francisco de Itabapoana,RJ,Sudeste,43.51,49.36,5.85,73.2,0.467,0.533,0,alto,1
3525508,Joanópolis,SP,Sudeste,71.87,73.15,1.28,93.46,0.467,0.533,0,alto,3
2504355,Caturité,PB,Nordeste,53.0,57.47,4.47,85.0,0.467,0.533,1,alto,1
2500908,Arara,PB,Nordeste,35.35,42.08,6.73,82.35,0.4671,0.5329,1,alto,1
4108452,Foz do Jordão,PR,Sul,83.19,80.0,-3.19,91.03,0.4677,0.5323,0,alto,3
2610509,Passira,PE,Nordeste,74.89,75.67,0.78,93.27,0.4679,0.5321,1,alto,3
3538600,Piracaia,SP,Sudeste,58.49,62.06,3.57,92.44,0.4679,0.5321,0,alto,3
2512721,Pedro Régis,PB,Nordeste,47.41,52.73,5.32,87.23,0.4679,0.5321,0,alto,0
2502508,Boqueirão,PB,Nordeste,38.0,44.48,6.48,81.93,0.468,0.532,0,alto,1
3556305,Valparaíso,SP,Sudeste,64.42,66.97,2.55,96.03,0.4681,0.5319,1,alto,3
3300258,Arraial do Cabo,RJ,Sudeste,50.49,55.35,4.86,77.29,0.4681,0.5319,1,alto,1
2209500,Santo Inácio do Piauí,PI,Nordeste,73.42,74.44,1.02,100.0,0.4685,0.5315,1,alto,3
3504305,Avaí,SP,Sudeste,55.32,59.41,4.09,84.21,0.4693,0.5307,1,alto,1
4204707,Cunha Porã,SC,Sul,93.9,80.0,-13.9,85.92,0.4694,0.5306,0,alto,2
2614501,Surubim,PE,Nordeste,55.41,59.49,4.08,85.63,0.4695,0.5305,0,alto,1
2508604,Lucena,PB,Nordeste,47.19,52.54,5.35,87.88,0.4699,0.5301,0,alto,0
3546702,Santa Gertrudes,SP,Sudeste,59.66,63.03,3.37,93.79,0.4701,0.5299,1,alto,3
2509602,Monte Horebe,PB,Nordeste,84.33,80.0,-4.33,98.15,0.4705,0.5295,1,alto,2
2515203,São Sebastião do Umbuzeiro,PB,Nordeste,94.99,80.0,-14.99,91.11,0.4706,0.5294,0,alto,2
3525003,Jandira,SP,Sudeste,44.87,50.54,5.67,86.64,0.4708,0.5292,1,alto,0
3520426,Ilha Comprida,SP,Sudeste,52.02,56.64,4.62,85.85,0.471,0.529,1,alto,1
3538907,Pirajuí,SP,Sudeste,53.49,57.88,4.39,87.64,0.4711,0.5289,0,alto,0
4113403,Leópolis,PR,Sul,91.11,80.0,-11.11,85.71,0.4713,0.5287,1,alto,2
2105401,Itapecuru Mirim,MA,Nordeste,53.35,57.76,4.41,93.98,0.4719,0.5281,1,alto,0
3519600,Ibitinga,SP,Sudeste,49.72,54.7,4.98,90.4,0.4721,0.5279,0,alto,0
4217303,Saudades,SC,Sul,81.64,80.0,-1.64,89.15,0.4721,0.5279,1,alto,3
3549706,São José do Rio Pardo,SP,Sudeste,47.71,52.98,5.27,90.27,0.4722,0.5278,1,alto,0
1600253,Itaubal,AP,Norte,50.48,55.34,4.86,95.24,0.4722,0.5278,0,alto,0
2407906,Monte das Gameleiras,RN,Nordeste,33.36,40.25,6.89,80.43,0.4722,0.5278,0,alto,1
1702703,Aurora do Tocantins,TO,Norte,52.92,57.4,4.48,96.55,0.4726,0.5274,0,alto,0
2509503,Montadas,PB,Nordeste,65.88,68.18,2.3,98.33,0.4727,0.5273,1,alto,3
4111555,Ivaté,PR,Sul,84.34,80.0,-4.34,92.71,0.4728,0.5272,0,alto,3
3520301,Iguape,SP,Sudeste,57.18,60.97,3.79,90.55,0.4728,0.5272,1,alto,3
3501806,Américo de Campos,SP,Sudeste,59.97,63.29,3.32,88.71,0.4729,0.5271,1,alto,3
2101509,Barão de Grajaú,MA,Nordeste,41.6,47.68,6.08,76.4,0.473,0.527,1,alto,1
4218202,Timbó,SC,Sul,69.86,71.48,1.62,87.74,0.4732,0.5268,1,alto,3
4207809,Irani,SC,Sul,73.89,74.83,0.94,87.88,0.4732,0.5268,0,alto,3
4210605,Massaranduba,SC,Sul,70.98,72.41,1.43,85.71,0.4735,0.5265,1,alto,3
2506509,Gurjão,PB,Nordeste,73.31,74.35,1.04,97.67,0.4735,0.5265,1,alto,3
5004502,Itaporã,MS,Centro-Oeste,69.03,70.79,1.76,91.8,0.4738,0.5262,0,alto,3
3531704,Monteiro Lobato,SP,Sudeste,66.6,68.77,2.17,93.44,0.4738,0.5262,0,alto,3
2204709,Inhuma,PI,Nordeste,55.39,59.47,4.08,97.18,0.4738,0.5262,1,alto,3
4201703,Ascurra,SC,Sul,81.99,80.0,-1.99,90.63,0.474,0.526,1,alto,3
2106508,Matinha,MA,Nordeste,63.97,66.6,2.63,96.24,0.4741,0.5259,0,alto,3
3540705,Porto Ferreira,SP,Sudeste,48.9,54.0,5.1,90.32,0.4741,0.5259,0,alto,0
2210508,São Pedro do Piauí,PI,Nordeste,49.25,54.3,5.05,94.15,0.4743,0.5257,1,alto,0
3302908,Miguel Pereira,RJ,Sudeste,57.4,61.15,3.75,88.0,0.4745,0.5255,1,alto,3
4211207,Morro da Fumaça,SC,Sul,68.02,69.95,1.93,85.17,0.4745,0.5255,0,alto,3
3506409,Bilac,SP,Sudeste,59.99,63.3,3.31,90.7,0.4746,0.5254,1,alto,3
3523107,Itaquaquecetuba,SP,Sudeste,42.98,48.89,5.91,89.92,0.4746,0.5254,1,alto,0
3528700,Marabá Paulista,SP,Sudeste,71.43,72.78,1.35,96.97,0.475,0.525,0,alto,3
3554300,Teodoro Sampaio,SP,Sudeste,66.81,68.95,2.14,94.35,0.4751,0.5249,1,alto,3
3557303,Estiva Gerbi,SP,Sudeste,45.14,50.77,5.63,84.48,0.4751,0.5249,1,alto,1
2919603,Macajuba,BA,Nordeste,18.56,25.55,6.99,90.67,0.4751,0.5249,1,alto,0
1600212,Cutias,AP,Norte,47.0,52.37,5.37,93.0,0.4755,0.5245,1,alto,0
2615904,Tuparetama,PE,Nordeste,77.11,77.54,0.43,92.96,0.4755,0.5245,1,alto,3
4215752,São Bernardino,SC,Sul,83.02,80.0,-3.02,83.67,0.4756,0.5244,0,alto,3
4218400,Treze de Maio,SC,Sul,71.87,73.15,1.28,83.05,0.4758,0.5242,0,alto,3
1507102,São Caetano de Odivelas,PA,Norte,33.37,40.26,6.89,74.05,0.4759,0.5241,1,alto,1
1100502,Novo Horizonte do Oeste,RO,Norte,72.53,73.7,1.17,91.15,0.4759,0.5241,0,alto,3
3525706,José Bonifácio,SP,Sudeste,55.78,59.8,4.02,89.61,0.4761,0.5239,0,alto,3
4217956,Tigrinhos,SC,Sul,79.06,79.2,0.14,85.71,0.4761,0.5239,1,alto,3
2103406,Coelho Neto,MA,Nordeste,60.53,63.75,3.22,94.24,0.4764,0.5236,1,alto,3
2513356,Santa Inês,PB,Nordeste,52.66,57.18,4.52,81.25,0.4765,0.5235,0,alto,1
3556206,Valinhos,SP,Sudeste,50.73,55.55,4.82,90.64,0.477,0.523,0,alto,0
3507308,Boracéia,SP,Sudeste,71.15,72.55,1.4,93.44,0.4771,0.5229,0,alto,3
2105922,Lagoa do Mato,MA,Nordeste,85.96,80.0,-5.96,90.35,0.4771,0.5229,0,alto,2
4121901,Ribeirão do Pinhal,PR,Sul,86.67,80.0,-6.67,93.04,0.4773,0.5227,1,alto,2
4212601,Peritiba,SC,Sul,85.84,80.0,-5.84,74.07,0.4773,0.5227,1,alto,1
1713205,Miracema do Tocantins,TO,Norte,41.54,47.63,6.09,80.95,0.4774,0.5226,0,alto,1
3510906,Cássia dos Coqueiros,SP,Sudeste,67.22,69.29,2.07,86.84,0.4775,0.5225,1,alto,3
3536406,Paulicéia,SP,Sudeste,67.24,69.3,2.06,95.24,0.4778,0.5222,1,alto,3
4107736,Fernandes Pinheiro,PR,Sul,80.92,80.0,-0.92,94.62,0.4778,0.5222,0,alto,3
4206900,Ibirama,SC,Sul,67.48,69.5,2.02,86.49,0.4781,0.5219,1,alto,3
3522505,Itapevi,SP,Sudeste,50.26,55.16,4.9,92.69,0.4786,0.5214,1,alto,0
2202851,Coronel José Dias,PI,Nordeste,61.14,64.26,3.12,100.0,0.4788,0.5212,0,alto,3
5108956,Nova Monte Verde,MT,Centro-Oeste,77.16,77.58,0.42,94.04,0.4793,0.5207,1,alto,3
1506203,Salinópolis,PA,Norte,43.26,49.14,5.88,88.93,0.4793,0.5207,1,alto,0
4206306,Guabiruba,SC,Sul,70.17,71.73,1.56,82.32,0.4793,0.5207,1,alto,1
4125456,São José das Palmeiras,PR,Sul,83.2,80.0,-3.2,91.38,0.4794,0.5206,0,alto,3
4217758,Sul Brasil,SC,Sul,76.19,76.76,0.57,87.5,0.4798,0.5202,0,alto,3
4215075,Riqueza,SC,Sul,83.43,80.0,-3.43,84.72,0.4799,0.5201,0,alto,3
1100338,Nova Mamoré,RO,Norte,63.02,65.81,2.79,87.07,0.4801,0.5199,0,alto,3
2604106,Caruaru,PE,Nordeste,54.95,59.11,4.16,90.37,0.4803,0.5197,0,alto,0
4103156,Bom Jesus do Sul,PR,Sul,87.35,80.0,-7.35,91.55,0.4803,0.5197,1,alto,2
3300936,Carapebus,RJ,Sudeste,51.01,55.79,4.78,81.68,0.4805,0.5195,1,alto,1
3509254,Cajati,SP,Sudeste,58.94,62.43,3.49,93.05,0.4806,0.5194,0,alto,3
1709302,Guaraí,TO,Norte,36.07,42.74,6.67,81.61,0.4807,0.5193,1,alto,1
3305000,São João da Barra,RJ,Sudeste,52.12,56.73,4.61,81.62,0.4807,0.5193,1,alto,1
2903607,Biritinga,BA,Nordeste,22.22,29.4,7.18,93.81,0.4809,0.5191,1,alto,0
4118808,Peabiru,PR,Sul,69.48,71.16,1.68,90.05,0.481,0.519,1,alto,3
3533007,Nova Granada,SP,Sudeste,61.21,64.31,3.1,91.28,0.4811,0.5189,0,alto,3
4127403,Terra Roxa,PR,Sul,68.55,70.39,1.84,91.53,0.4811,0.5189,1,alto,3
4110409,Indianópolis,PR,Sul,80.01,80.0,-0.01,95.18,0.4812,0.5188,0,alto,3
2105153,Igarapé do Meio,MA,Nordeste,58.92,62.41,3.49,95.57,0.4817,0.5183,1,alto,3
4217501,Seara,SC,Sul,83.55,80.0,-3.55,89.47,0.4817,0.5183,0,alto,3
4219101,Vargeão,SC,Sul,80.87,80.0,-0.87,90.0,0.4818,0.5182,0,alto,3
4218608,Trombudo Central,SC,Sul,68.13,70.04,1.91,88.79,0.4818,0.5182,0,alto,3
3502408,Anhumas,SP,Sudeste,66.98,69.09,2.11,97.67,0.482,0.518,0,alto,3
4201208,Antônio Carlos,SC,Sul,74.47,75.32,0.85,87.1,0.4821,0.5179,0,alto,3
2605152,Dormentes,PE,Nordeste,64.93,67.39,2.46,92.17,0.4821,0.5179,1,alto,3
4211801,Ouro,SC,Sul,72.58,73.74,1.16,85.19,0.4821,0.5179,1,alto,3
2207355,Pajeú do Piauí,PI,Nordeste,66.01,68.29,2.28,100.0,0.4823,0.5177,0,alto,3
3502903,Araçoiaba da Serra,SP,Sudeste,49.39,54.42,5.03,86.68,0.4825,0.5175,1,alto,0
2601201,Arcoverde,PE,Nordeste,59.53,62.92,3.39,92.31,0.483,0.517,1,alto,3
3512803,Cosmópolis,SP,Sudeste,52.95,57.43,4.48,93.37,0.483,0.517,1,alto,0
3552502,Suzano,SP,Sudeste,42.07,48.1,6.03,87.77,0.4832,0.5168,0,alto,0
3541059,Pratânia,SP,Sudeste,56.06,60.03,3.97,86.9,0.4837,0.5163,0,alto,1
2407203,Macau,RN,Nordeste,27.27,34.46,7.19,74.59,0.4842,0.5158,0,alto,1
4106605,Cruzeiro do Oeste,PR,Sul,74.06,74.97,0.91,93.07,0.4844,0.5156,0,alto,3
3513801,Diadema,SP,Sudeste,40.88,47.05,6.17,88.03,0.4845,0.5155,1,alto,0
2109601,Rosário,MA,Nordeste,56.65,60.53,3.88,93.27,0.4845,0.5155,0,alto,3
1100023,Ariquemes,RO,Norte,62.3,65.22,2.92,89.79,0.4846,0.5154,1,alto,3
4103305,Borrazópolis,PR,Sul,87.15,80.0,-7.15,93.9,0.4846,0.5154,0,alto,2
2707701,Rio Largo,AL,Nordeste,36.89,43.48,6.59,92.79,0.4848,0.5152,0,alto,0
4210308,Major Vieira,SC,Sul,69.07,70.82,1.75,88.89,0.4849,0.5151,1,alto,3
2210359,São Lourenço do Piauí,PI,Nordeste,100.0,80.0,-20.0,96.3,0.485,0.515,0,alto,2
4125803,São Pedro do Ivaí,PR,Sul,83.61,80.0,-3.61,97.83,0.4851,0.5149,1,alto,3
1711100,Itaporã do Tocantins,TO,Norte,64.16,66.76,2.6,97.5,0.4852,0.5148,0,alto,3
2502003,Belém do Brejo do Cruz,PB,Nordeste,57.5,61.23,3.73,92.06,0.4853,0.5147,0,alto,3
2203453,Dom Inocêncio,PI,Nordeste,97.37,80.0,-17.37,100.0,0.4853,0.5147,1,alto,2
4218509,Treze Tílias,SC,Sul,74.33,75.2,0.87,88.48,0.4859,0.5141,0,alto,3
3531902,Morro Agudo,SP,Sudeste,55.19,59.31,4.12,89.12,0.4859,0.5141,0,alto,0
4121208,Quitandinha,PR,Sul,71.76,73.05,1.29,93.52,0.4862,0.5138,1,alto,3
1502756,Concórdia do Pará,PA,Norte,40.62,46.82,6.2,83.61,0.4864,0.5136,1,alto,1
4128005,Ubiratã,PR,Sul,85.59,80.0,-5.59,94.22,0.4864,0.5136,0,alto,3
3526209,Juquitiba,SP,Sudeste,60.14,63.43,3.29,94.36,0.4865,0.5135,0,alto,3
1500909,Augusto Corrêa,PA,Norte,38.56,44.99,6.43,87.82,0.4865,0.5135,0,alto,0
2607752,Itapissuma,PE,Nordeste,77.69,78.03,0.34,96.38,0.4867,0.5133,1,alto,3
4209854,Lindóia do Sul,SC,Sul,87.38,80.0,-7.38,87.01,0.487,0.513,1,alto,2
3512308,Conchas,SP,Sudeste,47.34,52.67,5.33,85.0,0.487,0.513,1,alto,1
2202901,Corrente,PI,Nordeste,47.76,53.03,5.27,92.81,0.4871,0.5129,0,alto,0
2612471,Santa Cruz da Baixa Verde,PE,Nordeste,75.38,76.08,0.7,97.03,0.4872,0.5128,1,alto,3
4123303,Santa Cruz de Monte Castelo,PR,Sul,85.79,80.0,-5.79,95.28,0.4874,0.5126,0,alto,3
2903235,Barro Alto,BA,Nordeste,24.29,31.51,7.22,96.21,0.4875,0.5125,0,alto,0
3542602,Registro,SP,Sudeste,52.31,56.89,4.58,91.1,0.4876,0.5124,1,alto,0
3543253,Ribeirão Grande,SP,Sudeste,63.69,66.37,2.68,96.39,0.4877,0.5123,0,alto,3
1101492,São Francisco do Guaporé,RO,Norte,65.79,68.1,2.31,89.49,0.4878,0.5122,0,alto,3
4116059,Missal,PR,Sul,88.67,80.0,-8.67,90.13,0.4879,0.5121,1,alto,2
2706703,Penedo,AL,Nordeste,40.85,47.02,6.17,90.52,0.488,0.512,0,alto,0
4127304,Terra Rica,PR,Sul,69.02,70.78,1.76,90.81,0.4885,0.5115,1,alto,3
2105989,Lajeado Novo,MA,Nordeste,60.63,63.83,3.2,90.59,0.4886,0.5114,1,alto,3
4101150,Ângulo,PR,Sul,90.09,80.0,-10.09,88.06,0.4886,0.5114,1,alto,2
4122172,Rio Branco do Ivaí,PR,Sul,69.75,71.38,1.63,89.66,0.4887,0.5113,1,alto,3
3519006,Herculândia,SP,Sudeste,85.15,80.0,-5.15,97.12,0.4888,0.5112,1,alto,2
2804201,Monte Alegre de Sergipe,SE,Nordeste,24.77,31.99,7.22,90.08,0.489,0.511,1,alto,0
3515152,Engenheiro Coelho,SP,Sudeste,53.33,57.75,4.42,90.65,0.4891,0.5109,0,alto,0
3524105,Ituverava,SP,Sudeste,48.38,53.56,5.18,88.96,0.4893,0.5107,0,alto,0
3524006,Itupeva,SP,Sudeste,44.88,50.55,5.67,86.08,0.4893,0.5107,0,alto,0
4124301,Santo Antônio do Paraíso,PR,Sul,82.31,80.0,-2.31,94.44,0.4893,0.5107,1,alto,3
4105003,Catanduvas,PR,Sul,66.05,68.32,2.27,87.8,0.4894,0.5106,0,alto,3
3547502,Santa Rita do Passa Quatro,SP,Sudeste,62.35,65.26,2.91,93.29,0.4894,0.5106,1,alto,3
3549508,São José da Bela Vista,SP,Sudeste,47.63,52.91,5.28,83.67,0.4894,0.5106,0,alto,1
4110508,Ipiranga,PR,Sul,88.2,80.0,-8.2,93.06,0.4895,0.5105,1,alto,2
2514552,São José de Princesa,PB,Nordeste,82.35,80.0,-2.35,100.0,0.4899,0.5101,1,alto,3
3504602,Bady Bassitt,SP,Sudeste,55.64,59.68,4.04,92.1,0.4899,0.5101,1,alto,0
2601805,Betânia,PE,Nordeste,70.45,71.97,1.52,89.8,0.49,0.51,1,alto,3
2205409,Joaquim Pires,PI,Nordeste,55.54,59.6,4.06,98.69,0.4906,0.5094,1,alto,3
4107108,Diamante do Norte,PR,Sul,72.99,74.08,1.09,91.04,0.491,0.509,1,alto,3
3535804,Paranapanema,SP,Sudeste,49.33,54.37,5.04,83.26,0.491,0.509,0,alto,1
3524303,Jaboticabal,SP,Sudeste,53.01,57.48,4.47,91.49,0.4911,0.5089,1,alto,0
3527009,Lindóia,SP,Sudeste,77.11,77.54,0.43,97.4,0.4916,0.5084,0,alto,3
3303500,Nova Iguaçu,RJ,Sudeste,33.23,40.13,6.9,77.66,0.4921,0.5079,0,alto,1
3557105,Votuporanga,SP,Sudeste,49.7,54.68,4.98,93.0,0.4922,0.5078,1,alto,0
3521804,Itaí,SP,Sudeste,47.41,52.73,5.32,86.52,0.4923,0.5077,0,alto,0
3527702,Luiziânia,SP,Sudeste,54.64,58.85,4.21,89.23,0.4924,0.5076,0,alto,0
4217204,São Miguel do Oeste,SC,Sul,68.64,70.46,1.82,89.36,0.4925,0.5075,1,alto,3
4111605,Ivatuba,PR,Sul,78.82,78.99,0.17,96.55,0.4926,0.5074,1,alto,3
3539301,Pirassununga,SP,Sudeste,45.9,51.43,5.53,90.14,0.4928,0.5072,1,alto,0
2101202,Bacabal,MA,Nordeste,45.66,51.22,5.56,89.51,0.4929,0.5071,1,alto,0
5001243,Aral Moreira,MS,Centro-Oeste,73.91,74.85,0.94,95.29,0.4931,0.5069,0,alto,3
3537909,Pilar do Sul,SP,Sudeste,56.68,60.55,3.87,92.91,0.4932,0.5068,1,alto,3
3542206,Rancharia,SP,Sudeste,60.04,63.34,3.3,92.86,0.4934,0.5066,0,alto,3
2701902,Chã Preta,AL,Nordeste,43.85,49.65,5.8,93.18,0.4934,0.5066,1,alto,0
5105259,Lucas do Rio Verde,MT,Centro-Oeste,63.96,66.59,2.63,89.15,0.4935,0.5065,1,alto,3
4124608,São Carlos do Ivaí,PR,Sul,78.29,78.54,0.25,95.28,0.4936,0.5064,0,alto,3
2601300,Barra de Guabiraba,PE,Nordeste,80.78,80.0,-0.78,94.74,0.4938,0.5062,1,alto,3
1100114,Jaru,RO,Norte,62.82,65.65,2.83,91.91,0.4938,0.5062,0,alto,3
3506102,Bebedouro,SP,Sudeste,48.69,53.82,5.13,93.79,0.494,0.506,1,alto,0
5008305,Três Lagoas,MS,Centro-Oeste,69.86,71.48,1.62,96.31,0.4945,0.5055,1,alto,3
2208650,Queimada Nova,PI,Nordeste,60.22,63.49,3.27,95.8,0.4945,0.5055,1,alto,3
3554003,Tatuí,SP,Sudeste,51.1,55.87,4.77,92.07,0.4946,0.5054,0,alto,0
1101450,Parecis,RO,Norte,61.04,64.17,3.13,82.09,0.4947,0.5053,1,alto,1
2102002,Bom Jardim,MA,Nordeste,94.62,80.0,-14.62,92.94,0.495,0.505,0,alto,2
2204204,Francisco Santos,PI,Nordeste,43.94,49.73,5.79,91.57,0.4951,0.5049,0,alto,0
3553500,Tapiraí,SP,Sudeste,53.69,58.05,4.36,86.78,0.4952,0.5048,0,alto,1
3515186,Espírito Santo do Pinhal,SP,Sudeste,65.42,67.8,2.38,95.38,0.4952,0.5048,0,alto,3
2211308,Valença do Piauí,PI,Nordeste,51.94,56.58,4.64,95.8,0.4954,0.5046,0,alto,0
4120655,Quarto Centenário,PR,Sul,79.88,79.9,0.02,94.74,0.4954,0.5046,0,alto,3
4201505,Armazém,SC,Sul,70.51,72.02,1.51,81.19,0.4955,0.5045,1,alto,1
2210904,Socorro do Piauí,PI,Nordeste,68.44,70.3,1.86,92.5,0.4956,0.5044,0,alto,3
2503100,Cabaceiras,PB,Nordeste,60.85,64.02,3.17,87.84,0.4956,0.5044,1,alto,3
2614600,Tabira,PE,Nordeste,72.93,74.03,1.1,96.07,0.4956,0.5044,0,alto,3
2202075,Cajazeiras do Piauí,PI,Nordeste,100.0,80.0,-20.0,93.75,0.4956,0.5044,0,alto,2
1508209,Vigia,PA,Norte,29.77,36.87,7.1,76.89,0.4957,0.5043,1,alto,1
5006275,Paraíso das Águas,MS,Centro-Oeste,76.38,76.92,0.54,94.07,0.4959,0.5041,1,alto,3
2111102,São João dos Patos,MA,Nordeste,53.56,57.94,4.38,91.48,0.4963,0.5037,0,alto,0
3508108,Buritama,SP,Sudeste,64.02,66.64,2.62,95.7,0.4963,0.5037,1,alto,3
3526506,Lavínia,SP,Sudeste,62.02,64.99,2.97,88.0,0.4967,0.5033,0,alto,3
2111748,Senador Alexandre Costa,MA,Nordeste,95.63,80.0,-15.63,95.28,0.4967,0.5033,1,alto,2
4207908,Irineópolis,SC,Sul,71.82,73.1,1.28,85.71,0.4973,0.5027,1,alto,3
2516904,Uiraúna,PB,Nordeste,98.05,80.0,-18.05,90.24,0.4973,0.5027,0,alto,2
2705507,Murici,AL,Nordeste,53.15,57.6,4.45,97.01,0.4973,0.5027,1,alto,0
4113908,Mallet,PR,Sul,82.55,80.0,-2.55,95.57,0.4974,0.5026,1,alto,3
3532843,Nova Canaã Paulista,SP,Sudeste,78.95,79.1,0.15,100.0,0.4976,0.5024,0,alto,3
4304101,Campos Borges,RS,Sul,26.46,33.67,7.21,80.77,0.4981,0.5019,1,alto,1
3533601,Nuporanga,SP,Sudeste,69.45,71.14,1.69,89.89,0.4982,0.5018,0,alto,3
4219853,Zortéa,SC,Sul,65.06,67.5,2.44,78.41,0.4983,0.5017,0,alto,1
3505302,Barra Bonita,SP,Sudeste,57.61,61.33,3.72,93.08,0.4985,0.5015,1,alto,3
3553856,Taquarivaí,SP,Sudeste,62.06,65.02,2.96,90.91,0.4985,0.5015,0,alto,3
4108908,Guairaçá,PR,Sul,72.56,73.72,1.16,90.82,0.4986,0.5014,1,alto,3
5003157,Coronel Sapucaia,MS,Centro-Oeste,78.98,79.13,0.15,96.32,0.4988,0.5012,0,alto,3
4210407,Maracajá,SC,Sul,58.51,62.07,3.56,78.64,0.4988,0.5012,0,alto,1
2806404,Santana do São Francisco,SE,Nordeste,28.89,36.03,7.14,88.24,0.4988,0.5012,0,alto,0
2511004,Pedra Branca,PB,Nordeste,95.61,80.0,-15.61,97.3,0.4989,0.5011,0,alto,2
2615805,Tupanatinga,PE,Nordeste,68.57,70.41,1.84,95.69,0.499,0.501,0,alto,3
5006606,Ponta Porã,MS,Centro-Oeste,57.76,61.45,3.69,91.34,0.4992,0.5008,1,alto,3
4120705,Quatiguá,PR,Sul,91.58,80.0,-11.58,91.09,0.4992,0.5008,1,alto,2
2900306,Acajutiba,BA,Nordeste,19.7,26.77,7.07,86.99,0.4994,0.5006,1,alto,0
2922904,Nova Soure,BA,Nordeste,22.14,29.32,7.18,90.43,0.4994,0.5006,1,alto,0
2107100,Morros,MA,Nordeste,94.83,80.0,-14.83,88.94,0.4997,0.5003,0,alto,2
3545605,Santa Adélia,SP,Sudeste,60.7,63.89,3.19,91.28,0.4997,0.5003,1,alto,3
1500347,Água Azul do Norte,PA,Norte,27.76,34.94,7.18,70.48,0.4999,0.5001,1,alto,1
1720903,Taguatinga,TO,Norte,38.31,44.76,6.45,88.1,0.5,0.5,0,moderado,0
3506300,Bernardino de Campos,SP,Sudeste,68.33,70.21,1.88,94.69,0.5,0.5,0,moderado,3
4204202,Chapecó,SC,Sul,56.22,60.17,3.95,83.93,0.5001,0.4999,0,moderado,1
1504703,Moju,PA,Norte,32.11,39.09,6.98,83.65,0.5001,0.4999,0,moderado,0
3534708,Ourinhos,SP,Sudeste,50.37,55.25,4.88,89.96,0.5002,0.4998,0,moderado,0
2510808,Patos,PB,Nordeste,43.61,49.44,5.83,90.06,0.5002,0.4998,1,moderado,0
4126504,Sertanópolis,PR,Sul,66.76,68.91,2.15,89.93,0.5002,0.4998,0,moderado,3
3546306,Santa Cruz das Palmeiras,SP,Sudeste,49.45,54.47,5.02,87.39,0.5003,0.4997,1,moderado,0
4203600,Campos Novos,SC,Sul,64.29,66.86,2.57,78.76,0.5007,0.4993,0,moderado,1
3514106,Dois Córregos,SP,Sudeste,61.44,64.5,3.06,88.93,0.5011,0.4989,0,moderado,3
4209904,Lontras,SC,Sul,59.83,63.17,3.34,76.53,0.5012,0.4988,0,moderado,1
4111100,Itambé,PR,Sul,89.72,80.0,-9.72,92.31,0.5012,0.4988,1,moderado,2
2112902,Vitória do Mearim,MA,Nordeste,48.98,54.07,5.09,90.8,0.5013,0.4987,1,moderado,0
4104253,Campo Magro,PR,Sul,59.84,63.18,3.34,87.67,0.5014,0.4986,0,moderado,3
4114351,Manfrinópolis,PR,Sul,91.01,80.0,-11.01,81.48,0.5015,0.4985,0,moderado,2
2807006,São Miguel do Aleixo,SE,Nordeste,38.64,45.06,6.42,97.78,0.5015,0.4985,1,moderado,0
3540002,Pompéia,SP,Sudeste,62.09,65.04,2.95,94.89,0.5018,0.4982,0,moderado,3
3302858,Mesquita,RJ,Sudeste,37.82,44.32,6.5,77.7,0.5018,0.4982,0,moderado,1
3553104,Taiaçu,SP,Sudeste,67.19,69.26,2.07,97.1,0.502,0.498,0,moderado,3
4126272,Saudade do Iguaçu,PR,Sul,92.53,80.0,-12.53,90.09,0.5022,0.4978,1,moderado,2
2500536,Alcantil,PB,Nordeste,42.62,48.58,5.96,83.33,0.5024,0.4976,0,moderado,1
3301405,Conceição de Macabu,RJ,Sudeste,49.73,54.71,4.98,83.81,0.503,0.497,1,moderado,1
3513306,Cruzália,SP,Sudeste,85.19,80.0,-5.19,96.43,0.503,0.497,0,moderado,2
4211009,Mondaí,SC,Sul,68.6,70.43,1.83,90.77,0.5031,0.4969,0,moderado,3
2202778,Colônia do Piauí,PI,Nordeste,59.89,63.22,3.33,97.7,0.5034,0.4966,0,moderado,3
3514809,Eldorado,SP,Sudeste,62.33,65.24,2.91,89.84,0.5034,0.4966,1,moderado,3
2206407,Monsenhor Gil,PI,Nordeste,60.33,63.58,3.25,97.14,0.5035,0.4965,0,moderado,3
4219705,Xaxim,SC,Sul,66.61,68.78,2.17,86.98,0.5036,0.4964,0,moderado,3
4215604,Santa Rosa de Lima,SC,Sul,92.81,80.0,-12.81,84.38,0.5036,0.4964,1,moderado,2
3550902,São Simão,SP,Sudeste,62.84,65.66,2.82,98.41,0.5036,0.4964,0,moderado,3
3555406,Ubatuba,SP,Sudeste,41.31,47.43,6.12,85.65,0.5038,0.4962,0,moderado,0
2413706,Sítio Novo,RN,Nordeste,28.73,35.88,7.15,79.37,0.5039,0.4961,1,moderado,1
2511707,Pilõezinhos,PB,Nordeste,98.55,80.0,-18.55,95.65,0.5043,0.4957,0,moderado,2
3540804,Potirendaba,SP,Sudeste,60.72,63.91,3.19,94.67,0.5043,0.4957,0,moderado,3
1720101,São Bento do Tocantins,TO,Norte,43.97,49.76,5.79,89.36,0.5045,0.4955,1,moderado,0
1100320,São Miguel do Guaporé,RO,Norte,67.75,69.73,1.98,92.24,0.5046,0.4954,0,moderado,3
2515971,Sobrado,PB,Nordeste,60.0,63.31,3.31,93.85,0.5047,0.4953,0,moderado,3
2800407,Arauá,SE,Nordeste,31.03,38.07,7.04,93.55,0.5047,0.4953,0,moderado,0
3502606,Aparecida d'Oeste,SP,Sudeste,67.1,69.19,2.09,97.73,0.5049,0.4951,1,moderado,3
4113502,Loanda,PR,Sul,72.42,73.6,1.18,93.08,0.5052,0.4948,1,moderado,3
4100400,Almirante Tamandaré,PR,Sul,52.44,57.0,4.56,83.28,0.5053,0.4947,0,moderado,1
1718840,Sandolândia,TO,Norte,45.7,51.26,5.56,86.96,0.5053,0.4947,1,moderado,0
3500907,Altair,SP,Sudeste,55.84,59.85,4.01,93.94,0.5053,0.4947,1,moderado,0
2202455,Capitão Gervásio Oliveira,PI,Nordeste,65.3,67.7,2.4,100.0,0.5055,0.4945,1,moderado,3
3556008,Urupês,SP,Sudeste,80.62,80.0,-0.62,95.08,0.5056,0.4944,0,moderado,3
4117453,Ouro Verde do Oeste,PR,Sul,86.73,80.0,-6.73,91.84,0.5056,0.4944,1,moderado,2
4120002,Porecatu,PR,Sul,74.34,75.21,0.87,97.78,0.5057,0.4943,1,moderado,3
4117602,Palmas,PR,Sul,55.66,59.7,4.04,83.73,0.5057,0.4943,0,moderado,1
3507902,Brotas,SP,Sudeste,61.91,64.89,2.98,97.66,0.5059,0.4941,0,moderado,3
4212809,Balneário Piçarras,SC,Sul,61.5,64.55,3.05,75.16,0.5059,0.4941,0,moderado,1
4109203,Guaraci,PR,Sul,72.75,73.88,1.13,89.71,0.5061,0.4939,0,moderado,3
3550407,São Pedro,SP,Sudeste,51.93,56.57,4.64,87.7,0.5062,0.4938,1,moderado,0
4121802,Ribeirão Claro,PR,Sul,74.58,75.41,0.83,94.77,0.5065,0.4935,1,moderado,3
3305752,Tanguá,RJ,Sudeste,55.41,59.49,4.08,88.48,0.5065,0.4935,0,moderado,0
3517208,Guaiçara,SP,Sudeste,50.64,55.48,4.84,84.78,0.5066,0.4934,1,moderado,1
4204152,Celso Ramos,SC,Sul,77.35,77.74,0.39,92.86,0.5068,0.4932,0,moderado,3
4121109,Quinta do Sol,PR,Sul,76.75,77.24,0.49,90.14,0.5069,0.4931,0,moderado,3
2107258,Nova Colinas,MA,Nordeste,85.65,80.0,-5.65,95.45,0.507,0.493,0,moderado,2
4210001,Luiz Alves,SC,Sul,80.43,80.0,-0.43,94.23,0.5073,0.4927,0,moderado,3
1705102,Chapada da Natividade,TO,Norte,49.01,54.09,5.08,97.37,0.5076,0.4924,0,moderado,0
4203709,Canelinha,SC,Sul,59.28,62.71,3.43,76.88,0.5077,0.4923,0,moderado,1
3521408,Iracemápolis,SP,Sudeste,59.58,62.96,3.38,96.93,0.5078,0.4922,0,moderado,3
1100064,Colorado do Oeste,RO,Norte,62.85,65.67,2.82,86.98,0.5087,0.4913,1,moderado,3
1508308,Viseu,PA,Norte,34.28,41.1,6.82,83.56,0.5088,0.4912,0,moderado,1
5106802,Porto dos Gaúchos,MT,Centro-Oeste,75.58,76.25,0.67,85.29,0.509,0.491,0,moderado,3
2201556,Bela Vista do Piauí,PI,Nordeste,61.05,64.18,3.13,97.78,0.5091,0.4909,1,moderado,3
2602902,Cabo de Santo Agostinho,PE,Nordeste,55.12,59.25,4.13,89.41,0.5092,0.4908,0,moderado,0
3539400,Piratininga,SP,Sudeste,48.91,54.01,5.1,85.93,0.5093,0.4907,0,moderado,1
1100254,Presidente Médici,RO,Norte,62.41,65.31,2.9,89.19,0.5098,0.4902,1,moderado,3
2603926,Carnaubeira da Penha,PE,Nordeste,84.31,80.0,-4.31,98.46,0.5099,0.4901,1,moderado,3
1302207,Juruá,AM,Norte,40.6,46.8,6.2,95.4,0.5101,0.4899,0,moderado,0
4206405,Guaraciaba,SC,Sul,83.28,80.0,-3.28,93.08,0.5102,0.4898,1,moderado,3
2607307,Ipubi,PE,Nordeste,72.0,73.25,1.25,98.39,0.5105,0.4895,0,moderado,3
2929800,Saúde,BA,Nordeste,15.02,21.63,6.61,82.18,0.5106,0.4894,0,moderado,0
2105963,Lagoa Grande do Maranhão,MA,Nordeste,81.68,80.0,-1.68,97.81,0.511,0.489,1,moderado,3
2113009,Vitorino Freire,MA,Nordeste,51.04,55.82,4.78,88.65,0.5112,0.4888,1,moderado,0
2203701,Esperantina,PI,Nordeste,56.99,60.81,3.82,98.6,0.5113,0.4887,1,moderado,3
2610905,Pesqueira,PE,Nordeste,59.65,63.02,3.37,91.64,0.5119,0.4881,1,moderado,3
3555901,Uru,SP,Sudeste,81.48,80.0,-1.48,96.43,0.5119,0.4881,1,moderado,3
3500550,Águas de Santa Bárbara,SP,Sudeste,50.04,54.97,4.93,82.61,0.5119,0.4881,0,moderado,1
2201705,Bertolínia,PI,Nordeste,59.48,62.88,3.4,96.83,0.512,0.488,0,moderado,3
3550209,São Miguel Arcanjo,SP,Sudeste,56.99,60.81,3.82,94.97,0.5121,0.4879,1,moderado,3
2511806,Pirpirituba,PB,Nordeste,34.62,41.41,6.79,75.58,0.5122,0.4878,1,moderado,1
3529104,Marinópolis,SP,Sudeste,93.33,80.0,-13.33,100.0,0.5122,0.4878,1,moderado,2
3534609,Osvaldo Cruz,SP,Sudeste,58.32,61.92,3.6,96.44,0.5122,0.4878,0,moderado,3
1502905,Curuçá,PA,Norte,30.81,37.86,7.05,78.1,0.5122,0.4878,0,moderado,1
3555000,Tupã,SP,Sudeste,50.17,55.08,4.91,95.13,0.5123,0.4877,0,moderado,0
3540200,Pontal,SP,Sudeste,60.04,63.34,3.3,94.19,0.5123,0.4877,1,moderado,3
1701002,Ananás,TO,Norte,39.94,46.22,6.28,87.71,0.5124,0.4876,1,moderado,0
2803401,Japoatã,SE,Nordeste,26.06,33.27,7.21,89.19,0.5124,0.4876,1,moderado,0
5000252,Alcinópolis,MS,Centro-Oeste,76.7,77.19,0.49,91.07,0.5128,0.4872,0,moderado,3
2211407,Várzea Grande,PI,Nordeste,93.66,80.0,-13.66,95.24,0.5128,0.4872,0,moderado,2
4211652,Novo Horizonte,SC,Sul,91.6,80.0,-11.6,85.71,0.5129,0.4871,1,moderado,2
3304110,Porto Real,RJ,Sudeste,60.8,63.97,3.17,90.03,0.513,0.487,0,moderado,3
4200804,Anchieta,SC,Sul,77.52,77.89,0.37,91.3,0.5132,0.4868,1,moderado,3
3527405,Lucélia,SP,Sudeste,64.53,67.06,2.53,94.97,0.5134,0.4866,1,moderado,3
2404408,Grossos,RN,Nordeste,40.43,46.65,6.22,87.72,0.5134,0.4866,1,moderado,0
2924108,Pedrão,BA,Nordeste,20.72,27.85,7.13,92.68,0.5137,0.4863,0,moderado,0
2804904,Pacatuba,SE,Nordeste,16.9,23.74,6.84,73.96,0.5137,0.4863,1,moderado,1
2209302,Santa Luz,PI,Nordeste,100.0,80.0,-20.0,92.31,0.5138,0.4862,0,moderado,2
5106653,Pontal do Araguaia,MT,Centro-Oeste,69.67,71.32,1.65,89.04,0.5139,0.4861,0,moderado,3
4209300,Lages,SC,Sul,48.56,53.71,5.15,75.66,0.5139,0.4861,1,moderado,1
3539004,Pirangi,SP,Sudeste,83.68,80.0,-3.68,94.23,0.514,0.486,0,moderado,2
2200202,Água Branca,PI,Nordeste,90.64,80.0,-10.64,98.65,0.5144,0.4856,1,moderado,2
2610707,Paulista,PE,Nordeste,51.23,55.98,4.75,86.68,0.5145,0.4855,0,moderado,1
4207759,Iraceminha,SC,Sul,60.52,63.74,3.22,77.27,0.5145,0.4855,1,moderado,1
4114104,Mandaguaçu,PR,Sul,60.15,63.44,3.29,81.61,0.5145,0.4855,0,moderado,1
2109007,Porto Franco,MA,Nordeste,58.08,61.72,3.64,92.99,0.5147,0.4853,1,moderado,3
2515401,São Vicente do Seridó,PB,Nordeste,55.88,59.88,4.0,98.25,0.5148,0.4852,0,moderado,3
2600104,Afogados da Ingazeira,PE,Nordeste,66.59,68.77,2.18,94.57,0.5149,0.4851,1,moderado,3
3528601,Manduri,SP,Sudeste,62.2,65.13,2.93,93.41,0.515,0.485,1,moderado,3
4114708,Maria Helena,PR,Sul,64.7,67.2,2.5,85.92,0.5151,0.4849,0,moderado,3
4209003,Joaçaba,SC,Sul,59.16,62.61,3.45,79.17,0.5151,0.4849,1,moderado,1
3526100,Juquiá,SP,Sudeste,54.87,59.04,4.17,93.94,0.5151,0.4849,0,moderado,0
3543709,Rincão,SP,Sudeste,58.93,62.42,3.49,94.62,0.5154,0.4846,1,moderado,3
4118709,Paulo Frontin,PR,Sul,90.71,80.0,-10.71,94.44,0.5157,0.4843,1,moderado,2
2607109,Ingazeira,PE,Nordeste,78.57,78.78,0.21,100.0,0.5158,0.4842,1,moderado,3
2505402,Desterro,PB,Nordeste,55.88,59.88,4.0,95.71,0.5162,0.4838,0,moderado,3
2105658,Junco do Maranhão,MA,Nordeste,94.78,80.0,-14.78,93.9,0.5162,0.4838,0,moderado,2
2703759,Jequiá da Praia,AL,Nordeste,50.22,55.12,4.9,95.35,0.5164,0.4836,1,moderado,0
2704708,Marechal Deodoro,AL,Nordeste,40.6,46.8,6.2,93.16,0.5165,0.4835,0,moderado,0
2701506,Campo Grande,AL,Nordeste,51.51,56.21,4.7,92.98,0.5166,0.4834,0,moderado,0
3506201,Bento de Abreu,SP,Sudeste,100.0,80.0,-20.0,86.67,0.5167,0.4833,1,moderado,2
5106240,Nova Ubiratã,MT,Centro-Oeste,73.23,74.28,1.05,85.14,0.5169,0.4831,0,moderado,3
4210035,Luzerna,SC,Sul,72.91,74.01,1.1,88.68,0.5169,0.4831,1,moderado,3
3304805,São Fidélis,RJ,Sudeste,39.79,46.08,6.29,73.15,0.517,0.483,1,moderado,1
1506351,Santa Bárbara do Pará,PA,Norte,37.63,44.15,6.52,85.27,0.5173,0.4827,1,moderado,0
4115457,Marquinho,PR,Sul,73.99,74.92,0.93,92.0,0.5173,0.4827,1,moderado,3
2207934,Pedro Laurentino,PI,Nordeste,37.77,44.28,6.51,75.76,0.5173,0.4827,1,moderado,1
2607406,Itacuruba,PE,Nordeste,64.79,67.28,2.49,87.23,0.5176,0.4824,0,moderado,3
3503109,Arandu,SP,Sudeste,54.21,58.49,4.28,83.53,0.5177,0.4823,0,moderado,1
4112405,Japurá,PR,Sul,73.42,74.44,1.02,92.38,0.5178,0.4822,1,moderado,3
4103958,Campina do Simão,PR,Sul,85.54,80.0,-5.54,88.89,0.5179,0.4821,1,moderado,3
2504033,Capim,PB,Nordeste,56.03,60.01,3.98,97.26,0.5182,0.4818,1,moderado,3
4212205,Papanduva,SC,Sul,70.53,72.03,1.5,88.14,0.5184,0.4816,0,moderado,3
5107909,Sinop,MT,Centro-Oeste,57.03,60.84,3.81,87.51,0.5184,0.4816,0,moderado,3
4202057,Balneário Barra do Sul,SC,Sul,60.27,63.53,3.26,75.45,0.5186,0.4814,0,moderado,1
4111704,Jaboti,PR,Sul,82.7,80.0,-2.7,93.22,0.5186,0.4814,0,moderado,3
3503802,Artur Nogueira,SP,Sudeste,50.11,55.03,4.92,92.37,0.5188,0.4812,0,moderado,0
3517703,Guará,SP,Sudeste,67.39,69.43,2.04,95.91,0.519,0.481,1,moderado,3
4125001,São João do Ivaí,PR,Sul,61.46,64.52,3.06,82.61,0.5193,0.4807,1,moderado,1
2208908,Ribeiro Gonçalves,PI,Nordeste,88.78,80.0,-8.78,95.06,0.5198,0.4802,1,moderado,2
4107546,Espigão Alto do Iguaçu,PR,Sul,71.95,73.21,1.26,89.29,0.5198,0.4802,1,moderado,3
2907202,Casa Nova,BA,Nordeste,13.13,19.44,6.31,86.93,0.5206,0.4794,1,moderado,0
1500503,Almeirim,PA,Norte,30.68,37.74,7.06,76.67,0.5207,0.4793,1,moderado,1
3551504,Serrana,SP,Sudeste,45.95,51.47,5.52,88.97,0.5208,0.4792,0,moderado,0
3516853,Gavião Peixoto,SP,Sudeste,66.86,68.99,2.13,91.43,0.5208,0.4792,1,moderado,3
2403756,Fernando Pedroza,RN,Nordeste,32.84,39.77,6.93,86.67,0.5209,0.4791,1,moderado,0
3535705,Paraíso,SP,Sudeste,76.84,77.31,0.47,93.33,0.5209,0.4791,1,moderado,3
2804805,Nossa Senhora do Socorro,SE,Nordeste,19.85,26.93,7.08,86.35,0.5211,0.4789,1,moderado,0
2708956,Senador Rui Palmeira,AL,Nordeste,51.9,56.54,4.64,97.7,0.5212,0.4788,1,moderado,0
2507705,Juazeirinho,PB,Nordeste,50.95,55.74,4.79,91.73,0.5214,0.4786,0,moderado,0
2504157,Casserengue,PB,Nordeste,47.97,53.21,5.24,89.41,0.5215,0.4785,1,moderado,0
3526704,Leme,SP,Sudeste,52.84,57.33,4.49,94.87,0.5218,0.4782,1,moderado,0
2613602,São José do Egito,PE,Nordeste,67.52,69.54,2.02,95.05,0.5218,0.4782,1,moderado,3
3301108,Cantagalo,RJ,Sudeste,55.75,59.77,4.02,87.98,0.5221,0.4779,0,moderado,0
2405603,Jardim de Piranhas,RN,Nordeste,30.4,37.47,7.07,85.34,0.5223,0.4777,1,moderado,0
2612455,Santa Cruz,PE,Nordeste,69.26,70.98,1.72,95.17,0.5225,0.4775,0,moderado,3
2205508,José de Freitas,PI,Nordeste,49.82,54.78,4.96,97.47,0.5226,0.4774,0,moderado,0
2500734,Amparo,PB,Nordeste,85.27,80.0,-5.27,97.83,0.5229,0.4771,0,moderado,2
1503200,Igarapé-Açu,PA,Norte,32.77,39.7,6.93,78.88,0.5229,0.4771,1,moderado,1
2506301,Guarabira,PB,Nordeste,36.12,42.78,6.66,87.7,0.5229,0.4771,1,moderado,0
2501708,Barra de São Miguel,PB,Nordeste,60.51,63.73,3.22,97.4,0.5231,0.4769,1,moderado,3
3523305,Itariri,SP,Sudeste,61.61,64.65,3.04,97.87,0.5232,0.4768,1,moderado,3
4304671,Capivari do Sul,RS,Sul,41.25,47.38,6.13,95.59,0.5232,0.4768,0,moderado,0
3554904,Três Fronteiras,SP,Sudeste,89.53,80.0,-9.53,92.65,0.5234,0.4766,0,moderado,2
4110607,Iporã,PR,Sul,64.15,66.75,2.6,89.92,0.5235,0.4765,1,moderado,3
4213153,Planalto Alegre,SC,Sul,79.57,79.63,0.06,91.89,0.5236,0.4764,1,moderado,3
4108007,Florestópolis,PR,Sul,64.38,66.94,2.56,87.18,0.5237,0.4763,0,moderado,3
4109906,Icaraíma,PR,Sul,73.26,74.31,1.05,94.79,0.5242,0.4758,0,moderado,3
4122800,Salgado Filho,PR,Sul,89.42,80.0,-9.42,86.57,0.5242,0.4758,1,moderado,2
5000203,Água Clara,MS,Centro-Oeste,70.19,71.75,1.56,91.22,0.5243,0.4757,1,moderado,3
3507704,Braúna,SP,Sudeste,93.87,80.0,-13.87,84.13,0.5245,0.4755,0,moderado,2
1100015,Alta Floresta D'Oeste,RO,Norte,64.55,67.08,2.53,89.37,0.5247,0.4753,1,moderado,3
3534500,Oscar Bressane,SP,Sudeste,68.23,70.12,1.89,96.55,0.5247,0.4753,1,moderado,3
4204004,Catanduvas,SC,Sul,68.3,70.18,1.88,85.9,0.5248,0.4752,1,moderado,3
3555356,Ubarana,SP,Sudeste,60.64,63.84,3.2,96.61,0.525,0.475,1,moderado,3
4202800,Braço do Norte,SC,Sul,60.64,63.84,3.2,78.77,0.5254,0.4746,0,moderado,1
3517406,Guaíra,SP,Sudeste,54.86,59.03,4.17,92.46,0.5254,0.4746,0,moderado,3
4124509,Santo Inácio,PR,Sul,91.05,80.0,-11.05,93.55,0.5255,0.4745,1,moderado,2
3520707,Indiaporã,SP,Sudeste,67.57,69.58,2.01,100.0,0.5255,0.4745,1,moderado,3
2606507,Iati,PE,Nordeste,66.34,68.56,2.22,91.13,0.5257,0.4743,1,moderado,3
3300456,Belford Roxo,RJ,Sudeste,34.73,41.51,6.78,79.77,0.5258,0.4742,0,moderado,1
3527207,Lorena,SP,Sudeste,42.48,48.46,5.98,89.82,0.526,0.474,0,moderado,0
4205506,Fraiburgo,SC,Sul,66.55,68.73,2.18,85.61,0.526,0.474,1,moderado,3
2209708,São Francisco do Piauí,PI,Nordeste,58.13,61.76,3.63,98.28,0.5262,0.4738,1,moderado,3
1101500,Seringueiras,RO,Norte,63.02,65.81,2.79,90.77,0.5263,0.4737,1,moderado,3
4128807,Xambrê,PR,Sul,73.84,74.79,0.95,98.84,0.5263,0.4737,0,moderado,3
2516201,Sousa,PB,Nordeste,44.13,49.9,5.77,95.28,0.5264,0.4736,1,moderado,0
3502754,Araçariguama,SP,Sudeste,50.13,55.05,4.92,85.93,0.5267,0.4733,0,moderado,1
4201257,Apiúna,SC,Sul,63.67,66.35,2.68,83.33,0.5268,0.4732,1,moderado,1
3546207,Santa Cruz da Conceição,SP,Sudeste,66.58,68.76,2.18,92.86,0.5268,0.4732,1,moderado,3
3514908,Elias Fausto,SP,Sudeste,55.13,59.26,4.13,95.31,0.5269,0.4731,0,moderado,0
4209607,Lauro Müller,SC,Sul,63.3,66.04,2.74,83.21,0.527,0.473,1,moderado,1
3522000,Itaju,SP,Sudeste,53.84,58.17,4.33,94.55,0.527,0.473,0,moderado,0
2110278,Santo Amaro do Maranhão,MA,Nordeste,33.31,40.2,6.89,80.43,0.5271,0.4729,0,moderado,1
4127957,Tupãssi,PR,Sul,70.71,72.18,1.47,88.1,0.5274,0.4726,1,moderado,3
3509304,Cajobi,SP,Sudeste,61.22,64.32,3.1,95.45,0.5278,0.4722,0,moderado,3
2106003,Lima Campos,MA,Nordeste,86.67,80.0,-6.67,100.0,0.528,0.472,1,moderado,2
2605004,Cupira,PE,Nordeste,77.97,78.27,0.3,97.04,0.528,0.472,1,moderado,3
2502805,Brejo do Cruz,PB,Nordeste,53.57,57.95,4.38,93.79,0.528,0.472,0,moderado,0
3524808,Jales,SP,Sudeste,55.33,59.42,4.09,93.08,0.5283,0.4717,1,moderado,3
4127908,Tuneiras do Oeste,PR,Sul,71.46,72.81,1.35,94.07,0.5283,0.4717,0,moderado,3
2210979,Tanque do Piauí,PI,Nordeste,58.33,61.92,3.59,100.0,0.5284,0.4716,0,moderado,3
2700102,Água Branca,AL,Nordeste,47.14,52.49,5.35,98.48,0.5286,0.4714,0,moderado,0
2605400,Feira Nova,PE,Nordeste,85.66,80.0,-5.66,93.36,0.5286,0.4714,1,moderado,2
2612505,Santa Cruz do Capibaribe,PE,Nordeste,52.81,57.31,4.5,87.8,0.5286,0.4714,0,moderado,0
2510303,Nova Palmeira,PB,Nordeste,59.43,62.84,3.41,95.65,0.5291,0.4709,1,moderado,3
2503001,Caaporã,PB,Nordeste,37.78,44.29,6.51,81.43,0.5291,0.4709,0,moderado,1
4203303,Campo Alegre,SC,Sul,66.48,68.68,2.2,86.81,0.5291,0.4709,0,moderado,3
3304144,Queimados,RJ,Sudeste,38.08,44.56,6.48,80.79,0.5293,0.4707,0,moderado,1
4117305,Ortigueira,PR,Sul,62.63,65.49,2.86,87.22,0.5293,0.4707,0,moderado,3
2706000,Olivença,AL,Nordeste,50.0,54.93,4.93,99.51,0.5294,0.4706,1,moderado,0
3205200,Vila Velha,ES,Sudeste,68.08,70.0,1.92,86.35,0.5295,0.4705,0,moderado,3
3515004,Embu das Artes,SP,Sudeste,32.6,39.54,6.94,83.73,0.5296,0.4704,1,moderado,0
2103208,Chapadinha,MA,Nordeste,47.1,52.46,5.36,95.12,0.5298,0.4702,0,moderado,0
3530102,Mirandópolis,SP,Sudeste,53.42,57.82,4.4,92.64,0.5298,0.4702,0,moderado,0
4217006,São Ludgero,SC,Sul,65.85,68.15,2.3,85.98,0.5301,0.4699,1,moderado,3
3301603,Duas Barras,RJ,Sudeste,57.85,61.52,3.67,92.73,0.5304,0.4696,1,moderado,3
3557204,Chavantes,SP,Sudeste,38.04,44.52,6.48,77.08,0.5305,0.4695,1,moderado,1
1501782,Breu Branco,PA,Norte,31.24,38.27,7.03,82.78,0.5306,0.4694,1,moderado,1
2205565,Lagoa do Barro do Piauí,PI,Nordeste,55.67,59.71,4.04,96.55,0.5308,0.4692,0,moderado,3
3525201,Jarinu,SP,Sudeste,48.78,53.9,5.12,90.15,0.5309,0.4691,0,moderado,0
2805505,Poço Verde,SE,Nordeste,30.77,37.82,7.05,94.89,0.531,0.469,1,moderado,0
2805307,Pirambu,SE,Nordeste,25.81,33.03,7.22,80.52,0.5313,0.4687,1,moderado,1
3538105,Pindorama,SP,Sudeste,46.53,51.97,5.44,86.62,0.5314,0.4686,1,moderado,0
3535408,Panorama,SP,Sudeste,85.96,80.0,-5.96,96.5,0.5315,0.4685,1,moderado,2
3521200,Iporanga,SP,Sudeste,52.31,56.89,4.58,92.31,0.5315,0.4685,1,moderado,0
2207751,Passagem Franca do Piauí,PI,Nordeste,100.0,80.0,-20.0,88.57,0.5315,0.4685,0,moderado,2
3541505,Presidente Venceslau,SP,Sudeste,60.06,63.36,3.3,95.68,0.5315,0.4685,1,moderado,3
2205151,Jacobina do Piauí,PI,Nordeste,88.51,80.0,-8.51,98.85,0.5316,0.4684,1,moderado,2
1100056,Cerejeiras,RO,Norte,58.53,62.09,3.56,92.12,0.5316,0.4684,1,moderado,3
2405801,João Câmara,RN,Nordeste,22.55,29.74,7.19,74.84,0.5317,0.4683,1,moderado,1
2402303,Caraúbas,RN,Nordeste,25.23,32.45,7.22,77.05,0.532,0.468,1,moderado,1
2508901,Mamanguape,PB,Nordeste,46.17,51.66,5.49,90.0,0.532,0.468,1,moderado,0
2108454,Peritoró,MA,Nordeste,57.3,61.07,3.77,95.26,0.5321,0.4679,1,moderado,3
4207502,Indaial,SC,Sul,55.2,59.31,4.11,80.81,0.5323,0.4677,1,moderado,1
4122909,Salto do Itararé,PR,Sul,64.52,67.05,2.53,84.13,0.5323,0.4677,1,moderado,1
2709400,Viçosa,AL,Nordeste,40.03,46.3,6.27,90.32,0.5324,0.4676,1,moderado,0
3516903,General Salgado,SP,Sudeste,60.8,63.97,3.17,93.88,0.5329,0.4671,1,moderado,3
3526407,Laranjal Paulista,SP,Sudeste,54.22,58.49,4.27,91.81,0.5329,0.4671,1,moderado,0
2201507,Batalha,PI,Nordeste,43.66,49.49,5.83,89.64,0.5332,0.4668,0,moderado,0
2207702,Parnaíba,PI,Nordeste,31.0,38.04,7.04,82.64,0.5333,0.4667,1,moderado,1
3519907,Iepê,SP,Sudeste,51.77,56.43,4.66,91.01,0.5335,0.4665,0,moderado,0
2708501,São Luís do Quitunde,AL,Nordeste,39.59,45.9,6.31,92.36,0.5337,0.4663,1,moderado,0
2202554,Caridade do Piauí,PI,Nordeste,61.42,64.49,3.07,98.48,0.5337,0.4663,0,moderado,3
4107157,Diamante D'Oeste,PR,Sul,67.21,69.28,2.07,92.19,0.5338,0.4662,1,moderado,3
2515930,Sertãozinho,PB,Nordeste,52.0,56.63,4.63,86.36,0.5342,0.4658,1,moderado,1
2610608,Paudalho,PE,Nordeste,62.99,65.79,2.8,94.7,0.5344,0.4656,1,moderado,3
2701803,Carneiros,AL,Nordeste,43.52,49.37,5.85,97.77,0.5344,0.4656,0,moderado,0
3553005,Taguaí,SP,Sudeste,58.59,62.14,3.55,93.94,0.5347,0.4653,1,moderado,3
2206357,Milton Brandão,PI,Nordeste,37.5,44.03,6.53,84.21,0.5348,0.4652,0,moderado,1
3517000,Getulina,SP,Sudeste,49.54,54.54,5.0,80.0,0.535,0.465,1,moderado,1
3546405,Santa Cruz do Rio Pardo,SP,Sudeste,52.74,57.25,4.51,91.94,0.535,0.465,1,moderado,0
3523503,Itatinga,SP,Sudeste,61.7,64.72,3.02,93.39,0.5351,0.4649,0,moderado,3
2515302,Sapé,PB,Nordeste,33.89,40.74,6.85,83.41,0.5353,0.4647,0,moderado,1
4128559,Vera Cruz do Oeste,PR,Sul,52.37,56.94,4.57,72.04,0.5354,0.4646,1,moderado,1
2108058,Paulino Neves,MA,Nordeste,64.86,67.34,2.48,96.67,0.5355,0.4645,1,moderado,3
1100700,Campo Novo de Rondônia,RO,Norte,59.32,62.75,3.43,89.82,0.5355,0.4645,1,moderado,3
4213351,Ponte Alta do Norte,SC,Sul,64.09,66.7,2.61,76.81,0.5356,0.4644,1,moderado,1
2203503,Elesbão Veloso,PI,Nordeste,50.09,55.01,4.92,96.34,0.5356,0.4644,0,moderado,0
5104906,Jangada,MT,Centro-Oeste,55.89,59.89,4.0,79.63,0.5358,0.4642,0,moderado,1
3537602,Peruíbe,SP,Sudeste,39.63,45.94,6.31,87.24,0.5362,0.4638,1,moderado,0
2504504,Condado,PB,Nordeste,56.24,60.18,3.94,92.73,0.5362,0.4638,0,moderado,3
3548104,Santo Antônio do Jardim,SP,Sudeste,71.46,72.81,1.35,98.25,0.5363,0.4637,0,moderado,3
2706406,Pão de Açúcar,AL,Nordeste,47.65,52.93,5.28,97.55,0.5364,0.4636,1,moderado,0
3524907,Jambeiro,SP,Sudeste,58.85,62.36,3.51,92.31,0.5365,0.4635,0,moderado,3
4213609,Porto União,SC,Sul,70.51,72.02,1.51,90.14,0.5366,0.4634,0,moderado,3
4123600,Santa Inês,PR,Sul,96.75,80.0,-16.75,92.31,0.5367,0.4633,1,moderado,2
2112233,Trizidela do Vale,MA,Nordeste,59.01,62.49,3.48,95.53,0.5368,0.4632,1,moderado,3
2406502,Lagoa Nova,RN,Nordeste,34.74,41.52,6.78,92.04,0.5371,0.4629,0,moderado,0
2101707,Barreirinhas,MA,Nordeste,50.35,55.23,4.88,94.3,0.5371,0.4629,1,moderado,0
2101400,Balsas,MA,Nordeste,39.83,46.12,6.29,91.86,0.5374,0.4626,0,moderado,0
4218855,União do Oeste,SC,Sul,67.41,69.44,2.03,81.82,0.5374,0.4626,0,moderado,1
4107553,Farol,PR,Sul,75.96,76.57,0.61,92.31,0.5377,0.4623,1,moderado,3
5105606,Matupá,MT,Centro-Oeste,65.6,67.95,2.35,85.63,0.5378,0.4622,0,moderado,3
5005707,Naviraí,MS,Centro-Oeste,60.27,63.53,3.26,91.93,0.538,0.462,0,moderado,3
4116000,Miraselva,PR,Sul,77.05,77.49,0.44,97.44,0.538,0.462,0,moderado,3
2611533,Quixaba,PE,Nordeste,80.26,80.0,-0.26,97.26,0.5383,0.4617,1,moderado,3
4214508,Rio do Campo,SC,Sul,68.01,69.94,1.93,85.45,0.5383,0.4617,1,moderado,3
3503505,Areias,SP,Sudeste,59.5,62.9,3.4,94.92,0.5384,0.4616,0,moderado,3
4120101,Porto Amazonas,PR,Sul,69.78,71.41,1.63,90.63,0.5386,0.4614,1,moderado,3
4117271,Nova Tebas,PR,Sul,89.19,80.0,-9.19,93.22,0.5388,0.4612,1,moderado,2
4214003,Presidente Getúlio,SC,Sul,62.2,65.13,2.93,83.33,0.5388,0.4612,0,moderado,1
1100098,Espigão D'Oeste,RO,Norte,85.33,80.0,-5.33,93.39,0.5391,0.4609,0,moderado,2
3531209,Monte Alegre do Sul,SP,Sudeste,55.12,59.25,4.13,88.17,0.5396,0.4604,0,moderado,3
2404101,Galinhos,RN,Nordeste,38.33,44.78,6.45,88.24,0.5397,0.4603,1,moderado,0
1504901,Muaná,PA,Norte,36.17,42.83,6.66,87.5,0.5402,0.4598,0,moderado,0
3519709,Ibiúna,SP,Sudeste,44.73,50.42,5.69,89.93,0.5403,0.4597,1,moderado,0
3528304,Magda,SP,Sudeste,84.51,80.0,-4.51,88.89,0.5403,0.4597,1,moderado,2
1101302,Mirante da Serra,RO,Norte,59.21,62.66,3.45,86.36,0.5406,0.4594,1,moderado,3
2704104,Lagoa da Canoa,AL,Nordeste,45.57,51.14,5.57,94.64,0.5406,0.4594,0,moderado,0
2111953,Sucupira do Riachão,MA,Nordeste,75.39,76.09,0.7,95.12,0.541,0.459,1,moderado,3
2403905,Francisco Dantas,RN,Nordeste,45.0,50.65,5.65,86.96,0.5413,0.4587,1,moderado,0
2514651,São José do Brejo do Cruz,PB,Nordeste,40.0,46.27,6.27,80.0,0.5418,0.4582,0,moderado,1
3509700,Campos do Jordão,SP,Sudeste,51.23,55.98,4.75,94.76,0.5419,0.4581,1,moderado,0
3510104,Cândido Rodrigues,SP,Sudeste,69.57,71.23,1.66,91.67,0.5421,0.4579,1,moderado,3
2704203,Limoeiro de Anadia,AL,Nordeste,43.45,49.3,5.85,94.96,0.5422,0.4578,0,moderado,0
4205100,Dona Emma,SC,Sul,87.24,80.0,-7.24,88.68,0.5423,0.4577,1,moderado,2
2200608,Angical do Piauí,PI,Nordeste,61.5,64.55,3.05,100.0,0.5423,0.4577,1,moderado,3
3533254,Novais,SP,Sudeste,68.58,70.41,1.83,98.53,0.5424,0.4576,0,moderado,3
4122602,Rondon,PR,Sul,68.42,70.28,1.86,94.29,0.5426,0.4574,0,moderado,3
2805604,Porto da Folha,SE,Nordeste,23.53,30.74,7.21,89.77,0.5426,0.4574,0,moderado,0
5002704,Campo Grande,MS,Centro-Oeste,41.61,47.69,6.08,83.99,0.5429,0.4571,1,moderado,1
2512747,Riachão,PB,Nordeste,52.41,56.97,4.56,92.31,0.5429,0.4571,1,moderado,0
2702504,Dois Riachos,AL,Nordeste,46.47,51.92,5.45,98.72,0.5429,0.4571,1,moderado,0
2402808,Coronel Ezequiel,RN,Nordeste,40.66,46.85,6.19,91.43,0.5431,0.4569,0,moderado,0
2411429,Santana do Seridó,RN,Nordeste,52.34,56.91,4.57,96.77,0.5433,0.4567,0,moderado,3
2514305,São José de Caiana,PB,Nordeste,48.19,53.39,5.2,90.16,0.5434,0.4566,0,moderado,0
4212304,Paulo Lopes,SC,Sul,63.06,65.85,2.79,79.25,0.5435,0.4565,0,moderado,1
4114500,Manoel Ribas,PR,Sul,67.7,69.69,1.99,93.38,0.5435,0.4565,1,moderado,3
2104404,Gonçalves Dias,MA,Nordeste,45.23,50.85,5.62,91.3,0.5437,0.4563,1,moderado,0
2701704,Capela,AL,Nordeste,41.23,47.36,6.13,95.31,0.5437,0.4563,0,moderado,0
2111672,São Roberto,MA,Nordeste,48.24,53.44,5.2,86.27,0.5439,0.4561,0,moderado,1
2501500,Bananeiras,PB,Nordeste,51.04,55.82,4.78,88.98,0.544,0.456,0,moderado,0
2502300,Bom Sucesso,PB,Nordeste,65.39,67.77,2.38,97.92,0.5443,0.4557,0,moderado,3
3302007,Itaguaí,RJ,Sudeste,42.05,48.08,6.03,83.31,0.5445,0.4555,0,moderado,1
5204409,Caiapônia,GO,Centro-Oeste,76.59,77.1,0.51,76.97,0.5448,0.4552,1,moderado,1
4103800,Cambira,PR,Sul,86.17,80.0,-6.17,92.62,0.5449,0.4551,1,moderado,2
3532801,Nova Aliança,SP,Sudeste,57.65,61.36,3.71,92.31,0.545,0.455,1,moderado,3
1721109,Tocantínia,TO,Norte,42.96,48.88,5.92,86.96,0.5452,0.4548,1,moderado,0
2603009,Cabrobó,PE,Nordeste,68.25,70.14,1.89,93.95,0.5453,0.4547,0,moderado,3
3501152,Alumínio,SP,Sudeste,48.56,53.71,5.15,92.9,0.5454,0.4546,0,moderado,0
1501204,Baião,PA,Norte,27.52,34.71,7.19,71.1,0.5454,0.4546,1,moderado,1
1600501,Oiapoque,AP,Norte,26.09,33.3,7.21,79.8,0.5455,0.4545,0,moderado,1
3509007,Caieiras,SP,Sudeste,43.89,49.69,5.8,89.35,0.5458,0.4542,1,moderado,0
3513900,Divinolândia,SP,Sudeste,52.32,56.9,4.58,88.17,0.5459,0.4541,1,moderado,0
5005251,Laguna Carapã,MS,Centro-Oeste,83.01,80.0,-3.01,96.23,0.5461,0.4539,0,moderado,3
1101005,Governador Jorge Teixeira,RO,Norte,65.11,67.54,2.43,90.65,0.5464,0.4536,1,moderado,3
4219002,Urussanga,SC,Sul,68.86,70.65,1.79,89.66,0.5464,0.4536,1,moderado,3
2926103,Retirolândia,BA,Nordeste,18.48,25.46,6.98,91.54,0.5465,0.4535,0,moderado,0
3520400,Ilhabela,SP,Sudeste,44.16,49.92,5.76,85.75,0.5468,0.4532,0,moderado,0
2202133,Campo Grande do Piauí,PI,Nordeste,85.6,80.0,-5.6,95.92,0.5469,0.4531,1,moderado,2
2105476,Jenipapo dos Vieiras,MA,Nordeste,47.09,52.45,5.36,87.79,0.5469,0.4531,1,moderado,0
1722081,Wanderlândia,TO,Norte,35.16,41.91,6.75,86.18,0.5469,0.4531,0,moderado,0
2616183,Vertente do Lério,PE,Nordeste,83.71,80.0,-3.71,96.34,0.5473,0.4527,1,moderado,3
3536109,Pardinho,SP,Sudeste,57.74,61.43,3.69,90.57,0.5476,0.4524,0,moderado,3
2513901,São Bento,PB,Nordeste,42.46,48.44,5.98,91.03,0.5477,0.4523,0,moderado,0
3512100,Colômbia,SP,Sudeste,90.59,80.0,-10.59,90.08,0.548,0.452,0,moderado,2
2103901,Duque Bacelar,MA,Nordeste,69.39,71.09,1.7,95.3,0.548,0.452,1,moderado,3
3553658,Taquaral,SP,Sudeste,75.0,75.76,0.76,92.86,0.5486,0.4514,0,moderado,3
4219309,Videira,SC,Sul,57.29,61.06,3.77,84.67,0.5486,0.4514,1,moderado,1
2100873,Araguanã,MA,Nordeste,98.19,80.0,-18.19,80.65,0.5488,0.4512,1,moderado,2
3303955,Pinheiral,RJ,Sudeste,51.35,56.08,4.73,86.94,0.5488,0.4512,1,moderado,0
5007976,Taquarussu,MS,Centro-Oeste,78.85,79.02,0.17,100.0,0.5489,0.4511,1,moderado,3
3549409,São Joaquim da Barra,SP,Sudeste,45.54,51.12,5.58,92.47,0.549,0.451,0,moderado,0
2604908,Cumaru,PE,Nordeste,76.43,76.97,0.54,95.18,0.5491,0.4509,1,moderado,3
2603900,Carnaíba,PE,Nordeste,91.81,80.0,-11.81,96.9,0.5492,0.4508,1,moderado,2
3517307,Guaimbê,SP,Sudeste,82.7,80.0,-2.7,92.42,0.5492,0.4508,1,moderado,2
5103700,Feliz Natal,MT,Centro-Oeste,65.18,67.6,2.42,91.01,0.5492,0.4508,0,moderado,3
3552106,Socorro,SP,Sudeste,50.82,55.63,4.81,89.62,0.5493,0.4507,1,moderado,0
2505709,Dona Inês,PB,Nordeste,48.88,53.98,5.1,92.45,0.5494,0.4506,1,moderado,0
3530409,Mirassolândia,SP,Sudeste,59.21,62.66,3.45,96.97,0.5494,0.4506,0,moderado,3
2707305,Porto Calvo,AL,Nordeste,36.55,43.17,6.62,93.25,0.5494,0.4506,1,moderado,0
2608602,Lagoa do Ouro,PE,Nordeste,72.63,73.78,1.15,95.56,0.5497,0.4503,1,moderado,3
3517802,Guaraçaí,SP,Sudeste,54.35,58.6,4.25,92.86,0.55,0.45,1,moderado,0
4108551,Godoy Moreira,PR,Sul,94.55,80.0,-14.55,90.91,0.55,0.45,0,moderado,2
2513984,São Francisco,PB,Nordeste,56.59,60.48,3.89,90.2,0.5501,0.4499,1,moderado,3
3554508,Tietê,SP,Sudeste,48.35,53.53,5.18,92.58,0.5502,0.4498,1,moderado,0
2101251,Bacabeira,MA,Nordeste,51.49,56.2,4.71,88.12,0.5502,0.4498,0,moderado,0
2610202,Panelas,PE,Nordeste,76.82,77.3,0.48,97.9,0.5502,0.4498,1,moderado,3
2406403,Lagoa de Velhos,RN,Nordeste,41.67,47.75,6.08,92.31,0.5504,0.4496,0,moderado,0
4215505,Santa Cecília,SC,Sul,66.38,68.59,2.21,87.5,0.5508,0.4492,0,moderado,3
1703701,Brejinho de Nazaré,TO,Norte,38.1,44.57,6.47,82.89,0.5508,0.4492,1,moderado,1
4106852,Cruzmaltina,PR,Sul,95.74,80.0,-15.74,89.36,0.5508,0.4492,1,moderado,2
2801207,Canindé de São Francisco,SE,Nordeste,22.69,29.89,7.2,85.04,0.5509,0.4491,0,moderado,0
2708907,Satuba,AL,Nordeste,42.93,48.85,5.92,93.65,0.551,0.449,1,moderado,0
2507408,Jericó,PB,Nordeste,53.45,57.85,4.4,90.91,0.5513,0.4487,0,moderado,0
4208005,Itá,SC,Sul,69.06,70.81,1.75,86.6,0.5513,0.4487,1,moderado,3
2206704,Nazaré do Piauí,PI,Nordeste,46.93,52.31,5.38,90.91,0.5515,0.4485,0,moderado,0
4212403,Pedras Grandes,SC,Sul,81.73,80.0,-1.73,96.43,0.5517,0.4483,0,moderado,3
2109551,Ribamar Fiquene,MA,Nordeste,54.24,58.51,4.27,90.63,0.5519,0.4481,0,moderado,3
4207601,Ipira,SC,Sul,83.23,80.0,-3.23,91.84,0.552,0.448,1,moderado,3
5106224,Nova Mutum,MT,Centro-Oeste,64.2,66.79,2.59,87.85,0.5521,0.4479,1,moderado,3
5007950,Tacuru,MS,Centro-Oeste,51.61,56.3,4.69,78.39,0.5522,0.4478,1,moderado,1
2102077,Bom Lugar,MA,Nordeste,100.0,80.0,-20.0,96.25,0.5524,0.4476,1,moderado,2
2204659,Ilha Grande,PI,Nordeste,39.89,46.17,6.28,92.36,0.5525,0.4475,0,moderado,0
4201653,Arvoredo,SC,Sul,75.71,76.36,0.65,91.67,0.5525,0.4475,1,moderado,3
4215109,Rodeio,SC,Sul,57.06,60.87,3.81,77.56,0.5526,0.4474,1,moderado,1
4116950,Nova Esperança do Sudoeste,PR,Sul,97.38,80.0,-17.38,88.61,0.5526,0.4474,1,moderado,2
5100607,Alto Taquari,MT,Centro-Oeste,72.32,73.52,1.2,94.24,0.5528,0.4472,0,moderado,3
4211702,Orleans,SC,Sul,65.83,68.14,2.31,84.97,0.5531,0.4469,1,moderado,3
4212106,Palmitos,SC,Sul,58.21,61.82,3.61,83.46,0.5532,0.4468,1,moderado,1
2100600,Amarante do Maranhão,MA,Nordeste,45.63,51.2,5.57,89.36,0.5533,0.4467,0,moderado,0
4103370,Brasilândia do Sul,PR,Sul,74.32,75.19,0.87,94.12,0.5533,0.4467,1,moderado,3
5107602,Rondonópolis,MT,Centro-Oeste,52.75,57.26,4.51,86.18,0.5534,0.4466,1,moderado,1
2603405,Calumbi,PE,Nordeste,74.41,75.27,0.86,98.61,0.5536,0.4464,1,moderado,3
1300508,Barreirinha,AM,Norte,29.7,36.81,7.11,83.43,0.5541,0.4459,0,moderado,0
2209153,Santa Cruz dos Milagres,PI,Nordeste,52.44,57.0,4.56,93.33,0.5541,0.4459,1,moderado,0
1100031,Cabixi,RO,Norte,69.1,70.85,1.75,90.48,0.5541,0.4459,1,moderado,3
3550704,São Sebastião,SP,Sudeste,39.21,45.57,6.36,89.87,0.5548,0.4452,0,moderado,0
3544202,Riolândia,SP,Sudeste,85.73,80.0,-5.73,94.21,0.5548,0.4452,1,moderado,2
2802205,Feira Nova,SE,Nordeste,29.58,36.69,7.11,92.21,0.5548,0.4452,0,moderado,0
1716208,Paranã,TO,Norte,42.28,48.28,6.0,89.66,0.5553,0.4447,1,moderado,0
2605608,Flores,PE,Nordeste,74.26,75.14,0.88,97.01,0.5555,0.4445,0,moderado,3
2202406,Capitão de Campos,PI,Nordeste,53.68,58.04,4.36,97.17,0.5557,0.4443,0,moderado,3
1100403,Alto Paraíso,RO,Norte,61.53,64.58,3.05,83.65,0.5557,0.4443,0,moderado,1
4104451,Cantagalo,PR,Sul,65.68,68.01,2.33,90.45,0.5563,0.4437,1,moderado,3
4102802,Bela Vista do Paraíso,PR,Sul,61.05,64.18,3.13,86.98,0.5565,0.4435,0,moderado,3
4117297,Novo Itacolomi,PR,Sul,87.42,80.0,-7.42,92.11,0.5566,0.4434,1,moderado,2
2503407,Cacimba de Areia,PB,Nordeste,63.89,66.53,2.64,100.0,0.557,0.443,0,moderado,3
3502507,Aparecida,SP,Sudeste,43.48,49.33,5.85,84.59,0.557,0.443,1,moderado,1
4118451,Pato Bragado,PR,Sul,90.47,80.0,-10.47,89.89,0.5572,0.4428,1,moderado,2
1707108,Divinópolis do Tocantins,TO,Norte,39.09,45.46,6.37,87.38,0.5573,0.4427,1,moderado,0
2104628,Governador Luiz Rocha,MA,Nordeste,98.32,80.0,-18.32,100.0,0.5574,0.4426,1,moderado,2
3543105,Ribeirão Corrente,SP,Sudeste,71.89,73.16,1.27,96.67,0.5575,0.4425,1,moderado,3
4103404,Cafeara,PR,Sul,80.11,80.0,-0.11,97.3,0.5575,0.4425,0,moderado,3
1717008,Pindorama do Tocantins,TO,Norte,47.41,52.73,5.32,96.15,0.5576,0.4424,0,moderado,0
3506607,Biritiba Mirim,SP,Sudeste,42.57,48.54,5.97,82.79,0.5577,0.4423,1,moderado,1
3519303,Ibaté,SP,Sudeste,52.81,57.31,4.5,93.14,0.5578,0.4422,1,moderado,0
2110906,São Francisco do Maranhão,MA,Nordeste,51.3,56.04,4.74,91.67,0.558,0.442,1,moderado,0
1702307,Arapoema,TO,Norte,37.31,43.86,6.55,88.17,0.5583,0.4417,1,moderado,0
2507309,Jacaraú,PB,Nordeste,34.78,41.56,6.78,79.08,0.5583,0.4417,1,moderado,1
3528205,Macedônia,SP,Sudeste,82.52,80.0,-2.52,97.14,0.5584,0.4416,0,moderado,3
4120309,Porto Vitória,PR,Sul,84.62,80.0,-4.62,94.34,0.5584,0.4416,0,moderado,3
4207577,Iomerê,SC,Sul,74.46,75.31,0.85,90.91,0.5584,0.4416,1,moderado,3
2606200,Goiana,PE,Nordeste,53.14,57.59,4.45,89.28,0.5585,0.4415,0,moderado,0
5208707,Goiânia,GO,Centro-Oeste,66.56,68.74,2.18,81.56,0.5588,0.4412,1,moderado,1
2701605,Canapi,AL,Nordeste,45.5,51.08,5.58,95.41,0.5588,0.4412,1,moderado,0
3542107,Rafard,SP,Sudeste,84.05,80.0,-4.05,98.43,0.559,0.441,0,moderado,2
3304128,Quatis,RJ,Sudeste,48.93,54.03,5.1,91.24,0.5591,0.4409,1,moderado,0
4211603,Nova Veneza,SC,Sul,69.57,71.23,1.66,89.21,0.5592,0.4408,1,moderado,3
2102705,Cantanhede,MA,Nordeste,53.04,57.5,4.46,92.31,0.5592,0.4408,1,moderado,0
2504108,Carrapateira,PB,Nordeste,68.95,70.72,1.77,96.3,0.5593,0.4407,1,moderado,3
1707553,Fátima,TO,Norte,52.54,57.08,4.54,95.74,0.56,0.44,1,moderado,0
4200408,Água Doce,SC,Sul,64.75,67.24,2.49,83.93,0.5606,0.4394,1,moderado,1
3519253,Iaras,SP,Sudeste,42.55,48.52,5.97,79.22,0.5609,0.4391,0,moderado,1
3302270,Japeri,RJ,Sudeste,39.09,45.46,6.37,81.19,0.5609,0.4391,0,moderado,1
2100055,Açailândia,MA,Nordeste,39.59,45.9,6.31,90.54,0.5611,0.4389,1,moderado,0
1507508,São João do Araguaia,PA,Norte,33.62,40.49,6.87,84.85,0.5613,0.4387,0,moderado,0
5106703,Ponte Branca,MT,Centro-Oeste,76.77,77.25,0.48,81.82,0.5617,0.4383,1,moderado,3
4204459,Coronel Martins,SC,Sul,73.68,74.66,0.98,86.36,0.5619,0.4381,1,moderado,3
2609105,Machados,PE,Nordeste,86.88,80.0,-6.88,96.27,0.5619,0.4381,1,moderado,2
2706422,Pariconha,AL,Nordeste,41.46,47.56,6.1,93.94,0.5621,0.4379,1,moderado,0
2106755,Miranda do Norte,MA,Nordeste,55.15,59.27,4.12,94.63,0.5624,0.4376,0,moderado,3
3541307,Presidente Epitácio,SP,Sudeste,48.39,53.56,5.17,93.23,0.5624,0.4376,1,moderado,0
3539103,Pirapora do Bom Jesus,SP,Sudeste,43.48,49.33,5.85,84.15,0.5625,0.4375,0,moderado,1
2407302,Marcelino Vieira,RN,Nordeste,26.9,34.1,7.2,91.18,0.5627,0.4373,0,moderado,0
2609006,Macaparana,PE,Nordeste,72.61,73.76,1.15,96.33,0.5628,0.4372,1,moderado,3
2606002,Garanhuns,PE,Nordeste,52.28,56.86,4.58,89.82,0.5628,0.4372,1,moderado,0
4218301,Três Barras,SC,Sul,49.8,54.77,4.97,75.47,0.5629,0.4371,0,moderado,1
3545704,Santa Albertina,SP,Sudeste,65.6,67.95,2.35,96.97,0.5629,0.4371,0,moderado,3
3510302,Capela do Alto,SP,Sudeste,47.52,52.82,5.3,88.99,0.5631,0.4369,0,moderado,0
4110300,Inajá,PR,Sul,73.73,74.7,0.97,84.38,0.5633,0.4367,0,moderado,3
2110039,Santa Luzia do Paruá,MA,Nordeste,93.66,80.0,-13.66,92.57,0.5634,0.4366,1,moderado,2
2103158,Centro do Guilherme,MA,Nordeste,92.92,80.0,-12.92,90.81,0.5634,0.4366,1,moderado,2
3543006,Ribeirão Branco,SP,Sudeste,53.11,57.56,4.45,95.56,0.5639,0.4361,1,moderado,0
2110302,Santo Antônio dos Lopes,MA,Nordeste,52.71,57.23,4.52,93.75,0.564,0.436,1,moderado,0
2807600,Umbaúba,SE,Nordeste,25.4,32.62,7.22,90.87,0.5642,0.4358,1,moderado,0
3501301,Álvares Machado,SP,Sudeste,53.91,58.23,4.32,90.3,0.5644,0.4356,1,moderado,0
2901908,Aporá,BA,Nordeste,17.78,24.7,6.92,94.64,0.5646,0.4354,0,moderado,0
4120358,Pranchita,PR,Sul,84.27,80.0,-4.27,95.06,0.5646,0.4354,0,moderado,3
3161205,São Francisco de Paula,MG,Sudeste,78.67,78.86,0.19,90.77,0.565,0.435,1,moderado,3
3202603,Iconha,ES,Sudeste,76.34,76.89,0.55,82.07,0.565,0.435,0,moderado,3
5008404,Vicentina,MS,Centro-Oeste,65.38,67.77,2.39,91.57,0.5652,0.4348,0,moderado,3
4115101,Mariluz,PR,Sul,62.44,65.33,2.89,87.57,0.5652,0.4348,0,moderado,3
2208106,Pimenteiras,PI,Nordeste,60.51,63.73,3.22,98.55,0.5652,0.4348,0,moderado,3
4208104,Itaiópolis,SC,Sul,65.52,67.88,2.36,87.17,0.5652,0.4348,0,moderado,3
2600302,Agrestina,PE,Nordeste,71.71,73.01,1.3,93.55,0.5653,0.4347,0,moderado,3
3514957,Embaúba,SP,Sudeste,88.89,80.0,-8.89,90.0,0.5659,0.4341,0,moderado,2
4126009,São Sebastião da Amoreira,PR,Sul,82.79,80.0,-2.79,97.47,0.5661,0.4339,1,moderado,3
2801504,Carmópolis,SE,Nordeste,24.85,32.07,7.22,89.67,0.5661,0.4339,0,moderado,0
2510501,Olivedos,PB,Nordeste,54.26,58.53,4.27,96.08,0.5663,0.4337,0,moderado,0
5004601,Itaquiraí,MS,Centro-Oeste,73.35,74.38,1.03,95.54,0.5665,0.4335,1,moderado,3
4218806,Turvo,SC,Sul,59.25,62.69,3.44,83.7,0.5671,0.4329,1,moderado,1
2413300,Serra de São Bento,RN,Nordeste,26.92,34.12,7.2,77.61,0.5674,0.4326,1,moderado,1
2615003,Taquaritinga do Norte,PE,Nordeste,59.65,63.02,3.37,92.95,0.5676,0.4324,0,moderado,3
3552601,Tabapuã,SP,Sudeste,90.29,80.0,-10.29,97.64,0.5678,0.4322,1,moderado,2
2505105,Cuité,PB,Nordeste,50.66,55.49,4.83,91.13,0.5681,0.4319,1,moderado,0
2208874,Ribeira do Piauí,PI,Nordeste,57.75,61.44,3.69,95.35,0.5682,0.4318,0,moderado,3
3515194,Espírito Santo do Turvo,SP,Sudeste,58.56,62.12,3.56,88.46,0.5684,0.4316,0,moderado,3
3118205,Conquista,MG,Sudeste,68.73,70.54,1.81,74.03,0.5685,0.4315,0,moderado,1
3530508,Mococa,SP,Sudeste,46.41,51.87,5.46,91.48,0.5685,0.4315,1,moderado,0
2104800,Grajaú,MA,Nordeste,42.36,48.35,5.99,90.41,0.5685,0.4315,0,moderado,0
1720002,Santa Terezinha do Tocantins,TO,Norte,56.06,60.03,3.97,100.0,0.5688,0.4312,0,moderado,3
4217600,Siderópolis,SC,Sul,61.68,64.7,3.02,86.18,0.5691,0.4309,0,moderado,1
2201150,Baixa Grande do Ribeiro,PI,Nordeste,48.61,53.75,5.14,96.75,0.5692,0.4308,1,moderado,0
3555208,Turiúba,SP,Sudeste,100.0,80.0,-20.0,85.71,0.5693,0.4307,1,moderado,2
4112504,Jardim Alegre,PR,Sul,61.2,64.31,3.11,87.2,0.5694,0.4306,1,moderado,3
3509452,Campina do Monte Alegre,SP,Sudeste,45.77,51.32,5.55,85.37,0.5695,0.4305,0,moderado,1
2406700,Lajes,RN,Nordeste,29.12,36.25,7.13,82.79,0.5695,0.4305,0,moderado,1
2100105,Afonso Cunha,MA,Nordeste,72.13,73.36,1.23,94.52,0.5695,0.4305,1,moderado,3
5102850,Castanheira,MT,Centro-Oeste,63.1,65.88,2.78,81.93,0.5696,0.4304,0,moderado,1
4126108,São Tomé,PR,Sul,88.97,80.0,-8.97,95.18,0.5696,0.4304,0,moderado,2
4219176,Vargem Bonita,SC,Sul,64.24,66.82,2.58,85.94,0.5697,0.4303,1,moderado,1
4215059,Rio Rufino,SC,Sul,65.74,68.06,2.32,79.49,0.5698,0.4302,1,moderado,1
5100201,Água Boa,MT,Centro-Oeste,59.1,62.56,3.46,86.77,0.5698,0.4302,1,moderado,3
3540309,Pontes Gestal,SP,Sudeste,71.43,72.78,1.35,100.0,0.57,0.43,1,moderado,3
4113106,Kaloré,PR,Sul,83.41,80.0,-3.41,100.0,0.5701,0.4299,0,moderado,3
3300951,Comendador Levy Gasparian,RJ,Sudeste,51.64,56.32,4.68,89.17,0.5702,0.4298,1,moderado,0
4125357,São Jorge do Patrocínio,PR,Sul,74.33,75.2,0.87,94.67,0.5703,0.4297,1,moderado,3
2510204,Nova Olinda,PB,Nordeste,45.95,51.47,5.52,89.58,0.5704,0.4296,0,moderado,0
3531605,Monte Castelo,SP,Sudeste,66.46,68.66,2.2,97.5,0.5706,0.4294,1,moderado,3
4106555,Corumbataí do Sul,PR,Sul,87.28,80.0,-7.28,91.11,0.5707,0.4293,1,moderado,2
4213807,Praia Grande,SC,Sul,65.61,67.96,2.35,81.25,0.5709,0.4291,1,moderado,1
2401859,Caiçara do Norte,RN,Nordeste,31.2,38.23,7.03,90.0,0.5709,0.4291,0,moderado,0
3548609,São Bento do Sapucaí,SP,Sudeste,61.94,64.92,2.98,98.1,0.571,0.429,0,moderado,3
2409605,Pedra Preta,RN,Nordeste,42.11,48.13,6.02,90.48,0.571,0.429,0,moderado,0
3504008,Assis,SP,Sudeste,43.37,49.23,5.86,91.32,0.5711,0.4289,1,moderado,0
3513108,Cravinhos,SP,Sudeste,41.9,47.95,6.05,84.08,0.5712,0.4288,1,moderado,1
2806800,São Domingos,SE,Nordeste,29.59,36.7,7.11,95.15,0.5712,0.4288,0,moderado,0
1701051,Angico,TO,Norte,40.16,46.41,6.25,86.05,0.5713,0.4287,1,moderado,0
1720804,Sítio Novo do Tocantins,TO,Norte,39.53,45.85,6.32,92.81,0.572,0.428,1,moderado,0
5107156,Reserva do Cabaçal,MT,Centro-Oeste,76.26,76.82,0.56,81.25,0.5721,0.4279,1,moderado,3
4316436,Saldanha Marinho,RS,Sul,42.86,48.79,5.93,82.35,0.5723,0.4277,1,moderado,1
2104602,Governador Eugênio Barros,MA,Nordeste,52.89,57.38,4.49,90.85,0.5724,0.4276,0,moderado,3
2210656,Sigefredo Pacheco,PI,Nordeste,45.16,50.79,5.63,93.85,0.5725,0.4275,1,moderado,0
2501534,Baraúna,PB,Nordeste,59.36,62.78,3.42,86.79,0.5727,0.4273,1,moderado,3
1504604,Mocajuba,PA,Norte,31.97,38.95,6.98,81.97,0.5729,0.4271,0,moderado,1
2209450,Santo Antônio dos Milagres,PI,Nordeste,96.15,80.0,-16.15,96.3,0.5729,0.4271,0,moderado,2
2931103,Tanquinho,BA,Nordeste,18.93,25.95,7.02,92.0,0.5731,0.4269,1,moderado,0
2411007,Rodolfo Fernandes,RN,Nordeste,31.19,38.22,7.03,86.54,0.5731,0.4269,1,moderado,0
3535002,Palestina,SP,Sudeste,57.98,61.63,3.65,97.48,0.5732,0.4268,1,moderado,3
1702158,Araguanã,TO,Norte,37.72,44.23,6.51,89.47,0.5732,0.4268,0,moderado,0
4119301,Pinhão,PR,Sul,61.89,64.88,2.99,89.72,0.5734,0.4266,0,moderado,3
3542800,Ribeira,SP,Sudeste,62.9,65.71,2.81,94.59,0.5735,0.4265,0,moderado,3
2101772,Bela Vista do Maranhão,MA,Nordeste,51.82,56.48,4.66,94.05,0.5735,0.4265,1,moderado,0
2402501,Carnaubais,RN,Nordeste,27.39,34.58,7.19,78.57,0.5737,0.4263,1,moderado,1
4120507,Primeiro de Maio,PR,Sul,51.44,56.15,4.71,79.8,0.5738,0.4262,1,moderado,1
2514701,São José do Sabugi,PB,Nordeste,51.51,56.21,4.7,89.74,0.5738,0.4262,0,moderado,0
2502409,Bonito de Santa Fé,PB,Nordeste,40.87,47.04,6.17,83.7,0.5744,0.4256,1,moderado,1
4127882,Tunas do Paraná,PR,Sul,63.46,66.18,2.72,91.74,0.5749,0.4251,1,moderado,3
4124103,Santo Antônio da Platina,PR,Sul,60.4,63.64,3.24,90.18,0.5755,0.4245,0,moderado,3
4201000,Anita Garibaldi,SC,Sul,66.05,68.32,2.27,84.15,0.5755,0.4245,1,moderado,1
3106200,Belo Horizonte,MG,Sudeste,57.61,61.33,3.72,85.1,0.5755,0.4245,1,moderado,1
3512209,Conchal,SP,Sudeste,53.98,58.29,4.31,94.74,0.5758,0.4242,0,moderado,0
3522158,Itaoca,SP,Sudeste,60.87,64.03,3.16,88.46,0.5758,0.4242,0,moderado,3
2207504,Palmeirais,PI,Nordeste,50.9,55.7,4.8,94.08,0.5759,0.4241,0,moderado,0
4202081,Bandeirante,SC,Sul,70.12,71.69,1.57,78.0,0.5761,0.4239,0,moderado,1
2802601,Graccho Cardoso,SE,Nordeste,20.0,27.09,7.09,87.72,0.5761,0.4239,0,moderado,0
2509107,Mari,PB,Nordeste,37.99,44.47,6.48,84.44,0.5763,0.4237,1,moderado,1
4100608,Alto Paraná,PR,Sul,65.0,67.45,2.45,89.45,0.5764,0.4236,1,moderado,3
5101803,Barra do Garças,MT,Centro-Oeste,61.17,64.28,3.11,90.71,0.577,0.423,1,moderado,3
3533700,Ocauçu,SP,Sudeste,83.74,80.0,-3.74,93.94,0.577,0.423,1,moderado,2
3503703,Ariranha,SP,Sudeste,63.77,66.43,2.66,97.1,0.5771,0.4229,1,moderado,3
2107209,Nina Rodrigues,MA,Nordeste,53.08,57.54,4.46,95.45,0.5774,0.4226,0,moderado,0
3513405,Cruzeiro,SP,Sudeste,39.34,45.68,6.34,90.85,0.5776,0.4224,1,moderado,0
3511201,Catiguá,SP,Sudeste,54.28,58.54,4.26,91.86,0.5777,0.4223,1,moderado,0
2200905,Aroazes,PI,Nordeste,57.69,61.39,3.7,98.31,0.5777,0.4223,0,moderado,3
3532108,Murutinga do Sul,SP,Sudeste,57.61,61.33,3.72,92.86,0.5778,0.4222,1,moderado,3
4206751,Ibiam,SC,Sul,65.6,67.95,2.35,84.85,0.5782,0.4218,1,moderado,1
5006200,Nova Andradina,MS,Centro-Oeste,58.38,61.97,3.59,93.78,0.5785,0.4215,1,moderado,3
5103809,Figueirópolis D'Oeste,MT,Centro-Oeste,86.02,80.0,-6.02,86.36,0.5785,0.4215,0,moderado,2
4203501,Campo Erê,SC,Sul,60.89,64.05,3.16,78.98,0.5786,0.4214,0,moderado,1
2601102,Araripina,PE,Nordeste,56.89,60.73,3.84,92.79,0.579,0.421,0,moderado,3
1703057,Bandeirantes do Tocantins,TO,Norte,35.63,42.34,6.71,80.43,0.579,0.421,0,moderado,1
4126405,Sertaneja,PR,Sul,92.04,80.0,-12.04,87.76,0.5795,0.4205,1,moderado,2
2614402,Solidão,PE,Nordeste,74.63,75.45,0.82,96.67,0.5797,0.4203,1,moderado,3
2608701,Lagoa dos Gatos,PE,Nordeste,70.94,72.37,1.43,94.74,0.5798,0.4202,1,moderado,3
1507805,Senador José Porfírio,PA,Norte,33.22,40.12,6.9,82.19,0.5803,0.4197,0,moderado,1
3532207,Narandiba,SP,Sudeste,53.17,57.61,4.44,88.12,0.5807,0.4193,1,moderado,0
4215406,Salto Veloso,SC,Sul,85.44,80.0,-5.44,92.0,0.5808,0.4192,0,moderado,3
2412401,São José do Seridó,RN,Nordeste,36.3,42.95,6.65,96.0,0.5809,0.4191,1,moderado,0
2408508,Ouro Branco,RN,Nordeste,40.66,46.85,6.19,89.36,0.5811,0.4189,1,moderado,0
2102804,Carolina,MA,Nordeste,44.54,50.25,5.71,87.22,0.5811,0.4189,1,moderado,0
2204154,Francisco Macedo,PI,Nordeste,59.38,62.8,3.42,100.0,0.5813,0.4187,1,moderado,3
4112702,Jataizinho,PR,Sul,62.4,65.3,2.9,87.43,0.5814,0.4186,0,moderado,3
4214201,Quilombo,SC,Sul,67.13,69.21,2.08,87.69,0.5814,0.4186,1,moderado,3
3121209,Delfinópolis,MG,Sudeste,79.23,79.34,0.11,86.17,0.5816,0.4184,0,moderado,3
3113107,Caranaíba,MG,Sudeste,70.0,71.59,1.59,76.92,0.5818,0.4182,1,moderado,1
3522307,Itapetininga,SP,Sudeste,42.15,48.17,6.02,92.36,0.5818,0.4182,1,moderado,0
2606101,Glória do Goitá,PE,Nordeste,70.58,72.07,1.49,98.37,0.5818,0.4182,0,moderado,3
4205605,Galvão,SC,Sul,80.83,80.0,-0.83,90.24,0.5818,0.4182,0,moderado,3
4207650,Iporã do Oeste,SC,Sul,86.65,80.0,-6.65,93.75,0.5819,0.4181,1,moderado,2
4206108,Grão-Pará,SC,Sul,65.15,67.57,2.42,85.0,0.582,0.418,1,moderado,3
5107180,Ribeirão Cascalheira,MT,Centro-Oeste,63.42,66.14,2.72,85.9,0.5824,0.4176,1,moderado,3
2702355,Craíbas,AL,Nordeste,45.7,51.26,5.56,94.95,0.5824,0.4176,1,moderado,0
4108650,Goioxim,PR,Sul,92.63,80.0,-12.63,90.0,0.5826,0.4174,1,moderado,2
2915353,Itaguaçu da Bahia,BA,Nordeste,20.89,28.02,7.13,92.37,0.5827,0.4173,1,moderado,0
2500106,Água Branca,PB,Nordeste,47.63,52.91,5.28,97.25,0.5829,0.4171,0,moderado,0
3553609,Tapiratiba,SP,Sudeste,53.51,57.9,4.39,93.4,0.5829,0.4171,1,moderado,0
3536257,Parisi,SP,Sudeste,76.74,77.23,0.49,97.92,0.583,0.417,1,moderado,3
3532157,Nantes,SP,Sudeste,59.26,62.7,3.44,92.59,0.583,0.417,0,moderado,3
4311759,Manoel Viana,RS,Sul,28.57,35.72,7.15,95.45,0.583,0.417,1,moderado,0
4108809,Guaíra,PR,Sul,63.23,65.99,2.76,89.38,0.5832,0.4168,1,moderado,3
2407252,Major Sales,RN,Nordeste,31.42,38.44,7.02,90.16,0.5833,0.4167,1,moderado,0
3151701,Poço Fundo,MG,Sudeste,81.87,80.0,-1.87,91.27,0.5839,0.4161,0,moderado,3
5102637,Campo Novo do Parecis,MT,Centro-Oeste,62.23,65.16,2.93,88.12,0.584,0.416,1,moderado,3
2800605,Barra dos Coqueiros,SE,Nordeste,22.14,29.32,7.18,85.89,0.5841,0.4159,0,moderado,0
5105101,Juara,MT,Centro-Oeste,53.34,57.76,4.42,84.14,0.5844,0.4156,1,moderado,1
3537701,Piacatu,SP,Sudeste,83.2,80.0,-3.2,98.15,0.5848,0.4152,0,moderado,2
3555109,Tupi Paulista,SP,Sudeste,93.45,80.0,-13.45,87.5,0.585,0.415,1,moderado,2
2501203,Areial,PB,Nordeste,92.86,80.0,-12.86,98.32,0.5852,0.4148,0,moderado,2
4105607,Cidade Gaúcha,PR,Sul,64.72,67.22,2.5,92.26,0.5853,0.4147,0,moderado,3
2602506,Brejinho,PE,Nordeste,71.45,72.8,1.35,93.91,0.5853,0.4147,1,moderado,3
4209458,Lajeado Grande,SC,Sul,78.57,78.78,0.21,100.0,0.5854,0.4146,0,moderado,3
1702208,Araguatins,TO,Norte,35.15,41.9,6.75,87.46,0.5857,0.4143,1,moderado,0
1100601,Cacaulândia,RO,Norte,54.63,58.84,4.21,89.29,0.5858,0.4142,1,moderado,0
4218350,Treviso,SC,Sul,68.59,70.42,1.83,88.68,0.5859,0.4141,0,moderado,3
2105609,Joselândia,MA,Nordeste,54.55,58.77,4.22,97.88,0.5862,0.4138,1,moderado,3
3536307,Patrocínio Paulista,SP,Sudeste,44.66,50.36,5.7,87.37,0.5862,0.4138,1,moderado,0
1500958,Aurora do Pará,PA,Norte,33.96,40.81,6.85,84.65,0.5865,0.4135,1,moderado,0
2103604,Coroatá,MA,Nordeste,41.49,47.59,6.1,91.5,0.5867,0.4133,1,moderado,0
2111904,Sucupira do Norte,MA,Nordeste,49.97,54.91,4.94,97.73,0.5867,0.4133,1,moderado,0
5104542,Itanhangá,MT,Centro-Oeste,89.0,80.0,-9.0,87.5,0.5867,0.4133,0,moderado,2
3548054,Santo Antônio do Aracanguá,SP,Sudeste,50.15,55.06,4.91,90.91,0.587,0.413,1,moderado,0
4112959,Juranda,PR,Sul,59.77,63.12,3.35,85.71,0.587,0.413,1,moderado,1
4206603,Guarujá do Sul,SC,Sul,88.63,80.0,-8.63,92.31,0.5873,0.4127,0,moderado,2
5105507,Vila Bela da Santíssima Trindade,MT,Centro-Oeste,46.76,52.17,5.41,78.33,0.5878,0.4122,1,moderado,1
4214706,Rio dos Cedros,SC,Sul,60.74,63.92,3.18,84.29,0.5881,0.4119,1,moderado,1
4219606,Xavantina,SC,Sul,71.58,72.9,1.32,80.95,0.5885,0.4115,1,moderado,1
4204103,Caxambu do Sul,SC,Sul,69.54,71.21,1.67,89.04,0.5885,0.4115,0,moderado,3
1600550,Pracuúba,AP,Norte,36.41,43.05,6.64,93.81,0.5886,0.4114,0,moderado,0
4101002,Ampére,PR,Sul,65.51,67.87,2.36,95.45,0.589,0.411,1,moderado,3
3500303,Aguaí,SP,Sudeste,47.01,52.38,5.37,90.68,0.5891,0.4109,1,moderado,0
2708808,São Sebastião,AL,Nordeste,36.66,43.27,6.61,91.12,0.5893,0.4107,0,moderado,0
2801702,Cristinápolis,SE,Nordeste,24.74,31.96,7.22,95.1,0.5898,0.4102,1,moderado,0
4218103,Timbé do Sul,SC,Sul,71.29,72.66,1.37,90.28,0.5903,0.4097,1,moderado,3
3304102,Porciúncula,RJ,Sudeste,35.38,42.11,6.73,75.0,0.5903,0.4097,1,moderado,1
2911006,Floresta Azul,BA,Nordeste,15.12,21.74,6.62,87.84,0.5906,0.4094,1,moderado,0
5103379,Cotriguaçu,MT,Centro-Oeste,58.35,61.94,3.59,86.53,0.5907,0.4093,1,moderado,1
4205456,Forquilhinha,SC,Sul,58.71,62.24,3.53,82.67,0.5915,0.4085,1,moderado,1
2601706,Belo Jardim,PE,Nordeste,49.69,54.67,4.98,88.07,0.5915,0.4085,0,moderado,0
2517100,Várzea,PB,Nordeste,52.0,56.63,4.63,96.15,0.5917,0.4083,1,moderado,0
3542008,Quintana,SP,Sudeste,51.71,56.38,4.67,88.31,0.5917,0.4083,1,moderado,0
3501103,Alto Alegre,SP,Sudeste,59.64,63.01,3.37,95.0,0.5919,0.4081,1,moderado,3
3556958,Vitória Brasil,SP,Sudeste,66.67,68.83,2.16,100.0,0.5919,0.4081,1,moderado,3
4102208,Atalaia,PR,Sul,91.91,80.0,-11.91,86.0,0.5921,0.4079,1,moderado,2
2615508,Tracunhaém,PE,Nordeste,59.32,62.75,3.43,96.38,0.5923,0.4077,1,moderado,3
2106904,Monção,MA,Nordeste,51.98,56.61,4.63,91.05,0.5924,0.4076,0,moderado,0
4108106,Flórida,PR,Sul,62.81,65.64,2.83,87.88,0.5924,0.4076,1,moderado,3
3509957,Canas,SP,Sudeste,53.57,57.95,4.38,88.46,0.5924,0.4076,0,moderado,0
3545308,Salto de Pirapora,SP,Sudeste,44.13,49.9,5.77,90.67,0.5925,0.4075,0,moderado,0
5200100,Abadiânia,GO,Centro-Oeste,78.96,79.11,0.15,80.67,0.5925,0.4075,1,moderado,3
3521002,Iperó,SP,Sudeste,40.9,47.07,6.17,85.8,0.5925,0.4075,0,moderado,0
2800209,Aquidabã,SE,Nordeste,21.43,28.59,7.16,85.71,0.5926,0.4074,0,moderado,0
3520103,Igarapava,SP,Sudeste,47.11,52.47,5.36,91.67,0.593,0.407,1,moderado,0
2800670,Boquim,SE,Nordeste,22.76,29.96,7.2,88.96,0.5931,0.4069,1,moderado,0
3552551,Suzanápolis,SP,Sudeste,97.05,80.0,-17.05,86.05,0.5933,0.4067,1,moderado,2
2207959,Nova Santa Rita,PI,Nordeste,48.03,53.26,5.23,100.0,0.5935,0.4065,0,moderado,0
4103008,Boa Esperança,PR,Sul,93.75,80.0,-13.75,92.31,0.5935,0.4065,1,moderado,2
3203346,Marechal Floriano,ES,Sudeste,78.21,78.47,0.26,89.77,0.5935,0.4065,1,moderado,3
2506202,Frei Martinho,PB,Nordeste,38.7,45.11,6.41,88.46,0.5938,0.4062,1,moderado,0
4111803,Jacarezinho,PR,Sul,55.12,59.25,4.13,86.27,0.5944,0.4056,0,moderado,1
2411205,Santa Cruz,RN,Nordeste,21.35,28.5,7.15,78.41,0.5945,0.4055,1,moderado,1
3201506,Colatina,ES,Sudeste,73.76,74.72,0.96,86.49,0.5947,0.4053,1,moderado,3
2409100,Passa e Fica,RN,Nordeste,24.57,31.79,7.22,73.68,0.595,0.405,1,moderado,1
2209906,São João da Serra,PI,Nordeste,49.25,54.3,5.05,97.1,0.595,0.405,1,moderado,0
2612109,Salgadinho,PE,Nordeste,93.42,80.0,-13.42,94.34,0.5951,0.4049,1,moderado,2
2102200,Buriti,MA,Nordeste,44.96,50.62,5.66,90.23,0.5953,0.4047,0,moderado,0
3537156,Pedrinhas Paulista,SP,Sudeste,69.7,71.34,1.64,100.0,0.5953,0.4047,0,moderado,3
3502309,Anhembi,SP,Sudeste,38.57,44.99,6.42,82.19,0.5954,0.4046,1,moderado,1
2804003,Maruim,SE,Nordeste,21.39,28.54,7.15,86.5,0.5955,0.4045,1,moderado,0
4220000,Balneário Rincão,SC,Sul,50.34,55.22,4.88,73.04,0.5955,0.4045,0,moderado,1
3532405,Nazaré Paulista,SP,Sudeste,46.83,52.23,5.4,94.55,0.5956,0.4044,1,moderado,0
2615201,Terra Nova,PE,Nordeste,62.03,64.99,2.96,94.87,0.5958,0.4042,1,moderado,3
2608503,Lagoa de Itaenga,PE,Nordeste,70.34,71.87,1.53,96.95,0.5961,0.4039,1,moderado,3
2406106,Jucurutu,RN,Nordeste,27.56,34.74,7.18,82.73,0.5961,0.4039,1,moderado,1
5103908,General Carneiro,MT,Centro-Oeste,89.12,80.0,-9.12,82.05,0.5961,0.4039,0,moderado,2
5105176,Juruena,MT,Centro-Oeste,59.71,63.07,3.36,89.93,0.5962,0.4038,1,moderado,3
2607950,Jaqueira,PE,Nordeste,57.65,61.36,3.71,89.77,0.5964,0.4036,1,moderado,3
5001003,Aparecida do Taboado,MS,Centro-Oeste,51.45,56.16,4.71,86.14,0.5965,0.4035,1,moderado,1
4105201,Cerro Azul,PR,Sul,54.77,58.95,4.18,86.01,0.5966,0.4034,0,moderado,1
4108205,Formosa do Oeste,PR,Sul,88.15,80.0,-8.15,95.83,0.5969,0.4031,1,moderado,2
4122107,Rio Bom,PR,Sul,94.5,80.0,-14.5,90.0,0.5971,0.4029,0,moderado,2
2111631,São Raimundo do Doca Bezerra,MA,Nordeste,56.29,60.22,3.93,97.87,0.5971,0.4029,0,moderado,3
3104205,Arcos,MG,Sudeste,78.83,79.0,0.17,91.65,0.5973,0.4027,1,moderado,3
1701903,Araguacema,TO,Norte,38.62,45.04,6.42,91.09,0.5974,0.4026,1,moderado,0
3152600,Pouso Alto,MG,Sudeste,78.44,78.67,0.23,88.14,0.5975,0.4025,1,moderado,3
2514909,São Mamede,PB,Nordeste,37.65,44.17,6.52,83.17,0.5979,0.4021,1,moderado,1
3519501,Ibirarema,SP,Sudeste,89.02,80.0,-9.02,92.65,0.5983,0.4017,0,moderado,2
2929701,Sátiro Dias,BA,Nordeste,15.36,22.02,6.66,84.26,0.5983,0.4017,1,moderado,0
2210003,São João do Piauí,PI,Nordeste,44.35,50.09,5.74,94.46,0.5985,0.4015,1,moderado,0
2202251,Canavieira,PI,Nordeste,50.7,55.53,4.83,97.67,0.5986,0.4014,1,moderado,0
3133808,Itaúna,MG,Sudeste,69.8,71.43,1.63,92.04,0.5986,0.4014,1,moderado,3
4101853,Ariranha do Ivaí,PR,Sul,75.6,76.27,0.67,92.31,0.5988,0.4012,0,moderado,3
4214151,Princesa,SC,Sul,89.34,80.0,-9.34,89.8,0.5989,0.4011,0,moderado,2
2609402,Moreno,PE,Nordeste,53.38,57.79,4.41,93.84,0.5989,0.4011,0,moderado,0
2607703,Itapetim,PE,Nordeste,65.28,67.68,2.4,91.45,0.599,0.401,1,moderado,3
5003702,Dourados,MS,Centro-Oeste,40.43,46.65,6.22,82.9,0.599,0.401,1,moderado,1
3500600,Águas de São Pedro,SP,Sudeste,81.85,80.0,-1.85,96.15,0.5991,0.4009,1,moderado,3
3529609,Meridiano,SP,Sudeste,67.27,69.33,2.06,95.45,0.5992,0.4008,0,moderado,3
2509396,Maturéia,PB,Nordeste,50.64,55.48,4.84,89.58,0.5998,0.4002,1,moderado,0
1600204,Calçoene,AP,Norte,35.05,41.81,6.76,92.63,0.6003,0.3997,0,moderado,0
5107792,Santo Antônio do Leste,MT,Centro-Oeste,60.97,64.12,3.15,83.33,0.6005,0.3995,1,moderado,1
2517407,Zabelê,PB,Nordeste,91.18,80.0,-11.18,100.0,0.6007,0.3993,0,moderado,2
2200954,Aroeiras do Itaim,PI,Nordeste,53.33,57.75,4.42,97.14,0.601,0.399,1,moderado,0
4101101,Andirá,PR,Sul,65.02,67.47,2.45,95.74,0.6011,0.3989,0,moderado,3
4205001,Dionísio Cerqueira,SC,Sul,59.65,63.02,3.37,84.28,0.6015,0.3985,1,moderado,1
4107538,Entre Rios do Oeste,PR,Sul,88.83,80.0,-8.83,97.62,0.6016,0.3984,1,moderado,2
3300506,Bom Jardim,RJ,Sudeste,50.43,55.3,4.87,88.57,0.6017,0.3983,1,moderado,0
3144359,Naque,MG,Sudeste,79.54,79.61,0.07,86.17,0.6017,0.3983,0,moderado,3
2200251,Alagoinha do Piauí,PI,Nordeste,44.44,50.17,5.73,92.31,0.6019,0.3981,1,moderado,0
2207207,Padre Marcos,PI,Nordeste,86.44,80.0,-6.44,100.0,0.602,0.398,1,moderado,2
5202502,Aruanã,GO,Centro-Oeste,79.82,79.85,0.03,82.79,0.6023,0.3977,1,moderado,3
3168408,Tarumirim,MG,Sudeste,70.0,71.59,1.59,90.0,0.6023,0.3977,1,moderado,3
4202099,Barra Bonita,SC,Sul,50.0,54.93,4.93,71.43,0.6024,0.3976,1,moderado,1
2706604,Paulo Jacinto,AL,Nordeste,37.1,43.67,6.57,96.51,0.6027,0.3973,0,moderado,0
3504909,Bananal,SP,Sudeste,47.78,53.04,5.26,93.18,0.6029,0.3971,1,moderado,0
2615607,Trindade,PE,Nordeste,59.68,63.05,3.37,94.64,0.603,0.397,1,moderado,3
1100072,Corumbiara,RO,Norte,58.2,61.82,3.62,92.25,0.6033,0.3967,1,moderado,3
2414407,Touros,RN,Nordeste,24.69,31.91,7.22,83.75,0.6034,0.3966,1,moderado,0
2202752,Colônia do Gurguéia,PI,Nordeste,54.43,58.67,4.24,98.51,0.6035,0.3965,1,moderado,3
2611903,Rio Formoso,PE,Nordeste,93.31,80.0,-13.31,94.72,0.6037,0.3963,1,moderado,2
3554805,Tremembé,SP,Sudeste,42.84,48.77,5.93,89.14,0.6038,0.3962,1,moderado,0
4213203,Pomerode,SC,Sul,63.17,65.94,2.77,88.86,0.6042,0.3958,1,moderado,3
3549300,São João do Pau d'Alho,SP,Sudeste,81.03,80.0,-1.03,95.65,0.6043,0.3957,1,moderado,3
1707306,Dueré,TO,Norte,34.95,41.72,6.77,85.0,0.6044,0.3956,1,moderado,0
4204509,Corupá,SC,Sul,61.16,64.27,3.11,86.61,0.6047,0.3953,1,moderado,3
4126652,Sulina,PR,Sul,64.36,66.92,2.56,88.57,0.6049,0.3951,1,moderado,3
2503308,Cachoeira dos Índios,PB,Nordeste,42.05,48.08,6.03,92.13,0.6049,0.3951,1,moderado,0
3511409,Cerqueira César,SP,Sudeste,44.01,49.79,5.78,85.21,0.605,0.395,0,moderado,1
2614105,Sertânia,PE,Nordeste,59.14,62.6,3.46,93.22,0.6052,0.3948,0,moderado,3
2202000,Buriti dos Lopes,PI,Nordeste,41.5,47.6,6.1,94.48,0.6055,0.3945,1,moderado,0
4200754,Alto Bela Vista,SC,Sul,87.39,80.0,-7.39,94.12,0.6055,0.3945,1,moderado,2
1101435,Nova União,RO,Norte,60.65,63.85,3.2,90.0,0.6058,0.3942,1,moderado,3
3549201,São João das Duas Pontes,SP,Sudeste,86.43,80.0,-6.43,96.67,0.6059,0.3941,1,moderado,2
2704807,Maribondo,AL,Nordeste,46.59,52.02,5.43,96.75,0.6061,0.3939,0,moderado,0
3514924,Elisiário,SP,Sudeste,72.37,73.56,1.19,91.67,0.6061,0.3939,1,moderado,3
1100452,Buritis,RO,Norte,49.82,54.78,4.96,88.01,0.6065,0.3935,1,moderado,0
3200607,Aracruz,ES,Sudeste,70.92,72.36,1.44,84.16,0.6066,0.3934,1,moderado,3
3200904,Barra de São Francisco,ES,Sudeste,78.43,78.66,0.23,92.17,0.6066,0.3934,1,moderado,3
2107605,Palmeirândia,MA,Nordeste,42.07,48.1,6.03,90.91,0.6067,0.3933,1,moderado,0
1504406,Marapanim,PA,Norte,28.74,35.89,7.15,81.51,0.6068,0.3932,1,moderado,1
3540101,Pongaí,SP,Sudeste,87.14,80.0,-7.14,97.56,0.6069,0.3931,1,moderado,2
3546009,Santa Branca,SP,Sudeste,40.78,46.96,6.18,85.94,0.6073,0.3927,1,moderado,0
2916302,Itapebi,BA,Nordeste,14.97,21.57,6.6,82.65,0.6074,0.3926,1,moderado,0
2602605,Brejo da Madre de Deus,PE,Nordeste,52.96,57.44,4.48,89.11,0.6076,0.3924,0,moderado,0
3502200,Angatuba,SP,Sudeste,48.25,53.44,5.19,94.91,0.6078,0.3922,1,moderado,0
2612000,Sairé,PE,Nordeste,67.71,69.69,1.98,96.15,0.6078,0.3922,1,moderado,3
5104807,Jaciara,MT,Centro-Oeste,57.01,60.83,3.82,87.41,0.6079,0.3921,0,moderado,3
3508603,Cachoeira Paulista,SP,Sudeste,50.09,55.01,4.92,91.67,0.608,0.392,0,moderado,0
5212303,Leopoldo de Bulhões,GO,Centro-Oeste,77.67,78.01,0.34,82.56,0.6081,0.3919,0,moderado,3
2612802,Santa Terezinha,PE,Nordeste,68.31,70.19,1.88,97.06,0.6081,0.3919,1,moderado,3
4125555,São Manoel do Paraná,PR,Sul,95.44,80.0,-15.44,92.0,0.6082,0.3918,0,moderado,2
2102325,Buriticupu,MA,Nordeste,39.23,45.58,6.35,92.56,0.6082,0.3918,0,moderado,0
4103602,Cambará,PR,Sul,62.53,65.41,2.88,92.67,0.6083,0.3917,0,moderado,3
2611200,Poção,PE,Nordeste,62.55,65.42,2.87,94.69,0.6086,0.3914,0,moderado,3
5104104,Guarantã do Norte,MT,Centro-Oeste,60.81,63.98,3.17,89.23,0.6088,0.3912,0,moderado,3
4102505,Barbosa Ferraz,PR,Sul,91.0,80.0,-11.0,95.29,0.609,0.391,0,moderado,2
2802304,Frei Paulo,SE,Nordeste,19.23,26.27,7.04,81.25,0.609,0.391,1,moderado,1
3534302,Orlândia,SP,Sudeste,44.94,50.6,5.66,92.02,0.6091,0.3909,1,moderado,0
5007901,Sidrolândia,MS,Centro-Oeste,36.19,42.85,6.66,80.16,0.6092,0.3908,0,moderado,1
3538303,Piquerobi,SP,Sudeste,56.25,60.19,3.94,97.14,0.6097,0.3903,0,moderado,3
2112407,Turiaçu,MA,Nordeste,40.48,46.7,6.22,87.95,0.6099,0.3901,1,moderado,0
4204806,Curitibanos,SC,Sul,48.56,53.71,5.15,79.47,0.6101,0.3899,0,moderado,1
3115508,Caxambu,MG,Sudeste,76.39,76.93,0.54,88.89,0.6103,0.3897,1,moderado,3
1303601,Santa Isabel do Rio Negro,AM,Norte,26.71,33.91,7.2,73.91,0.6105,0.3895,1,moderado,1
5201108,Anápolis,GO,Centro-Oeste,72.21,73.43,1.22,86.91,0.6106,0.3894,0,moderado,3
1101807,Vale do Paraíso,RO,Norte,55.69,59.72,4.03,83.15,0.6109,0.3891,0,moderado,1
4208500,Ituporanga,SC,Sul,64.17,66.76,2.59,84.73,0.611,0.389,1,moderado,3
2706505,Passo de Camaragibe,AL,Nordeste,42.03,48.06,6.03,97.51,0.6111,0.3889,0,moderado,0
2207108,Olho D'Água do Piauí,PI,Nordeste,62.5,65.38,2.88,100.0,0.6111,0.3889,1,moderado,3
4205357,Flor do Sertão,SC,Sul,81.41,80.0,-1.41,92.0,0.6114,0.3886,0,moderado,3
2108504,Pindaré-Mirim,MA,Nordeste,40.94,47.1,6.16,86.62,0.6114,0.3886,1,moderado,0
2401206,Arez,RN,Nordeste,24.75,31.97,7.22,81.55,0.6116,0.3884,0,moderado,1
5101407,Aripuanã,MT,Centro-Oeste,60.16,63.44,3.28,85.56,0.6123,0.3877,0,moderado,1
2206209,Miguel Alves,PI,Nordeste,39.04,45.41,6.37,92.57,0.6123,0.3877,1,moderado,0
3547908,Santo Antônio da Alegria,SP,Sudeste,49.66,54.65,4.99,96.2,0.6124,0.3876,1,moderado,0
2607505,Itaíba,PE,Nordeste,59.5,62.9,3.4,94.9,0.6124,0.3876,0,moderado,3
2804409,Neópolis,SE,Nordeste,21.18,28.33,7.15,89.01,0.6126,0.3874,0,moderado,0
5108055,Terra Nova do Norte,MT,Centro-Oeste,58.72,62.25,3.53,86.46,0.6132,0.3868,0,moderado,3
4110003,Iguaraçu,PR,Sul,50.91,55.71,4.8,71.91,0.6134,0.3866,1,moderado,1
2203107,Cristino Castro,PI,Nordeste,50.63,55.47,4.84,98.39,0.6135,0.3865,1,moderado,0
1100130,Machadinho D'Oeste,RO,Norte,51.4,56.12,4.72,87.8,0.6138,0.3862,1,moderado,0
4205803,Garuva,SC,Sul,54.71,58.9,4.19,80.99,0.614,0.386,1,moderado,1
2414209,Tibau do Sul,RN,Nordeste,17.6,24.51,6.91,72.16,0.6141,0.3859,1,moderado,1
4214300,Rancho Queimado,SC,Sul,72.73,73.86,1.13,91.67,0.6143,0.3857,1,moderado,3
5103304,Comodoro,MT,Centro-Oeste,57.77,61.46,3.69,89.05,0.6144,0.3856,0,moderado,3
2806305,Santa Luzia do Itanhy,SE,Nordeste,25.9,33.12,7.22,92.05,0.6144,0.3856,0,moderado,0
4215356,Saltinho,SC,Sul,95.13,80.0,-15.13,89.33,0.6145,0.3855,0,moderado,2
4110904,Itaguajé,PR,Sul,59.34,62.76,3.42,91.04,0.6147,0.3853,1,moderado,3
3553807,Taquarituba,SP,Sudeste,52.53,57.07,4.54,93.94,0.6147,0.3853,0,moderado,0
2205607,Landri Sales,PI,Nordeste,97.9,80.0,-17.9,91.07,0.6148,0.3852,1,moderado,2
4119251,Pinhal de São Bento,PR,Sul,91.12,80.0,-11.12,94.29,0.6154,0.3846,1,moderado,2
2207801,Paulistana,PI,Nordeste,45.07,50.71,5.64,96.4,0.6159,0.3841,0,moderado,0
2611705,Riacho das Almas,PE,Nordeste,63.97,66.6,2.63,97.62,0.616,0.384,1,moderado,3
2708006,Santana do Ipanema,AL,Nordeste,34.79,41.57,6.78,96.12,0.6162,0.3838,1,moderado,0
1600055,Serra do Navio,AP,Norte,32.92,39.84,6.92,89.47,0.6163,0.3837,1,moderado,0
5108907,Nova Maringá,MT,Centro-Oeste,61.75,64.76,3.01,87.85,0.6164,0.3836,0,moderado,3
3205002,Serra,ES,Sudeste,59.07,62.54,3.47,84.74,0.6168,0.3832,0,moderado,1
2602407,Brejão,PE,Nordeste,67.02,69.12,2.1,92.86,0.617,0.383,1,moderado,3
4208708,Jacinto Machado,SC,Sul,53.02,57.49,4.47,73.87,0.617,0.383,1,moderado,1
3153400,Presidente Olegário,MG,Sudeste,77.37,77.76,0.39,89.66,0.617,0.383,1,moderado,3
2500403,Alagoa Nova,PB,Nordeste,38.94,45.33,6.39,87.77,0.6172,0.3828,1,moderado,0
5003454,Deodápolis,MS,Centro-Oeste,97.01,80.0,-17.01,94.32,0.6172,0.3828,0,moderado,2
3551306,Sebastianópolis do Sul,SP,Sudeste,83.75,80.0,-3.75,96.97,0.6175,0.3825,0,moderado,2
2512200,Prata,PB,Nordeste,47.46,52.77,5.31,88.89,0.6175,0.3825,1,moderado,0
3545100,Salmourão,SP,Sudeste,57.11,60.91,3.8,94.55,0.6176,0.3824,1,moderado,3
2304400,Fortaleza,CE,Nordeste,74.03,74.95,0.92,93.87,0.6176,0.3824,0,moderado,3
2209955,São João da Varjota,PI,Nordeste,53.64,58.01,4.37,98.04,0.6176,0.3824,1,moderado,3
5204805,Campo Alegre de Goiás,GO,Centro-Oeste,79.9,79.91,0.01,85.71,0.6178,0.3822,0,moderado,3
3507159,Bom Sucesso de Itararé,SP,Sudeste,56.32,60.25,3.93,89.06,0.6178,0.3822,0,moderado,3
4211876,Paial,SC,Sul,70.83,72.28,1.45,93.94,0.6178,0.3822,0,moderado,3
3553302,Tambaú,SP,Sudeste,47.74,53.01,5.27,94.92,0.6179,0.3821,1,moderado,0
2613008,São Bento do Una,PE,Nordeste,55.89,59.89,4.0,95.27,0.618,0.382,1,moderado,3
3508009,Buri,SP,Sudeste,48.89,53.99,5.1,94.12,0.618,0.382,1,moderado,0
3511003,Castilho,SP,Sudeste,47.85,53.1,5.25,92.98,0.6183,0.3817,0,moderado,0
4111258,Itaperuçu,PR,Sul,56.44,60.35,3.91,90.23,0.6184,0.3816,0,moderado,0
4211454,Nova Itaberaba,SC,Sul,67.4,69.44,2.04,84.85,0.6184,0.3816,1,moderado,3
2613305,São Joaquim do Monte,PE,Nordeste,68.5,70.35,1.85,98.47,0.6185,0.3815,1,moderado,3
3524501,Jaci,SP,Sudeste,55.84,59.85,4.01,91.38,0.6188,0.3812,1,moderado,3
3527801,Lupércio,SP,Sudeste,55.64,59.68,4.04,96.83,0.6189,0.3811,1,moderado,3
2616506,Xexéu,PE,Nordeste,62.65,65.51,2.86,89.56,0.6192,0.3808,1,moderado,3
3107307,Bocaiúva,MG,Sudeste,68.82,70.61,1.79,80.0,0.6192,0.3808,0,moderado,1
4102752,Bela Vista da Caroba,PR,Sul,76.84,77.31,0.47,100.0,0.6193,0.3807,1,moderado,3
5108808,Nova Guarita,MT,Centro-Oeste,68.02,69.95,1.93,94.59,0.6193,0.3807,0,moderado,3
4202537,Bom Jesus,SC,Sul,64.67,67.18,2.51,83.61,0.6196,0.3804,0,moderado,1
2208700,Redenção do Gurguéia,PI,Nordeste,99.0,80.0,-19.0,98.92,0.6196,0.3804,1,moderado,2
4113007,Jussara,PR,Sul,72.27,73.48,1.21,95.92,0.6197,0.3803,0,moderado,3
2209377,Santa Rosa do Piauí,PI,Nordeste,61.02,64.16,3.14,100.0,0.6199,0.3801,0,moderado,3
2101806,Benedito Leite,MA,Nordeste,56.0,59.98,3.98,88.35,0.6199,0.3801,0,moderado,3
3511706,Charqueada,SP,Sudeste,44.6,50.3,5.7,92.89,0.6204,0.3796,1,moderado,0
2210391,São Miguel do Fidalgo,PI,Nordeste,55.79,59.81,4.02,96.15,0.6205,0.3795,1,moderado,3
1600709,Tartarugalzinho,AP,Norte,32.06,39.04,6.98,92.17,0.6205,0.3795,1,moderado,0
3529807,Mineiros do Tietê,SP,Sudeste,45.76,51.31,5.55,93.1,0.6206,0.3794,1,moderado,0
5213103,Mineiros,GO,Centro-Oeste,80.26,80.0,-0.26,89.65,0.6206,0.3794,1,moderado,3
2112506,Tutóia,MA,Nordeste,37.64,44.16,6.52,92.33,0.6207,0.3793,1,moderado,0
2600807,Altinho,PE,Nordeste,58.41,61.99,3.58,90.27,0.6208,0.3792,1,moderado,3
2103802,Dom Pedro,MA,Nordeste,40.39,46.62,6.23,89.81,0.6209,0.3791,0,moderado,0
1715101,Novo Acordo,TO,Norte,39.24,45.59,6.35,97.87,0.6212,0.3788,0,moderado,0
2500700,São João do Rio do Peixe,PB,Nordeste,42.09,48.11,6.02,94.85,0.6212,0.3788,1,moderado,0
2609501,Nazaré da Mata,PE,Nordeste,54.74,58.93,4.19,94.78,0.6213,0.3787,0,moderado,0
2706901,Pilar,AL,Nordeste,37.59,44.11,6.52,96.0,0.6214,0.3786,1,moderado,0
3505807,Bastos,SP,Sudeste,51.88,56.53,4.65,96.05,0.6215,0.3785,0,moderado,0
3529906,Miracatu,SP,Sudeste,43.55,49.39,5.84,89.19,0.6215,0.3785,1,moderado,0
2201945,Boqueirão do Piauí,PI,Nordeste,96.48,80.0,-16.48,100.0,0.6219,0.3781,0,moderado,2
3205069,Venda Nova do Imigrante,ES,Sudeste,83.02,80.0,-3.02,88.14,0.622,0.378,1,moderado,3
1702406,Arraias,TO,Norte,34.29,41.11,6.82,85.53,0.6221,0.3779,1,moderado,0
2103125,Central do Maranhão,MA,Nordeste,100.0,80.0,-20.0,97.3,0.6221,0.3779,1,moderado,2
2616308,Vicência,PE,Nordeste,57.45,61.19,3.74,95.44,0.6223,0.3777,1,moderado,3
1502855,Curuá,PA,Norte,37.54,44.07,6.53,92.71,0.6224,0.3776,0,moderado,0
2705705,Olho d'Água das Flores,AL,Nordeste,40.12,46.38,6.26,96.5,0.6224,0.3776,0,moderado,0
5107404,São Pedro da Cipa,MT,Centro-Oeste,72.89,74.0,1.11,95.12,0.6229,0.3771,1,moderado,3
4108700,Grandes Rios,PR,Sul,65.01,67.46,2.45,89.77,0.6229,0.3771,0,moderado,3
2600054,Abreu e Lima,PE,Nordeste,47.44,52.75,5.31,85.51,0.623,0.377,0,moderado,1
3108107,Bonfim,MG,Sudeste,69.27,70.99,1.72,83.05,0.6232,0.3768,1,moderado,1
4217402,Schroeder,SC,Sul,63.05,65.84,2.79,88.84,0.6233,0.3767,1,moderado,3
4113452,Lindoeste,PR,Sul,86.49,80.0,-6.49,93.75,0.6233,0.3767,0,moderado,2
2201988,Brejo do Piauí,PI,Nordeste,50.33,55.21,4.88,96.55,0.6238,0.3762,1,moderado,0
2803609,Laranjeiras,SE,Nordeste,16.28,23.05,6.77,78.9,0.6238,0.3762,1,moderado,1
3552007,Silveiras,SP,Sudeste,45.87,51.4,5.53,92.06,0.624,0.376,0,moderado,0
3544509,Rubinéia,SP,Sudeste,60.53,63.75,3.22,100.0,0.624,0.376,1,moderado,3
2414753,Venha-Ver,RN,Nordeste,41.18,47.31,6.13,94.44,0.624,0.376,1,moderado,0
3160454,Santo Antônio do Retiro,MG,Sudeste,78.11,78.39,0.28,87.06,0.6241,0.3759,0,moderado,3
3529203,Martinópolis,SP,Sudeste,53.03,57.49,4.46,95.36,0.6245,0.3755,1,moderado,0
5108402,Várzea Grande,MT,Centro-Oeste,47.94,53.18,5.24,90.68,0.6246,0.3754,1,moderado,0
2200806,Antônio Almeida,PI,Nordeste,95.63,80.0,-15.63,94.55,0.6246,0.3754,0,moderado,2
2602100,Bom Conselho,PE,Nordeste,59.98,63.29,3.31,95.0,0.625,0.375,0,moderado,3
5107248,Santa Carmem,MT,Centro-Oeste,71.5,72.84,1.34,92.73,0.6252,0.3748,1,moderado,3
2109759,Santa Filomena do Maranhão,MA,Nordeste,36.45,43.08,6.63,93.22,0.6252,0.3748,0,moderado,0
3161650,São Geraldo do Baixio,MG,Sudeste,71.16,72.56,1.4,86.11,0.6253,0.3747,1,moderado,3
4215703,Santo Amaro da Imperatriz,SC,Sul,58.19,61.81,3.62,84.98,0.6257,0.3743,0,moderado,1
5100250,Alta Floresta,MT,Centro-Oeste,53.52,57.91,4.39,88.36,0.6257,0.3743,1,moderado,0
3122306,Divinópolis,MG,Sudeste,64.73,67.23,2.5,89.56,0.6258,0.3742,1,moderado,3
2509206,Massaranduba,PB,Nordeste,44.27,50.02,5.75,95.69,0.6259,0.3741,0,moderado,0
3110004,Caeté,MG,Sudeste,73.48,74.49,1.01,86.22,0.6262,0.3738,0,moderado,3
2104107,Fortaleza dos Nogueiras,MA,Nordeste,45.09,50.73,5.64,89.14,0.6265,0.3735,1,moderado,0
2204303,Fronteiras,PI,Nordeste,98.26,80.0,-18.26,100.0,0.6265,0.3735,1,moderado,2
3532900,Nova Europa,SP,Sudeste,50.61,55.45,4.84,91.35,0.6268,0.3732,1,moderado,0
3163003,São José da Safira,MG,Sudeste,72.52,73.69,1.17,76.0,0.6269,0.3731,0,moderado,1
5106190,Nova Santa Helena,MT,Centro-Oeste,79.22,79.33,0.11,95.83,0.6269,0.3731,0,moderado,3
4207858,Irati,SC,Sul,92.86,80.0,-12.86,87.5,0.6272,0.3728,1,moderado,2
2600906,Amaraji,PE,Nordeste,68.74,70.55,1.81,95.03,0.6272,0.3728,0,moderado,3
4123204,Santa Cecília do Pavão,PR,Sul,87.42,80.0,-7.42,97.44,0.6281,0.3719,1,moderado,2
5106158,Nova Bandeirantes,MT,Centro-Oeste,73.3,74.34,1.04,95.87,0.6283,0.3717,1,moderado,3
2202083,Cajueiro da Praia,PI,Nordeste,47.44,52.75,5.31,99.21,0.6285,0.3715,1,moderado,0
4208955,Jardinópolis,SC,Sul,81.82,80.0,-1.82,100.0,0.6292,0.3708,0,moderado,3
3162575,São João do Manteninha,MG,Sudeste,79.89,79.91,0.02,88.16,0.6293,0.3707,0,moderado,3
2112100,Timbiras,MA,Nordeste,41.93,47.97,6.04,87.5,0.6297,0.3703,0,moderado,0
4212056,Palmeira,SC,Sul,67.15,69.23,2.08,88.37,0.6297,0.3703,0,moderado,3
2209005,Rio Grande do Piauí,PI,Nordeste,48.59,53.74,5.15,98.77,0.6298,0.3702,0,moderado,0
3131307,Ipatinga,MG,Sudeste,64.66,67.17,2.51,89.24,0.6299,0.3701,1,moderado,3
2511202,Pedras de Fogo,PB,Nordeste,37.3,43.85,6.55,92.65,0.6304,0.3696,1,moderado,0
2207306,Paes Landim,PI,Nordeste,51.76,56.42,4.66,100.0,0.6305,0.3695,0,moderado,0
2704401,Major Isidoro,AL,Nordeste,40.07,46.33,6.26,97.86,0.6305,0.3695,0,moderado,0
2203230,Currais,PI,Nordeste,93.16,80.0,-13.16,96.83,0.6308,0.3692,1,moderado,2
5004700,Ivinhema,MS,Centro-Oeste,61.82,64.82,3.0,93.48,0.6309,0.3691,1,moderado,3
3203908,Nova Venécia,ES,Sudeste,83.51,80.0,-3.51,91.03,0.6309,0.3691,1,moderado,3
4215000,Rio Negrinho,SC,Sul,60.13,63.42,3.29,85.89,0.6311,0.3689,1,moderado,1
2500775,Aparecida,PB,Nordeste,42.5,48.47,5.97,87.5,0.6312,0.3688,1,moderado,0
3165909,Senador Modestino Gonçalves,MG,Sudeste,75.41,76.11,0.7,86.67,0.6315,0.3685,1,moderado,3
3546108,Santa Clara d'Oeste,SP,Sudeste,89.96,80.0,-9.96,90.91,0.6317,0.3683,1,moderado,2
3512001,Colina,SP,Sudeste,43.8,49.61,5.81,93.26,0.6319,0.3681,1,moderado,0
3161304,São Francisco de Sales,MG,Sudeste,76.55,77.07,0.52,83.08,0.6319,0.3681,0,moderado,3
3148004,Patos de Minas,MG,Sudeste,69.14,70.88,1.74,91.61,0.632,0.368,1,moderado,3
2101350,Bacurituba,MA,Nordeste,88.89,80.0,-8.89,92.31,0.6325,0.3675,1,moderado,2
3536703,Pederneiras,SP,Sudeste,36.42,43.06,6.64,87.58,0.6326,0.3674,1,moderado,0
5107958,Tangará da Serra,MT,Centro-Oeste,48.7,53.83,5.13,87.72,0.6326,0.3674,1,moderado,0
5221304,Três Ranchos,GO,Centro-Oeste,79.46,79.54,0.08,78.38,0.6327,0.3673,1,moderado,1
5005806,Nioaque,MS,Centro-Oeste,53.94,58.26,4.32,92.55,0.6329,0.3671,1,moderado,0
2404200,Goianinha,RN,Nordeste,22.54,29.73,7.19,80.04,0.6329,0.3671,1,moderado,1
3203130,João Neiva,ES,Sudeste,71.84,73.12,1.28,82.95,0.6331,0.3669,1,moderado,3
2509156,Marizópolis,PB,Nordeste,100.0,80.0,-20.0,92.86,0.6332,0.3668,1,moderado,2
3513603,Cunha,SP,Sudeste,49.94,54.88,4.94,94.84,0.6332,0.3668,1,moderado,0
3141504,Mendes Pimentel,MG,Sudeste,79.65,79.7,0.05,88.89,0.6332,0.3668,0,moderado,3
2210300,São Julião,PI,Nordeste,94.83,80.0,-14.83,100.0,0.6335,0.3665,1,moderado,2
5008008,Terenos,MS,Centro-Oeste,60.42,63.66,3.24,91.95,0.6335,0.3665,0,moderado,3
2702207,Coqueiro Seco,AL,Nordeste,34.53,41.33,6.8,88.24,0.6338,0.3662,1,moderado,0
3527504,Lucianópolis,SP,Sudeste,74.86,75.65,0.79,96.0,0.6339,0.3661,0,moderado,3
3202405,Guarapari,ES,Sudeste,71.81,73.1,1.29,88.1,0.6343,0.3657,1,moderado,3
3167608,Simonésia,MG,Sudeste,65.64,67.98,2.34,83.56,0.6346,0.3654,1,moderado,1
3516804,Gastão Vidigal,SP,Sudeste,53.13,57.58,4.45,96.97,0.6346,0.3654,0,moderado,0
2412302,São José do Campestre,RN,Nordeste,18.05,25.0,6.95,70.24,0.6346,0.3654,1,moderado,1
3118809,Coração de Jesus,MG,Sudeste,65.6,67.95,2.35,79.49,0.6346,0.3654,1,moderado,1
4123402,Santa Fé,PR,Sul,58.68,62.22,3.54,90.0,0.6348,0.3652,1,moderado,3
3552304,Sud Mennucci,SP,Sudeste,51.78,56.44,4.66,94.12,0.635,0.365,1,moderado,0
5102678,Campo Verde,MT,Centro-Oeste,56.21,60.16,3.95,90.48,0.6353,0.3647,1,moderado,3
1712009,Lajeado,TO,Norte,40.45,46.67,6.22,89.09,0.636,0.364,0,moderado,0
3171303,Viçosa,MG,Sudeste,62.67,65.52,2.85,82.89,0.6362,0.3638,1,moderado,1
3204906,São Mateus,ES,Sudeste,67.19,69.26,2.07,87.5,0.6364,0.3636,1,moderado,3
4125902,São Pedro do Paraná,PR,Sul,71.94,73.2,1.26,97.73,0.6366,0.3634,1,moderado,3
2405207,Janduís,RN,Nordeste,23.48,30.69,7.21,79.17,0.6367,0.3633,1,moderado,1
2208809,Regeneração,PI,Nordeste,40.89,47.06,6.17,96.06,0.6371,0.3629,0,moderado,0
2102101,Brejo,MA,Nordeste,50.31,55.2,4.89,94.82,0.6372,0.3628,1,moderado,0
2608107,João Alfredo,PE,Nordeste,56.99,60.81,3.82,94.92,0.6373,0.3627,1,moderado,3
1507201,São Domingos do Capim,PA,Norte,30.82,37.87,7.05,80.98,0.6376,0.3624,0,moderado,1
2601003,Angelim,PE,Nordeste,62.05,65.01,2.96,93.0,0.6377,0.3623,0,moderado,3
5208608,Goianésia,GO,Centro-Oeste,79.79,79.82,0.03,92.94,0.6378,0.3622,1,moderado,3
5003900,Figueirão,MS,Centro-Oeste,58.57,62.12,3.55,94.52,0.6379,0.3621,1,moderado,3
2601904,Bezerros,PE,Nordeste,51.47,56.18,4.71,92.59,0.6382,0.3618,1,moderado,0
2804706,Nossa Senhora de Lourdes,SE,Nordeste,19.15,26.18,7.03,85.45,0.6383,0.3617,1,moderado,0
3145851,Oratórios,MG,Sudeste,73.86,74.81,0.95,82.81,0.6388,0.3612,1,moderado,3
5219001,Sanclerlândia,GO,Centro-Oeste,78.09,78.37,0.28,81.37,0.6389,0.3611,1,moderado,3
3544400,Rubiácea,SP,Sudeste,53.41,57.81,4.4,93.18,0.639,0.361,1,moderado,0
2509370,Mato Grosso,PB,Nordeste,40.0,46.27,6.27,83.33,0.639,0.361,0,moderado,1
2513208,Santa Cruz,PB,Nordeste,52.79,57.29,4.5,96.2,0.6393,0.3607,1,moderado,3
3129657,Ibiracatu,MG,Sudeste,64.3,66.87,2.57,72.97,0.6394,0.3606,0,moderado,1
3204351,Rio Bananal,ES,Sudeste,74.62,75.44,0.82,89.71,0.6394,0.3606,1,moderado,3
2800704,Brejo Grande,SE,Nordeste,27.27,34.46,7.19,90.59,0.6394,0.3606,1,moderado,0
4122651,Rosário do Ivaí,PR,Sul,69.4,71.09,1.69,96.08,0.6395,0.3605,1,moderado,3
4124905,São João do Caiuá,PR,Sul,93.33,80.0,-13.33,98.89,0.6395,0.3605,1,moderado,2
4113601,Lobato,PR,Sul,61.87,64.86,2.99,85.45,0.6396,0.3604,0,moderado,1
3537107,Pedreira,SP,Sudeste,94.37,80.0,-14.37,95.98,0.6398,0.3602,1,moderado,2
4207403,Imbuia,SC,Sul,64.78,67.27,2.49,88.99,0.6398,0.3602,1,moderado,3
3205309,Vitória,ES,Sudeste,65.88,68.18,2.3,90.33,0.6401,0.3599,1,moderado,3
3301207,Carmo,RJ,Sudeste,43.6,49.44,5.84,88.96,0.6406,0.3594,1,moderado,0
4115903,Mirador,PR,Sul,70.36,71.89,1.53,85.29,0.6406,0.3594,0,moderado,3
2205953,Marcolândia,PI,Nordeste,98.87,80.0,-18.87,96.72,0.6407,0.3593,1,moderado,2
4215653,Santa Rosa do Sul,SC,Sul,55.48,59.55,4.07,83.61,0.6409,0.3591,1,moderado,1
2200707,Anísio de Abreu,PI,Nordeste,46.55,51.99,5.44,97.41,0.641,0.359,1,moderado,0
2608305,Jupi,PE,Nordeste,60.68,63.87,3.19,94.93,0.641,0.359,1,moderado,3
5100359,Alto Boa Vista,MT,Centro-Oeste,93.68,80.0,-13.68,92.08,0.6412,0.3588,0,moderado,2
3526605,Lavrinhas,SP,Sudeste,52.66,57.18,4.52,93.94,0.6413,0.3587,0,moderado,0
2601508,Belém de Maria,PE,Nordeste,71.24,72.62,1.38,98.08,0.6413,0.3587,1,moderado,3
1101476,Primavera de Rondônia,RO,Norte,86.09,80.0,-6.09,96.23,0.6419,0.3581,0,moderado,2
2702900,Girau do Ponciano,AL,Nordeste,35.73,42.43,6.7,96.35,0.6421,0.3579,0,moderado,0
3160702,Santos Dumont,MG,Sudeste,55.96,59.95,3.99,71.7,0.6423,0.3577,1,moderado,1
2600708,Aliança,PE,Nordeste,55.15,59.27,4.12,90.86,0.6425,0.3575,0,moderado,0
2406601,Lagoa Salgada,RN,Nordeste,22.82,30.02,7.2,75.68,0.6426,0.3574,1,moderado,1
5000807,Anaurilândia,MS,Centro-Oeste,65.19,67.61,2.42,97.79,0.6426,0.3574,1,moderado,3
3537503,Pereiras,SP,Sudeste,51.39,56.11,4.72,91.04,0.6427,0.3573,1,moderado,0
2608404,Jurema,PE,Nordeste,53.46,57.86,4.4,91.93,0.6429,0.3571,1,moderado,0
2614204,Sirinhaém,PE,Nordeste,60.3,63.56,3.26,94.52,0.643,0.357,1,moderado,3
5003801,Fátima do Sul,MS,Centro-Oeste,60.8,63.97,3.17,95.24,0.643,0.357,0,moderado,3
2603306,Calçado,PE,Nordeste,57.35,61.11,3.76,96.83,0.643,0.357,0,moderado,3
3155504,Rio Paranaíba,MG,Sudeste,78.7,78.89,0.19,87.65,0.6435,0.3565,0,moderado,3
2702553,Estrela de Alagoas,AL,Nordeste,34.55,41.35,6.8,94.57,0.6435,0.3565,0,moderado,0
2613206,São João,PE,Nordeste,60.81,63.98,3.17,94.42,0.644,0.356,0,moderado,3
2802502,General Maynard,SE,Nordeste,20.0,27.09,7.09,95.24,0.6443,0.3557,0,moderado,0
2601409,Barreiros,PE,Nordeste,61.78,64.79,3.01,92.95,0.6444,0.3556,0,moderado,3
3108800,Braúnas,MG,Sudeste,72.23,73.45,1.22,75.68,0.6446,0.3554,0,moderado,1
2206050,Massapê do Piauí,PI,Nordeste,45.94,51.46,5.52,98.21,0.6448,0.3552,1,moderado,0
3167202,Sete Lagoas,MG,Sudeste,53.59,57.97,4.38,78.67,0.6449,0.3551,1,moderado,1
2706208,Palestina,AL,Nordeste,33.73,40.59,6.86,87.5,0.6449,0.3551,1,moderado,0
3537206,Pedro de Toledo,SP,Sudeste,35.12,41.87,6.75,81.25,0.6451,0.3549,1,moderado,1
5007703,Sete Quedas,MS,Centro-Oeste,54.25,58.52,4.27,96.23,0.6454,0.3546,0,moderado,0
4120853,Quatro Pontes,PR,Sul,91.8,80.0,-11.8,91.04,0.6455,0.3545,1,moderado,2
1100809,Candeias do Jamari,RO,Norte,48.96,54.05,5.09,85.83,0.6456,0.3544,0,moderado,1
2512002,Pocinhos,PB,Nordeste,42.15,48.17,6.02,92.41,0.6458,0.3542,1,moderado,0
2611804,Ribeirão,PE,Nordeste,61.57,64.61,3.04,93.0,0.6459,0.3541,1,moderado,3
2703809,Joaquim Gomes,AL,Nordeste,33.47,40.35,6.88,95.44,0.6459,0.3541,0,moderado,0
5106109,Nossa Senhora do Livramento,MT,Centro-Oeste,68.54,70.38,1.84,94.57,0.646,0.354,1,moderado,3
3137700,Lajinha,MG,Sudeste,72.03,73.28,1.25,85.97,0.6462,0.3538,0,moderado,3
3507753,Brejo Alegre,SP,Sudeste,94.42,80.0,-14.42,86.05,0.6463,0.3537,1,moderado,2
5102504,Cáceres,MT,Centro-Oeste,47.53,52.83,5.3,87.98,0.6468,0.3532,0,moderado,0
3203205,Linhares,ES,Sudeste,64.16,66.76,2.6,86.05,0.6472,0.3528,1,moderado,3
3203320,Marataízes,ES,Sudeste,73.28,74.32,1.04,88.84,0.6472,0.3528,0,moderado,3
2702702,Feliz Deserto,AL,Nordeste,37.55,44.08,6.53,93.22,0.6473,0.3527,1,moderado,0
4115853,Mercedes,PR,Sul,91.25,80.0,-11.25,94.12,0.6476,0.3524,1,moderado,2
2400901,Antônio Martins,RN,Nordeste,25.23,32.45,7.22,76.32,0.6483,0.3517,1,moderado,1
5003108,Corguinho,MS,Centro-Oeste,45.65,51.21,5.56,95.83,0.6485,0.3515,1,moderado,0
3532702,Nipoã,SP,Sudeste,93.79,80.0,-13.79,91.18,0.6487,0.3513,1,moderado,2
2207553,Paquetá,PI,Nordeste,100.0,80.0,-20.0,91.67,0.6487,0.3513,0,moderado,2
2704500,Maragogi,AL,Nordeste,32.4,39.36,6.96,92.05,0.6488,0.3512,1,moderado,0
4202206,Benedito Novo,SC,Sul,61.4,64.47,3.07,88.0,0.6488,0.3512,1,moderado,3
3204104,Pinheiros,ES,Sudeste,77.29,77.69,0.4,89.58,0.6488,0.3512,1,moderado,3
3121704,Diogo de Vasconcelos,MG,Sudeste,78.42,78.65,0.23,92.0,0.6489,0.3511,0,moderado,3
3521606,Irapuru,SP,Sudeste,97.18,80.0,-17.18,90.24,0.649,0.351,1,moderado,2
3527603,Luís Antônio,SP,Sudeste,41.53,47.62,6.09,89.55,0.649,0.351,0,moderado,0
5002407,Caarapó,MS,Centro-Oeste,52.93,57.41,4.48,89.62,0.649,0.351,1,moderado,0
2112001,Tasso Fragoso,MA,Nordeste,45.1,50.74,5.64,94.44,0.6493,0.3507,1,moderado,0
2701357,Campestre,AL,Nordeste,41.23,47.36,6.13,89.16,0.6496,0.3504,1,moderado,0
4206652,Guatambú,SC,Sul,44.44,50.17,5.73,74.63,0.6498,0.3502,0,moderado,1
4204558,Correia Pinto,SC,Sul,59.62,63.0,3.38,91.61,0.65,0.35,0,baixo,3
5107701,Rosário Oeste,MT,Centro-Oeste,53.65,58.02,4.37,86.59,0.65,0.35,0,baixo,1
1300805,Borba,AM,Norte,28.35,35.51,7.16,87.85,0.6502,0.3498,0,baixo,0
5005681,Mundo Novo,MS,Centro-Oeste,83.81,80.0,-3.81,94.59,0.6503,0.3497,0,baixo,2
3540754,Potim,SP,Sudeste,40.85,47.02,6.17,86.3,0.6503,0.3497,0,baixo,0
2707206,Poço das Trincheiras,AL,Nordeste,33.38,40.27,6.89,93.84,0.6504,0.3496,1,baixo,0
2516805,Triunfo,PB,Nordeste,50.08,55.0,4.92,100.0,0.6506,0.3494,1,baixo,0
2706307,Palmeira dos Índios,AL,Nordeste,32.18,39.15,6.97,97.27,0.651,0.349,0,baixo,0
3518008,Guarani d'Oeste,SP,Sudeste,94.12,80.0,-14.12,89.47,0.651,0.349,0,baixo,2
1600808,Vitória do Jari,AP,Norte,28.7,35.85,7.15,93.88,0.6511,0.3489,0,baixo,0
3162658,São João do Pacuí,MG,Sudeste,74.18,75.08,0.9,85.71,0.6513,0.3487,1,baixo,3
4103024,Boa Esperança do Iguaçu,PR,Sul,75.0,75.76,0.76,100.0,0.6513,0.3487,1,baixo,3
5105903,Nobres,MT,Centro-Oeste,56.94,60.77,3.83,89.55,0.6514,0.3486,0,baixo,3
5207535,Faina,GO,Centro-Oeste,73.62,74.61,0.99,77.78,0.6517,0.3483,0,baixo,1
2203420,Domingos Mourão,PI,Nordeste,91.43,80.0,-11.43,100.0,0.6517,0.3483,1,baixo,2
3140530,Martins Soares,MG,Sudeste,76.55,77.07,0.52,91.84,0.6517,0.3483,1,baixo,3
5106372,Pedra Preta,MT,Centro-Oeste,56.73,60.59,3.86,89.31,0.6519,0.3481,1,baixo,3
5106281,Novo São Joaquim,MT,Centro-Oeste,58.82,62.33,3.51,88.99,0.6522,0.3478,1,baixo,3
5107040,Primavera do Leste,MT,Centro-Oeste,49.15,54.21,5.06,88.92,0.6524,0.3476,1,baixo,0
5220009,São João d'Aliança,GO,Centro-Oeste,81.82,80.0,-1.82,82.86,0.6526,0.3474,1,baixo,3
2208502,Porto,PI,Nordeste,40.12,46.38,6.26,97.14,0.653,0.347,0,baixo,0
3507456,Borebi,SP,Sudeste,61.11,64.23,3.12,90.0,0.6534,0.3466,0,baixo,3
4217550,Serra Alta,SC,Sul,92.21,80.0,-12.21,90.91,0.6534,0.3466,1,baixo,2
3120904,Curvelo,MG,Sudeste,65.34,67.73,2.39,87.76,0.6534,0.3466,1,baixo,3
2908804,Contendas do Sincorá,BA,Nordeste,24.0,31.22,7.22,100.0,0.6537,0.3463,1,baixo,0
2500577,Algodão de Jandaíra,PB,Nordeste,44.32,50.06,5.74,92.68,0.6539,0.3461,1,baixo,0
3547106,Santa Mercedes,SP,Sudeste,95.59,80.0,-15.59,81.82,0.6541,0.3459,1,baixo,2
2605509,Ferreiros,PE,Nordeste,58.16,61.78,3.62,95.92,0.6541,0.3459,0,baixo,3
2112308,Tuntum,MA,Nordeste,38.93,45.32,6.39,93.6,0.6542,0.3458,1,baixo,0
2707404,Porto de Pedras,AL,Nordeste,30.12,37.21,7.09,86.54,0.6543,0.3457,0,baixo,0
5101605,Barão de Melgaço,MT,Centro-Oeste,60.04,63.34,3.3,88.89,0.6548,0.3452,0,baixo,3
5208400,Goianápolis,GO,Centro-Oeste,74.4,75.26,0.86,79.7,0.6549,0.3451,0,baixo,1
3115359,Catas Altas,MG,Sudeste,67.35,69.4,2.05,83.72,0.655,0.345,1,baixo,1
5002209,Bonito,MS,Centro-Oeste,53.37,57.78,4.41,89.51,0.655,0.345,1,baixo,0
3109808,Cachoeira Dourada,MG,Sudeste,80.57,80.0,-0.57,88.89,0.655,0.345,1,baixo,3
5104526,Ipiranga do Norte,MT,Centro-Oeste,61.83,64.83,3.0,90.96,0.6553,0.3447,0,baixo,3
2702801,Flexeiras,AL,Nordeste,34.71,41.5,6.79,95.89,0.6553,0.3447,1,baixo,0
3546504,Santa Ernestina,SP,Sudeste,83.66,80.0,-3.66,92.59,0.6553,0.3447,1,baixo,2
2401404,Baía Formosa,RN,Nordeste,26.01,33.22,7.21,80.6,0.6553,0.3447,1,baixo,1
3523701,Itirapuã,SP,Sudeste,73.92,74.86,0.94,93.06,0.6554,0.3446,1,baixo,3
2604809,Cortês,PE,Nordeste,61.81,64.81,3.0,89.66,0.6555,0.3445,1,baixo,3
2505501,Vista Serrana,PB,Nordeste,44.1,49.87,5.77,90.2,0.6556,0.3444,1,baixo,0
3160306,Santo Antônio do Jacinto,MG,Sudeste,62.95,65.75,2.8,79.8,0.6556,0.3444,0,baixo,1
3164704,São Sebastião do Paraíso,MG,Sudeste,65.48,67.85,2.37,86.54,0.6559,0.3441,1,baixo,3
2202802,Conceição do Canindé,PI,Nordeste,47.28,52.61,5.33,98.36,0.6562,0.3438,1,baixo,0
5002803,Caracol,MS,Centro-Oeste,49.46,54.48,5.02,85.32,0.6563,0.3437,1,baixo,1
3118601,Contagem,MG,Sudeste,53.73,58.08,4.35,84.28,0.6565,0.3435,1,baixo,1
3528908,Mariápolis,SP,Sudeste,53.02,57.49,4.47,89.47,0.6568,0.3432,0,baixo,0
4202859,Braço do Trombudo,SC,Sul,62.17,65.11,2.94,87.88,0.6571,0.3429,0,baixo,3
5002159,Bodoquena,MS,Centro-Oeste,44.62,50.32,5.7,78.18,0.6574,0.3426,0,baixo,1
2600500,Águas Belas,PE,Nordeste,57.56,61.28,3.72,95.05,0.6574,0.3426,0,baixo,3
3532504,Neves Paulista,SP,Sudeste,90.57,80.0,-10.57,94.44,0.6574,0.3426,0,baixo,2
3302304,Laje do Muriaé,RJ,Sudeste,45.19,50.82,5.63,89.58,0.6574,0.3426,0,baixo,0
4213005,Pinheiro Preto,SC,Sul,59.28,62.71,3.43,78.46,0.6577,0.3423,1,baixo,1
2402105,Campo Redondo,RN,Nordeste,24.04,31.26,7.22,82.28,0.658,0.342,1,baixo,1
5000906,Antônio João,MS,Centro-Oeste,54.07,58.37,4.3,91.78,0.658,0.342,0,baixo,0
5103056,Cláudia,MT,Centro-Oeste,58.39,61.97,3.58,91.5,0.6581,0.3419,1,baixo,3
3145455,Olhos-d'Água,MG,Sudeste,68.23,70.12,1.89,84.48,0.6582,0.3418,1,baixo,3
2602803,Buíque,PE,Nordeste,52.54,57.08,4.54,93.38,0.6584,0.3416,0,baixo,0
5107065,Querência,MT,Centro-Oeste,57.84,61.52,3.68,90.77,0.6588,0.3412,1,baixo,3
5103957,Glória D'Oeste,MT,Centro-Oeste,90.57,80.0,-10.57,97.14,0.6589,0.3411,1,baixo,2
2110708,São Domingos do Maranhão,MA,Nordeste,41.82,47.88,6.06,90.48,0.659,0.341,1,baixo,0
1711803,Juarina,TO,Norte,35.36,42.09,6.73,90.0,0.6594,0.3406,1,baixo,0
1502806,Curralinho,PA,Norte,25.06,32.28,7.22,79.49,0.6595,0.3405,0,baixo,1
3116209,Chiador,MG,Sudeste,77.53,77.9,0.37,90.57,0.6599,0.3401,0,baixo,3
3532009,Morungaba,SP,Sudeste,46.95,52.33,5.38,91.3,0.66,0.34,0,baixo,0
2206951,Novo Santo Antônio,PI,Nordeste,48.49,53.65,5.16,97.67,0.66,0.34,1,baixo,0
3143302,Montes Claros,MG,Sudeste,61.58,64.62,3.04,88.28,0.6602,0.3398,1,baixo,3
3128303,Guaranésia,MG,Sudeste,73.63,74.61,0.98,91.27,0.6602,0.3398,0,baixo,3
2605202,Escada,PE,Nordeste,54.51,58.74,4.23,93.25,0.6602,0.3398,0,baixo,3
2706802,Piaçabuçu,AL,Nordeste,31.74,38.74,7.0,94.78,0.6607,0.3393,1,baixo,0
2500304,Alagoa Grande,PB,Nordeste,31.28,38.31,7.03,81.25,0.6615,0.3385,0,baixo,1
3526308,Lagoinha,SP,Sudeste,48.73,53.85,5.12,97.83,0.6617,0.3383,1,baixo,0
2408409,Olho d'Água do Borges,RN,Nordeste,24.17,31.39,7.22,75.68,0.6619,0.3381,0,baixo,1
2205458,Joca Marques,PI,Nordeste,38.3,44.75,6.45,90.0,0.662,0.338,0,baixo,0
1705607,Conceição do Tocantins,TO,Norte,27.6,34.78,7.18,80.56,0.662,0.338,1,baixo,1
5107768,Santa Rita do Trivelato,MT,Centro-Oeste,64.77,67.26,2.49,91.49,0.6623,0.3377,0,baixo,3
2607604,Ilha de Itamaracá,PE,Nordeste,53.17,57.61,4.44,86.25,0.6626,0.3374,0,baixo,1
3521150,Ipiguá,SP,Sudeste,48.0,53.23,5.23,89.69,0.6627,0.3373,0,baixo,0
2200277,Alegrete do Piauí,PI,Nordeste,53.89,58.22,4.33,100.0,0.6631,0.3369,0,baixo,3
3505401,Barra do Turvo,SP,Sudeste,87.5,80.0,-7.5,100.0,0.6634,0.3366,0,baixo,2
2111805,Sítio Novo,MA,Nordeste,42.39,48.38,5.99,92.48,0.6635,0.3365,1,baixo,0
4101051,Anahy,PR,Sul,62.4,65.3,2.9,88.24,0.6636,0.3364,1,baixo,3
2614808,Tacaratu,PE,Nordeste,56.04,60.02,3.98,93.5,0.6637,0.3363,1,baixo,3
2505303,Curral Velho,PB,Nordeste,38.1,44.57,6.47,91.3,0.6637,0.3363,1,baixo,0
3140803,Matias Barbosa,MG,Sudeste,58.84,62.35,3.51,77.04,0.6641,0.3359,1,baixo,1
3111002,Campestre,MG,Sudeste,69.98,71.58,1.6,87.24,0.6641,0.3359,1,baixo,3
4201802,Atalanta,SC,Sul,71.12,72.52,1.4,96.88,0.6642,0.3358,0,baixo,3
3158953,Santana do Paraíso,MG,Sudeste,69.78,71.41,1.63,89.01,0.6644,0.3356,0,baixo,3
3154101,Recreio,MG,Sudeste,72.18,73.4,1.22,83.08,0.6646,0.3354,0,baixo,3
3555604,Uchoa,SP,Sudeste,44.79,50.47,5.68,89.89,0.6648,0.3352,1,baixo,0
3104601,Astolfo Dutra,MG,Sudeste,74.88,75.66,0.78,93.28,0.665,0.335,1,baixo,3
2607653,Itambé,PE,Nordeste,48.56,53.71,5.15,90.94,0.665,0.335,0,baixo,0
2205524,Júlio Borges,PI,Nordeste,43.29,49.16,5.87,94.94,0.6654,0.3346,1,baixo,0
1500701,Anajás,PA,Norte,26.81,34.01,7.2,80.41,0.6659,0.3341,0,baixo,1
3136900,Juruaia,MG,Sudeste,78.5,78.72,0.22,93.17,0.6661,0.3339,1,baixo,3
2805406,Poço Redondo,SE,Nordeste,16.91,23.75,6.84,88.4,0.6662,0.3338,1,baixo,0
3201209,Cachoeiro de Itapemirim,ES,Sudeste,65.3,67.7,2.4,89.39,0.6662,0.3338,1,baixo,3
4211751,Otacílio Costa,SC,Sul,55.06,59.2,4.14,86.84,0.6664,0.3336,1,baixo,1
5107107,São José dos Quatro Marcos,MT,Centro-Oeste,90.1,80.0,-10.1,94.93,0.6665,0.3335,0,baixo,2
3516507,Gabriel Monteiro,SP,Sudeste,85.16,80.0,-5.16,93.1,0.6666,0.3334,1,baixo,2
3533205,Nova Independência,SP,Sudeste,49.79,54.76,4.97,92.31,0.6666,0.3334,1,baixo,0
2201929,Bonfim do Piauí,PI,Nordeste,50.63,55.47,4.84,98.75,0.667,0.333,0,baixo,0
5205000,Carmo do Rio Verde,GO,Centro-Oeste,78.85,79.02,0.17,86.42,0.667,0.333,1,baixo,3
3204401,Rio Novo do Sul,ES,Sudeste,78.04,78.33,0.29,90.27,0.6676,0.3324,0,baixo,3
2109304,Presidente Vargas,MA,Nordeste,44.27,50.02,5.75,94.4,0.6677,0.3323,0,baixo,0
3142908,Monte Azul,MG,Sudeste,80.0,80.0,0.0,100.0,0.6678,0.3322,0,baixo,3
4105102,Centenário do Sul,PR,Sul,54.26,58.53,4.27,84.38,0.6679,0.3321,1,baixo,1
5105580,Marcelândia,MT,Centro-Oeste,62.31,65.23,2.92,90.29,0.6679,0.3321,1,baixo,3
3200169,Água Doce do Norte,ES,Sudeste,77.35,77.74,0.39,89.94,0.668,0.332,1,baixo,3
2615102,Terezinha,PE,Nordeste,68.26,70.15,1.89,96.7,0.6683,0.3317,1,baixo,3
1712405,Lizarda,TO,Norte,42.61,48.57,5.96,96.55,0.6688,0.3312,0,baixo,0
3555505,Ubirajara,SP,Sudeste,48.79,53.91,5.12,95.89,0.6688,0.3312,1,baixo,0
2100501,Alto Parnaíba,MA,Nordeste,46.76,52.17,5.41,96.15,0.6691,0.3309,0,baixo,0
2616209,Vertentes,PE,Nordeste,55.05,59.19,4.14,90.72,0.6692,0.3308,0,baixo,0
5210208,Iporá,GO,Centro-Oeste,78.36,78.6,0.24,88.6,0.6695,0.3305,1,baixo,3
5200308,Alexânia,GO,Centro-Oeste,76.28,76.84,0.56,85.44,0.6698,0.3302,0,baixo,3
4203154,Calmon,SC,Sul,62.96,65.76,2.8,88.24,0.6701,0.3299,0,baixo,3
2209807,São Gonçalo do Piauí,PI,Nordeste,94.18,80.0,-14.18,94.34,0.6702,0.3298,0,baixo,2
5219704,Santa Terezinha de Goiás,GO,Centro-Oeste,84.75,80.0,-4.75,80.0,0.6703,0.3297,1,baixo,3
2605905,Gameleira,PE,Nordeste,58.54,62.1,3.56,93.37,0.6703,0.3297,1,baixo,3
1507474,São João de Pirabas,PA,Norte,29.84,36.94,7.1,81.7,0.6704,0.3296,1,baixo,1
2204105,Francisco Ayres,PI,Nordeste,47.28,52.61,5.33,98.39,0.6704,0.3296,0,baixo,0
3512605,Coronel Macedo,SP,Sudeste,46.28,51.76,5.48,89.13,0.6705,0.3295,0,baixo,0
1600105,Amapá,AP,Norte,31.2,38.23,7.03,93.62,0.6707,0.3293,0,baixo,0
5106299,Paranaíta,MT,Centro-Oeste,60.69,63.88,3.19,91.75,0.6708,0.3292,1,baixo,3
4100103,Abatiá,PR,Sul,56.08,60.05,3.97,87.91,0.6708,0.3292,0,baixo,3
5103452,Denise,MT,Centro-Oeste,58.18,61.8,3.62,93.06,0.6713,0.3287,1,baixo,3
5200829,Amaralina,GO,Centro-Oeste,84.23,80.0,-4.23,80.95,0.6715,0.3285,1,baixo,3
2700706,Batalha,AL,Nordeste,33.15,40.06,6.91,96.18,0.6715,0.3285,1,baixo,0
4120200,Porto Rico,PR,Sul,60.4,63.64,3.24,86.79,0.6715,0.3285,1,baixo,3
2203354,Dirceu Arcoverde,PI,Nordeste,33.24,40.14,6.9,90.82,0.6722,0.3278,0,baixo,0
3133709,Itatiaiuçu,MG,Sudeste,72.38,73.57,1.19,87.18,0.6727,0.3273,1,baixo,3
2501351,Assunção,PB,Nordeste,48.37,53.55,5.18,98.59,0.6727,0.3273,1,baixo,0
2112274,Tufilândia,MA,Nordeste,34.79,41.57,6.78,86.17,0.6728,0.3272,0,baixo,0
3528858,Marapoama,SP,Sudeste,94.74,80.0,-14.74,100.0,0.6729,0.3271,1,baixo,2
4116604,Nova América da Colina,PR,Sul,62.54,65.42,2.88,92.5,0.6731,0.3269,1,baixo,3
1714880,Nova Olinda,TO,Norte,25.45,32.67,7.22,84.02,0.6735,0.3265,1,baixo,0
5007695,São Gabriel do Oeste,MS,Centro-Oeste,52.32,56.9,4.58,91.14,0.6739,0.3261,1,baixo,0
3202504,Ibiraçu,ES,Sudeste,67.71,69.69,1.98,86.59,0.6741,0.3259,1,baixo,3
3123528,Durandé,MG,Sudeste,78.2,78.46,0.26,96.0,0.6744,0.3256,0,baixo,3
2616407,Vitória de Santo Antão,PE,Nordeste,46.09,51.59,5.5,92.35,0.6744,0.3256,0,baixo,0
2700607,Barra de São Miguel,AL,Nordeste,31.79,38.79,7.0,92.04,0.6745,0.3255,1,baixo,0
3154606,Ribeirão das Neves,MG,Sudeste,54.99,59.14,4.15,83.86,0.6745,0.3255,1,baixo,1
3160009,Santo Antônio do Aventureiro,MG,Sudeste,80.0,80.0,0.0,95.24,0.6746,0.3254,0,baixo,3
3145307,Novo Cruzeiro,MG,Sudeste,75.6,76.27,0.67,93.0,0.6747,0.3253,1,baixo,3
3532827,Nova Campina,SP,Sudeste,45.1,50.74,5.64,92.42,0.6747,0.3253,1,baixo,0
3109006,Brumadinho,MG,Sudeste,70.28,71.82,1.54,85.68,0.675,0.325,1,baixo,3
3132800,Itambé do Mato Dentro,MG,Sudeste,77.78,78.11,0.33,81.82,0.675,0.325,1,baixo,3
3163201,São José do Alegre,MG,Sudeste,77.36,77.75,0.39,89.8,0.6761,0.3239,1,baixo,3
5104559,Itaúba,MT,Centro-Oeste,57.99,61.64,3.65,87.25,0.6762,0.3238,1,baixo,3
5205513,Cocalzinho de Goiás,GO,Centro-Oeste,79.53,79.6,0.07,88.86,0.6762,0.3238,1,baixo,3
2604403,Chã de Alegria,PE,Nordeste,62.99,65.79,2.8,94.32,0.6762,0.3238,0,baixo,3
3170057,Ubaporanga,MG,Sudeste,68.47,70.32,1.85,89.91,0.6764,0.3236,1,baixo,3
2506400,Gurinhém,PB,Nordeste,35.1,41.85,6.75,89.92,0.6766,0.3234,0,baixo,0
3204955,São Roque do Canaã,ES,Sudeste,74.56,75.39,0.83,92.62,0.6769,0.3231,1,baixo,3
3510807,Casa Branca,SP,Sudeste,44.98,50.63,5.65,92.34,0.6773,0.3227,1,baixo,0
2201101,Avelino Lopes,PI,Nordeste,40.98,47.14,6.16,99.15,0.6774,0.3226,0,baixo,0
5003207,Corumbá,MS,Centro-Oeste,41.52,47.61,6.09,86.66,0.6774,0.3226,0,baixo,0
3200805,Baixo Guandu,ES,Sudeste,68.83,70.62,1.79,85.39,0.6776,0.3224,1,baixo,3
2516102,Soledade,PB,Nordeste,33.51,40.39,6.88,86.14,0.6777,0.3223,1,baixo,0
2708709,São Miguel dos Milagres,AL,Nordeste,34.51,41.31,6.8,97.48,0.6777,0.3223,1,baixo,0
3111408,Campo Florido,MG,Sudeste,75.96,76.57,0.61,87.34,0.6779,0.3221,0,baixo,3
2205250,Jardim do Mulato,PI,Nordeste,58.33,61.92,3.59,100.0,0.678,0.322,1,baixo,3
3104007,Araxá,MG,Sudeste,68.79,70.59,1.8,91.88,0.6781,0.3219,1,baixo,3
3112802,Capitólio,MG,Sudeste,83.44,80.0,-3.44,89.55,0.6781,0.3219,0,baixo,3
1720655,Silvanópolis,TO,Norte,34.74,41.52,6.78,90.36,0.6781,0.3219,0,baixo,0
2411700,São Bento do Trairí,RN,Nordeste,33.35,40.24,6.89,89.36,0.6782,0.3218,0,baixo,0
4103107,Bocaiúva do Sul,PR,Sul,49.13,54.2,5.07,89.41,0.6782,0.3218,1,baixo,0
4207700,Ipumirim,SC,Sul,53.96,58.28,4.32,79.41,0.6783,0.3217,1,baixo,1
4207684,Ipuaçu,SC,Sul,59.49,62.89,3.4,87.69,0.6785,0.3215,1,baixo,3
4213401,Ponte Serrada,SC,Sul,53.07,57.53,4.46,82.89,0.6786,0.3214,1,baixo,1
4126355,Serranópolis do Iguaçu,PR,Sul,100.0,80.0,-20.0,90.63,0.6787,0.3213,1,baixo,2
5107743,Santa Cruz do Xingu,MT,Centro-Oeste,53.52,57.91,4.39,77.61,0.6787,0.3213,1,baixo,1
5210000,Inhumas,GO,Centro-Oeste,81.28,80.0,-1.28,91.26,0.6789,0.3211,1,baixo,3
3506706,Boa Esperança do Sul,SP,Sudeste,42.1,48.12,6.02,90.23,0.6791,0.3209,1,baixo,0
2702405,Delmiro Gouveia,AL,Nordeste,31.11,38.15,7.04,95.0,0.6792,0.3208,0,baixo,0
2801603,Cedro de São João,SE,Nordeste,22.22,29.4,7.18,87.8,0.6793,0.3207,1,baixo,0
3165537,Sarzedo,MG,Sudeste,80.06,80.0,-0.06,89.94,0.6797,0.3203,1,baixo,3
3203353,Marilândia,ES,Sudeste,78.51,78.73,0.22,92.21,0.6798,0.3202,0,baixo,3
3523008,Itapura,SP,Sudeste,49.6,54.6,5.0,94.44,0.6798,0.3202,1,baixo,0
5003306,Coxim,MS,Centro-Oeste,39.69,45.99,6.3,86.9,0.6802,0.3198,0,baixo,0
2405108,Jandaíra,RN,Nordeste,30.43,37.5,7.07,93.9,0.6803,0.3197,0,baixo,0
3138674,Luisburgo,MG,Sudeste,81.62,80.0,-1.62,93.85,0.6804,0.3196,1,baixo,3
2700409,Atalaia,AL,Nordeste,32.36,39.32,6.96,96.5,0.6804,0.3196,1,baixo,0
3509106,Caiuá,SP,Sudeste,54.71,58.9,4.19,97.67,0.6809,0.3191,1,baixo,3
1721208,Tocantinópolis,TO,Norte,34.41,41.22,6.81,94.84,0.681,0.319,0,baixo,0
5104203,Guiratinga,MT,Centro-Oeste,86.43,80.0,-6.43,96.55,0.6812,0.3188,1,baixo,2
5106315,Novo Santo Antônio,MT,Centro-Oeste,71.23,72.61,1.38,97.44,0.6812,0.3188,0,baixo,3
4205209,Erval Velho,SC,Sul,56.49,60.39,3.9,90.2,0.6813,0.3187,0,baixo,0
2205573,Lagoa de São Francisco,PI,Nordeste,41.38,47.49,6.11,96.3,0.6815,0.3185,1,baixo,0
4202578,Bom Jesus do Oeste,SC,Sul,73.31,74.35,1.04,96.88,0.6815,0.3185,1,baixo,3
3111200,Campo Belo,MG,Sudeste,69.49,71.17,1.68,94.58,0.6818,0.3182,1,baixo,3
3170578,Vargem Alegre,MG,Sudeste,82.74,80.0,-2.74,88.57,0.6818,0.3182,1,baixo,3
2508505,Livramento,PB,Nordeste,43.81,49.62,5.81,93.75,0.6821,0.3179,1,baixo,0
3522653,Itapirapuã Paulista,SP,Sudeste,45.73,51.28,5.55,93.65,0.6821,0.3179,0,baixo,0
2703106,Igaci,AL,Nordeste,29.74,36.85,7.11,91.96,0.6821,0.3179,0,baixo,0
5002308,Brasilândia,MS,Centro-Oeste,51.72,56.39,4.67,90.1,0.6821,0.3179,1,baixo,0
5218805,Rio Verde,GO,Centro-Oeste,86.06,80.0,-6.06,89.27,0.6822,0.3178,1,baixo,2
3508207,Buritizal,SP,Sudeste,96.13,80.0,-16.13,91.67,0.6823,0.3177,0,baixo,2
3170206,Uberlândia,MG,Sudeste,50.92,55.71,4.79,84.46,0.6827,0.3173,1,baixo,1
3551900,Severínia,SP,Sudeste,42.14,48.16,6.02,94.64,0.6828,0.3172,1,baixo,0
5202601,Aurilândia,GO,Centro-Oeste,75.98,76.59,0.61,89.19,0.6831,0.3169,1,baixo,3
4217154,São Miguel da Boa Vista,SC,Sul,87.5,80.0,-7.5,100.0,0.6831,0.3169,1,baixo,2
2615409,Toritama,PE,Nordeste,50.21,55.11,4.9,92.66,0.6837,0.3163,1,baixo,0
3525409,Jeriquara,SP,Sudeste,45.2,50.82,5.62,88.71,0.6838,0.3162,0,baixo,0
3541653,Quadra,SP,Sudeste,50.65,55.49,4.84,93.33,0.6841,0.3159,1,baixo,0
2203859,Floresta do Piauí,PI,Nordeste,100.0,80.0,-20.0,100.0,0.6842,0.3158,0,baixo,2
3535309,Palmital,SP,Sudeste,46.45,51.9,5.45,94.03,0.6842,0.3158,1,baixo,0
5106265,Novo Mundo,MT,Centro-Oeste,53.62,57.99,4.37,86.67,0.6843,0.3157,1,baixo,1
3163805,São Miguel do Anta,MG,Sudeste,74.87,75.65,0.78,90.57,0.6844,0.3156,1,baixo,3
2402907,Coronel João Pessoa,RN,Nordeste,23.86,31.08,7.22,92.68,0.6845,0.3155,1,baixo,0
2105500,João Lisboa,MA,Nordeste,35.04,41.8,6.76,89.44,0.6846,0.3154,1,baixo,0
2705002,Mata Grande,AL,Nordeste,40.11,46.37,6.26,97.12,0.685,0.315,0,baixo,0
5214408,Nazário,GO,Centro-Oeste,79.0,79.15,0.15,93.97,0.6851,0.3149,1,baixo,3
2700508,Barra de Santo Antônio,AL,Nordeste,30.57,37.63,7.06,92.2,0.6856,0.3144,0,baixo,0
3501400,Álvaro de Carvalho,SP,Sudeste,54.76,58.95,4.19,100.0,0.6858,0.3142,0,baixo,3
4202156,Belmonte,SC,Sul,72.9,74.01,1.11,94.12,0.6859,0.3141,1,baixo,3
2103174,Centro Novo do Maranhão,MA,Nordeste,40.03,46.3,6.27,92.67,0.6861,0.3139,0,baixo,0
2102374,Cachoeira Grande,MA,Nordeste,41.14,47.28,6.14,87.88,0.6864,0.3136,1,baixo,0
4201901,Aurora,SC,Sul,62.58,65.45,2.87,81.82,0.6867,0.3133,1,baixo,1
3162203,São João Batista do Glória,MG,Sudeste,82.43,80.0,-2.43,90.48,0.6868,0.3132,1,baixo,3
3204658,São Domingos do Norte,ES,Sudeste,88.07,80.0,-8.07,86.07,0.687,0.313,1,baixo,2
5101308,Arenápolis,MT,Centro-Oeste,62.33,65.24,2.91,96.23,0.6873,0.3127,0,baixo,3
1101203,Ministro Andreazza,RO,Norte,72.5,73.67,1.17,95.7,0.6874,0.3126,0,baixo,3
2600401,Água Preta,PE,Nordeste,61.14,64.26,3.12,94.31,0.6875,0.3125,0,baixo,3
5205109,Catalão,GO,Centro-Oeste,64.88,67.35,2.47,81.35,0.688,0.312,1,baixo,1
3113206,Carandaí,MG,Sudeste,71.8,73.09,1.29,86.17,0.6881,0.3119,1,baixo,3
3530201,Mirante do Paranapanema,SP,Sudeste,98.04,80.0,-18.04,94.55,0.6884,0.3116,1,baixo,2
5103601,Dom Aquino,MT,Centro-Oeste,88.28,80.0,-8.28,97.92,0.6887,0.3113,0,baixo,2
3205101,Viana,ES,Sudeste,70.14,71.71,1.57,89.71,0.6888,0.3112,0,baixo,3
2208403,Piripiri,PI,Nordeste,33.16,40.06,6.9,97.99,0.689,0.311,1,baixo,0
3203502,Montanha,ES,Sudeste,63.05,65.84,2.79,79.34,0.6891,0.3109,1,baixo,1
3140902,Matipó,MG,Sudeste,85.52,80.0,-5.52,88.35,0.6891,0.3109,0,baixo,2
5211305,Itarumã,GO,Centro-Oeste,76.72,77.21,0.49,84.27,0.6899,0.3101,1,baixo,3
1701101,Aparecida do Rio Negro,TO,Norte,30.07,37.16,7.09,89.02,0.6901,0.3099,0,baixo,0
3204609,Santa Teresa,ES,Sudeste,84.05,80.0,-4.05,87.24,0.6904,0.3096,1,baixo,3
2211704,Wall Ferraz,PI,Nordeste,37.6,44.12,6.52,93.94,0.6906,0.3094,1,baixo,0
2513307,Santa Helena,PB,Nordeste,52.83,57.33,4.5,100.0,0.6906,0.3094,1,baixo,3
3111705,Canaã,MG,Sudeste,75.97,76.58,0.61,91.3,0.6909,0.3091,1,baixo,3
3521101,Ipeúna,SP,Sudeste,44.03,49.81,5.78,94.94,0.691,0.309,1,baixo,0
3200409,Anchieta,ES,Sudeste,81.82,80.0,-1.82,91.98,0.6912,0.3088,1,baixo,3
3204005,Pancas,ES,Sudeste,83.04,80.0,-3.04,94.77,0.6914,0.3086,1,baixo,3
2705200,Messias,AL,Nordeste,30.81,37.86,7.05,94.24,0.6916,0.3084,1,baixo,0
3548302,Santo Expedito,SP,Sudeste,91.44,80.0,-11.44,81.08,0.6917,0.3083,1,baixo,2
3131208,Ipanema,MG,Sudeste,78.85,79.02,0.17,96.64,0.6918,0.3082,0,baixo,3
3522901,Itapuí,SP,Sudeste,35.02,41.78,6.76,86.71,0.692,0.308,1,baixo,0
3137601,Lagoa Santa,MG,Sudeste,61.7,64.72,3.02,86.03,0.6924,0.3076,1,baixo,3
5002100,Bela Vista,MS,Centro-Oeste,43.77,49.58,5.81,85.25,0.6925,0.3075,0,baixo,1
2209104,Santa Cruz do Piauí,PI,Nordeste,95.61,80.0,-15.61,97.87,0.6926,0.3074,1,baixo,2
3114501,Carmópolis de Minas,MG,Sudeste,76.93,77.39,0.46,96.05,0.6926,0.3074,1,baixo,3
5102603,Campinápolis,MT,Centro-Oeste,38.79,45.19,6.4,80.83,0.6927,0.3073,0,baixo,1
5200159,Adelândia,GO,Centro-Oeste,80.95,80.0,-0.95,77.78,0.693,0.307,1,baixo,1
5103007,Chapada dos Guimarães,MT,Centro-Oeste,47.7,52.97,5.27,84.82,0.6932,0.3068,1,baixo,1
2605301,Exu,PE,Nordeste,56.65,60.53,3.88,94.99,0.6932,0.3068,0,baixo,3
3126109,Formiga,MG,Sudeste,66.93,69.05,2.12,92.34,0.6934,0.3066,1,baixo,3
3148400,Paulistas,MG,Sudeste,70.37,71.9,1.53,87.3,0.6936,0.3064,1,baixo,3
2705101,Matriz de Camaragibe,AL,Nordeste,35.25,41.99,6.74,96.74,0.6938,0.3062,1,baixo,0
3156700,Sabará,MG,Sudeste,57.15,60.94,3.79,86.06,0.6938,0.3062,1,baixo,1
2208858,Riacho Frio,PI,Nordeste,98.41,80.0,-18.41,100.0,0.6939,0.3061,1,baixo,2
3520806,Inúbia Paulista,SP,Sudeste,89.16,80.0,-9.16,96.55,0.694,0.306,1,baixo,2
3161700,São Gonçalo do Abaeté,MG,Sudeste,86.36,80.0,-6.36,90.0,0.694,0.306,1,baixo,2
3511904,Clementina,SP,Sudeste,51.06,55.83,4.77,95.96,0.6942,0.3058,0,baixo,0
5101704,Barra do Bugres,MT,Centro-Oeste,50.91,55.71,4.8,87.9,0.6945,0.3055,1,baixo,0
3515202,Estrela d'Oeste,SP,Sudeste,53.96,58.28,4.32,97.96,0.6945,0.3055,1,baixo,3
3201308,Cariacica,ES,Sudeste,57.15,60.94,3.79,86.66,0.6945,0.3055,1,baixo,1
3156908,Sacramento,MG,Sudeste,64.01,66.63,2.62,83.53,0.6952,0.3048,1,baixo,1
1505494,Palestina do Pará,PA,Norte,33.8,40.66,6.86,91.18,0.6956,0.3044,1,baixo,0
4216255,São João do Oeste,SC,Sul,96.02,80.0,-16.02,97.33,0.6957,0.3043,1,baixo,2
3141306,Medeiros,MG,Sudeste,82.24,80.0,-2.24,92.31,0.6958,0.3042,0,baixo,3
3159506,Santa Rita do Itueto,MG,Sudeste,83.38,80.0,-3.38,90.63,0.696,0.304,1,baixo,3
5218300,Posse,GO,Centro-Oeste,76.16,76.74,0.58,91.76,0.6961,0.3039,1,baixo,3
1711902,Lagoa da Confusão,TO,Norte,26.02,33.23,7.21,84.09,0.6962,0.3038,1,baixo,0
2805703,Propriá,SE,Nordeste,19.64,26.71,7.07,88.19,0.6963,0.3037,1,baixo,0
2312601,São Luís do Curu,CE,Nordeste,81.66,80.0,-1.66,87.12,0.6967,0.3033,0,baixo,3
3147006,Paracatu,MG,Sudeste,65.69,68.02,2.33,91.71,0.6968,0.3032,0,baixo,3
2709004,Tanque d'Arca,AL,Nordeste,42.05,48.08,6.03,98.53,0.6973,0.3027,1,baixo,0
1101757,Vale do Anari,RO,Norte,36.95,43.54,6.59,80.88,0.6973,0.3027,1,baixo,1
2612554,Santa Filomena,PE,Nordeste,58.92,62.41,3.49,96.77,0.6975,0.3025,0,baixo,3
3201902,Domingos Martins,ES,Sudeste,80.64,80.0,-0.64,95.14,0.6977,0.3023,1,baixo,3
3153301,Presidente Kubitschek,MG,Sudeste,75.75,76.39,0.64,97.22,0.6978,0.3022,1,baixo,3
5201405,Aparecida de Goiânia,GO,Centro-Oeste,60.67,63.87,3.2,83.97,0.6978,0.3022,1,baixo,1
3146404,Paineiras,MG,Sudeste,78.95,79.1,0.15,94.74,0.6979,0.3021,1,baixo,3
3102902,Antônio Carlos,MG,Sudeste,78.03,78.32,0.29,96.08,0.6979,0.3021,0,baixo,3
5103502,Diamantino,MT,Centro-Oeste,52.11,56.72,4.61,88.26,0.698,0.302,1,baixo,0
3106705,Betim,MG,Sudeste,53.93,58.25,4.32,87.43,0.6982,0.3018,1,baixo,1
3109204,Buenópolis,MG,Sudeste,82.01,80.0,-2.01,95.1,0.6983,0.3017,0,baixo,3
1710904,Itapiratins,TO,Norte,35.09,41.84,6.75,96.08,0.6984,0.3016,1,baixo,0
2506905,Itabaiana,PB,Nordeste,25.33,32.55,7.22,81.29,0.6984,0.3016,1,baixo,1
2205532,Jurema,PI,Nordeste,96.41,80.0,-16.41,98.25,0.6986,0.3014,1,baixo,2
3148905,Pedra do Indaiá,MG,Sudeste,81.43,80.0,-1.43,87.5,0.699,0.301,1,baixo,3
2405504,Jardim de Angicos,RN,Nordeste,16.62,23.43,6.81,71.43,0.699,0.301,1,baixo,1
2513653,Joca Claudino,PB,Nordeste,39.7,46.0,6.3,93.1,0.6994,0.3006,1,baixo,0
2611002,Petrolândia,PE,Nordeste,51.87,56.52,4.65,92.83,0.6996,0.3004,1,baixo,0
3166006,Senhora de Oliveira,MG,Sudeste,79.29,79.39,0.1,95.08,0.6996,0.3004,1,baixo,3
1720200,São Miguel do Tocantins,TO,Norte,26.98,34.18,7.2,86.62,0.6997,0.3003,1,baixo,0
1714203,Natividade,TO,Norte,28.21,35.38,7.17,86.71,0.7,0.3,1,baixo,0
3118908,Cordisburgo,MG,Sudeste,69.28,70.99,1.71,87.27,0.7,0.3,1,baixo,3
2112704,Vargem Grande,MA,Nordeste,98.85,80.0,-18.85,94.43,0.7002,0.2998,1,baixo,2
5208301,Divinópolis de Goiás,GO,Centro-Oeste,79.91,79.92,0.01,86.57,0.7003,0.2997,1,baixo,3
1716653,Pequizeiro,TO,Norte,35.23,41.97,6.74,89.09,0.7003,0.2997,1,baixo,0
3132305,Itaipé,MG,Sudeste,57.48,61.22,3.74,80.28,0.7008,0.2992,0,baixo,1
2504207,Catingueira,PB,Nordeste,32.79,39.72,6.93,89.47,0.7012,0.2988,1,baixo,0
3162906,São João Nepomuceno,MG,Sudeste,68.55,70.39,1.84,87.3,0.7013,0.2987,0,baixo,3
5210406,Itaberaí,GO,Centro-Oeste,78.96,79.11,0.15,90.09,0.7013,0.2987,1,baixo,3
2806503,Santa Rosa de Lima,SE,Nordeste,25.0,32.22,7.22,93.02,0.7014,0.2986,0,baixo,0
3534005,Onda Verde,SP,Sudeste,47.09,52.45,5.36,94.03,0.7015,0.2985,1,baixo,0
5217104,Piracanjuba,GO,Centro-Oeste,67.96,69.9,1.94,79.21,0.7016,0.2984,1,baixo,1
2502904,Brejo dos Santos,PB,Nordeste,45.49,51.07,5.58,93.55,0.7016,0.2984,1,baixo,0
3169059,Tocos do Moji,MG,Sudeste,78.4,78.63,0.23,94.87,0.7018,0.2982,1,baixo,3
3150901,Piranguçu,MG,Sudeste,66.27,68.5,2.23,85.71,0.7021,0.2979,1,baixo,3
3201704,Conceição do Castelo,ES,Sudeste,77.46,77.84,0.38,95.73,0.7023,0.2977,1,baixo,3
5103858,Gaúcha do Norte,MT,Centro-Oeste,45.03,50.68,5.65,83.2,0.7024,0.2976,1,baixo,1
2207793,Pau D'Arco do Piauí,PI,Nordeste,100.0,80.0,-20.0,96.67,0.7024,0.2976,0,baixo,2
3157203,Santa Bárbara,MG,Sudeste,69.91,71.52,1.61,91.71,0.7024,0.2976,0,baixo,3
2412906,São Tomé,RN,Nordeste,20.09,27.18,7.09,84.29,0.7025,0.2975,1,baixo,0
3124203,Espera Feliz,MG,Sudeste,71.63,72.95,1.32,91.27,0.7028,0.2972,0,baixo,3
5108600,Vila Rica,MT,Centro-Oeste,47.89,53.14,5.25,90.6,0.7029,0.2971,1,baixo,0
2400406,Água Nova,RN,Nordeste,33.29,40.19,6.9,95.12,0.703,0.297,0,baixo,0
3169901,Ubá,MG,Sudeste,64.51,67.05,2.54,91.33,0.703,0.297,1,baixo,3
1507003,Santo Antônio do Tauá,PA,Norte,25.72,32.94,7.22,80.85,0.7031,0.2969,0,baixo,1
3202454,Ibatiba,ES,Sudeste,80.52,80.0,-0.52,92.2,0.7032,0.2968,1,baixo,3
2603504,Camocim de São Félix,PE,Nordeste,55.71,59.74,4.03,96.45,0.7032,0.2968,1,baixo,3
3161908,São Gonçalo do Rio Abaixo,MG,Sudeste,80.53,80.0,-0.53,92.5,0.7034,0.2966,1,baixo,3
2109205,Presidente Juscelino,MA,Nordeste,36.89,43.48,6.59,87.69,0.7037,0.2963,1,baixo,0
1600402,Mazagão,AP,Norte,29.38,36.5,7.12,92.63,0.7037,0.2963,1,baixo,0
2604502,Chã Grande,PE,Nordeste,55.33,59.42,4.09,94.31,0.7037,0.2963,0,baixo,3
2208205,Pio IX,PI,Nordeste,35.27,42.01,6.74,97.12,0.7037,0.2963,1,baixo,0
4115507,Marumbi,PR,Sul,57.66,61.37,3.71,88.89,0.704,0.296,1,baixo,3
3170438,União de Minas,MG,Sudeste,72.25,73.46,1.21,81.48,0.7043,0.2957,0,baixo,3
2516300,Sumé,PB,Nordeste,33.2,40.1,6.9,89.33,0.7044,0.2956,1,baixo,0
5105200,Juscimeira,MT,Centro-Oeste,48.65,53.79,5.14,84.75,0.7046,0.2954,1,baixo,1
5213004,Maurilândia,GO,Centro-Oeste,78.46,78.69,0.23,92.17,0.7047,0.2953,1,baixo,3
3151800,Poços de Caldas,MG,Sudeste,58.1,61.73,3.63,87.46,0.7047,0.2953,1,baixo,3
3149309,Pedro Leopoldo,MG,Sudeste,59.02,62.5,3.48,88.42,0.7048,0.2952,1,baixo,3
2105203,Igarapé Grande,MA,Nordeste,97.77,80.0,-17.77,95.16,0.7051,0.2949,1,baixo,2
3135357,Japonvar,MG,Sudeste,74.95,75.72,0.77,74.03,0.7053,0.2947,0,baixo,1
5210901,Itapaci,GO,Centro-Oeste,78.84,79.01,0.17,90.36,0.7054,0.2946,1,baixo,3
2705804,Olho d'Água do Casado,AL,Nordeste,34.23,41.05,6.82,95.49,0.7055,0.2945,0,baixo,0
5107941,Tabaporã,MT,Centro-Oeste,51.43,56.15,4.72,83.49,0.7058,0.2942,1,baixo,1
3139201,Malacacheta,MG,Sudeste,77.21,77.62,0.41,96.23,0.706,0.294,0,baixo,3
2602209,Bom Jardim,PE,Nordeste,60.94,64.09,3.15,95.97,0.7062,0.2938,1,baixo,3
3123858,Entre Folhas,MG,Sudeste,78.64,78.84,0.2,95.12,0.7064,0.2936,0,baixo,3
3536604,Paulo de Faria,SP,Sudeste,50.36,55.24,4.88,94.44,0.7065,0.2935,1,baixo,0
3506805,Bocaina,SP,Sudeste,32.75,39.68,6.93,85.98,0.7065,0.2935,1,baixo,0
2707909,Santa Luzia do Norte,AL,Nordeste,31.87,38.86,6.99,91.87,0.7067,0.2933,0,baixo,0
3115805,Centralina,MG,Sudeste,78.29,78.54,0.25,95.51,0.7069,0.2931,1,baixo,3
2603108,Cachoeirinha,PE,Nordeste,56.69,60.56,3.87,95.15,0.7071,0.2929,1,baixo,3
2410702,Riacho da Cruz,RN,Nordeste,25.0,32.22,7.22,86.96,0.7071,0.2929,1,baixo,0
2616001,Venturosa,PE,Nordeste,53.25,57.68,4.43,91.61,0.7073,0.2927,1,baixo,0
3105004,Baldim,MG,Sudeste,74.25,75.13,0.88,90.91,0.7073,0.2927,1,baixo,3
4212270,Passos Maia,SC,Sul,49.26,54.31,5.05,73.53,0.7074,0.2926,1,baixo,1
5214606,Niquelândia,GO,Centro-Oeste,72.84,73.95,1.11,87.57,0.7074,0.2926,1,baixo,3
1100908,Castanheiras,RO,Norte,70.14,71.71,1.57,96.67,0.7075,0.2925,0,baixo,3
3130606,Inconfidentes,MG,Sudeste,81.42,80.0,-1.42,100.0,0.7075,0.2925,1,baixo,3
3104700,Ataléia,MG,Sudeste,67.11,69.2,2.09,90.83,0.7082,0.2918,0,baixo,3
3143807,Munhoz,MG,Sudeste,77.93,78.23,0.3,89.58,0.7083,0.2917,1,baixo,3
3154507,Riacho dos Machados,MG,Sudeste,67.54,69.55,2.01,86.96,0.7085,0.2915,1,baixo,3
2703403,Jacaré dos Homens,AL,Nordeste,38.18,44.64,6.46,93.98,0.7086,0.2914,1,baixo,0
2606408,Gravatá,PE,Nordeste,42.26,48.26,6.0,92.53,0.709,0.291,0,baixo,0
5211206,Itapuranga,GO,Centro-Oeste,81.61,80.0,-1.61,88.6,0.709,0.291,1,baixo,3
3515129,Emilianópolis,SP,Sudeste,47.92,53.16,5.24,96.88,0.709,0.291,1,baixo,0
2611309,Pombos,PE,Nordeste,46.95,52.33,5.38,89.02,0.709,0.291,0,baixo,0
4208807,Jaguaruna,SC,Sul,42.4,48.39,5.99,74.39,0.709,0.291,1,baixo,1
3132404,Itajubá,MG,Sudeste,59.76,63.11,3.35,89.87,0.7092,0.2908,1,baixo,3
3162609,São João do Oriente,MG,Sudeste,83.42,80.0,-3.42,91.95,0.7093,0.2907,0,baixo,3
5103205,Colíder,MT,Centro-Oeste,49.25,54.3,5.05,90.02,0.7094,0.2906,1,baixo,0
2703908,Jundiá,AL,Nordeste,34.6,41.39,6.79,97.92,0.7099,0.2901,1,baixo,0
5007505,Rochedo,MS,Centro-Oeste,38.71,45.12,6.41,82.3,0.7099,0.2901,1,baixo,1
3504701,Balbinos,SP,Sudeste,100.0,80.0,-20.0,100.0,0.7099,0.2901,1,baixo,2
3502002,Analândia,SP,Sudeste,44.62,50.32,5.7,88.33,0.7099,0.2901,1,baixo,0
1702901,Axixá do Tocantins,TO,Norte,30.34,37.42,7.08,91.25,0.7099,0.2901,1,baixo,0
3109501,Cabo Verde,MG,Sudeste,71.99,73.25,1.26,93.97,0.71,0.29,1,baixo,3
3125507,São Gonçalo do Rio Preto,MG,Sudeste,80.13,80.0,-0.13,92.11,0.71,0.29,1,baixo,3
3128600,Guarda-Mor,MG,Sudeste,79.05,79.19,0.14,97.4,0.7102,0.2898,0,baixo,3
3204708,São Gabriel da Palha,ES,Sudeste,72.46,73.64,1.18,91.15,0.7103,0.2897,1,baixo,3
2311355,Quixelô,CE,Nordeste,79.3,79.4,0.1,93.47,0.7103,0.2897,1,baixo,3
1300680,Boa Vista do Ramos,AM,Norte,26.16,33.37,7.21,87.59,0.7104,0.2896,0,baixo,0
2111052,São João do Paraíso,MA,Nordeste,33.48,40.36,6.88,85.51,0.7105,0.2895,1,baixo,0
5106851,Porto Estrela,MT,Centro-Oeste,89.12,80.0,-9.12,95.74,0.7106,0.2894,0,baixo,2
3204500,Santa Leopoldina,ES,Sudeste,83.8,80.0,-3.8,91.8,0.7106,0.2894,0,baixo,3
3138104,Lassance,MG,Sudeste,80.16,80.0,-0.16,94.03,0.7111,0.2889,0,baixo,3
2613800,São Vicente Férrer,PE,Nordeste,48.62,53.76,5.14,94.71,0.7111,0.2889,0,baixo,0
3161502,São Geraldo,MG,Sudeste,81.24,80.0,-1.24,100.0,0.7111,0.2889,1,baixo,3
2307700,Maranguape,CE,Nordeste,79.76,79.79,0.03,95.16,0.7111,0.2889,1,baixo,3
3127370,Goiabeira,MG,Sudeste,67.76,69.73,1.97,86.96,0.7115,0.2885,1,baixo,3
2310605,Penaforte,CE,Nordeste,77.7,78.04,0.34,90.63,0.7117,0.2883,0,baixo,3
3202702,Itaguaçu,ES,Sudeste,73.95,74.88,0.93,90.43,0.712,0.288,1,baixo,3
3205150,Vila Pavão,ES,Sudeste,74.58,75.41,0.83,90.48,0.7121,0.2879,0,baixo,3
3205176,Vila Valério,ES,Sudeste,83.46,80.0,-3.46,88.96,0.7122,0.2878,0,baixo,3
3125952,Fervedouro,MG,Sudeste,66.12,68.38,2.26,87.18,0.7123,0.2877,1,baixo,3
5101902,Brasnorte,MT,Centro-Oeste,51.92,56.56,4.64,86.75,0.7124,0.2876,1,baixo,1
3165008,São Tiago,MG,Sudeste,90.52,80.0,-10.52,88.89,0.7127,0.2873,1,baixo,2
3120409,Cristiano Otoni,MG,Sudeste,72.12,73.35,1.23,91.11,0.7128,0.2872,1,baixo,3
3503158,Arapeí,SP,Sudeste,48.04,53.27,5.23,94.12,0.7132,0.2868,0,baixo,0
3133758,Itaú de Minas,MG,Sudeste,74.33,75.2,0.87,97.66,0.7132,0.2868,1,baixo,3
5106208,Nova Brasilândia,MT,Centro-Oeste,55.65,59.69,4.04,89.06,0.7132,0.2868,1,baixo,0
3124500,Estiva,MG,Sudeste,72.45,73.63,1.18,97.56,0.7137,0.2863,1,baixo,3
5004106,Guia Lopes da Laguna,MS,Centro-Oeste,46.91,52.3,5.39,87.85,0.7137,0.2863,1,baixo,0
3113909,Carmo da Cachoeira,MG,Sudeste,74.34,75.21,0.87,94.93,0.7139,0.2861,1,baixo,3
2409803,Pedro Velho,RN,Nordeste,16.96,23.8,6.84,73.47,0.7144,0.2856,0,baixo,1
2513943,São Domingos do Cariri,PB,Nordeste,95.45,80.0,-15.45,95.65,0.7145,0.2855,1,baixo,2
3137205,Lagoa da Prata,MG,Sudeste,72.57,73.73,1.16,96.62,0.7145,0.2855,1,baixo,3
3127800,Grão Mogol,MG,Sudeste,71.57,72.9,1.33,89.52,0.7146,0.2854,1,baixo,3
3201407,Castelo,ES,Sudeste,72.21,73.43,1.22,89.33,0.7146,0.2854,1,baixo,3
4216354,São João do Itaperiú,SC,Sul,55.09,59.22,4.13,78.95,0.7147,0.2853,1,baixo,1
3530904,Mombuca,SP,Sudeste,55.83,59.84,4.01,92.31,0.7149,0.2851,1,baixo,3
3108552,Brasilândia de Minas,MG,Sudeste,76.74,77.23,0.49,96.69,0.7151,0.2849,0,baixo,3
3152501,Pouso Alegre,MG,Sudeste,58.91,62.41,3.5,90.95,0.7153,0.2847,1,baixo,3
3139508,Manhumirim,MG,Sudeste,68.6,70.43,1.83,90.91,0.7153,0.2847,0,baixo,3
3201159,Brejetuba,ES,Sudeste,67.35,69.4,2.05,90.98,0.7153,0.2847,1,baixo,3
2701308,Cajueiro,AL,Nordeste,26.75,33.95,7.2,87.5,0.716,0.284,0,baixo,0
3127701,Governador Valadares,MG,Sudeste,52.06,56.68,4.62,83.4,0.7162,0.2838,1,baixo,1
3121407,Desterro de Entre Rios,MG,Sudeste,80.91,80.0,-0.91,90.63,0.7162,0.2838,0,baixo,3
2702603,Feira Grande,AL,Nordeste,35.2,41.94,6.74,98.54,0.7164,0.2836,1,baixo,0
2202539,Caraúbas do Piauí,PI,Nordeste,38.51,44.94,6.43,96.43,0.7167,0.2833,1,baixo,0
3125200,Fama,MG,Sudeste,71.98,73.24,1.26,78.57,0.7168,0.2832,1,baixo,1
3547007,Santa Maria da Serra,SP,Sudeste,50.35,55.23,4.88,92.21,0.7175,0.2825,1,baixo,0
2104206,Fortuna,MA,Nordeste,40.4,46.62,6.22,95.87,0.7177,0.2823,1,baixo,0
3118304,Conselheiro Lafaiete,MG,Sudeste,64.98,67.43,2.45,91.17,0.7177,0.2823,1,baixo,3
3155603,Rio Pardo de Minas,MG,Sudeste,73.36,74.39,1.03,93.28,0.7179,0.2821,1,baixo,3
3162559,São João do Manhuaçu,MG,Sudeste,76.73,77.22,0.49,94.94,0.7179,0.2821,0,baixo,3
3133501,Itapecerica,MG,Sudeste,72.37,73.56,1.19,90.48,0.718,0.282,1,baixo,3
4215695,Santiago do Sul,SC,Sul,73.68,74.66,0.98,100.0,0.7182,0.2818,1,baixo,3
2602704,Buenos Aires,PE,Nordeste,62.99,65.79,2.8,98.2,0.7183,0.2817,1,baixo,3
2202117,Campo Alegre do Fidalgo,PI,Nordeste,38.53,44.96,6.43,94.12,0.7184,0.2816,1,baixo,0
3101508,Além Paraíba,MG,Sudeste,68.94,70.71,1.77,90.27,0.7184,0.2816,0,baixo,3
2404002,Frutuoso Gomes,RN,Nordeste,20.0,27.09,7.09,86.96,0.7185,0.2815,1,baixo,0
2701209,Cacimbinhas,AL,Nordeste,30.55,37.62,7.07,95.0,0.7185,0.2815,1,baixo,0
5108006,Tapurah,MT,Centro-Oeste,55.92,59.92,4.0,92.38,0.7187,0.2813,1,baixo,3
3155801,Rio Pomba,MG,Sudeste,65.31,67.71,2.4,87.01,0.7188,0.2812,1,baixo,3
2106102,Loreto,MA,Nordeste,38.8,45.2,6.4,95.65,0.7189,0.2811,1,baixo,0
3112208,Capela Nova,MG,Sudeste,83.06,80.0,-3.06,91.89,0.719,0.281,0,baixo,3
2513802,Santa Teresinha,PB,Nordeste,40.43,46.65,6.22,84.21,0.7191,0.2809,0,baixo,1
3202900,Itarana,ES,Sudeste,78.04,78.33,0.29,96.2,0.7192,0.2808,1,baixo,3
2709202,Traipu,AL,Nordeste,31.62,38.63,7.01,92.61,0.7192,0.2808,1,baixo,0
4123105,Santa Amélia,PR,Sul,100.0,80.0,-20.0,97.3,0.7193,0.2807,1,baixo,2
5211503,Itumbiara,GO,Centro-Oeste,69.78,71.41,1.63,90.75,0.7193,0.2807,1,baixo,3
2604205,Catende,PE,Nordeste,44.6,50.3,5.7,84.19,0.7196,0.2804,0,baixo,1
2610400,Parnamirim,PE,Nordeste,48.66,53.79,5.13,95.96,0.7196,0.2804,1,baixo,0
4118857,Perobal,PR,Sul,57.6,61.32,3.72,93.88,0.7197,0.2803,1,baixo,3
4113759,Lunardelli,PR,Sul,57.46,61.2,3.74,95.0,0.7198,0.2802,1,baixo,3
2707107,Piranhas,AL,Nordeste,24.74,31.96,7.22,85.29,0.72,0.28,0,baixo,0
2514503,São José de Piranhas,PB,Nordeste,34.1,40.93,6.83,92.7,0.72,0.28,1,baixo,0
5218789,Rio Quente,GO,Centro-Oeste,79.26,79.37,0.11,92.0,0.7203,0.2797,1,baixo,3
3164001,São Pedro dos Ferros,MG,Sudeste,81.45,80.0,-1.45,91.84,0.7203,0.2797,0,baixo,3
1703883,Carmolândia,TO,Norte,25.12,32.34,7.22,79.49,0.7206,0.2794,0,baixo,1
1715259,Novo Jardim,TO,Norte,22.32,29.51,7.19,78.95,0.7207,0.2793,1,baixo,1
3542503,Reginópolis,SP,Sudeste,96.74,80.0,-16.74,90.28,0.7212,0.2788,1,baixo,2
5105622,Mirassol d'Oeste,MT,Centro-Oeste,51.68,56.36,4.68,91.26,0.7213,0.2787,1,baixo,0
2302206,Beberibe,CE,Nordeste,78.11,78.39,0.28,95.13,0.7215,0.2785,1,baixo,3
2100477,Alto Alegre do Pindaré,MA,Nordeste,36.04,42.71,6.67,93.83,0.7215,0.2785,1,baixo,0
5203203,Barro Alto,GO,Centro-Oeste,80.55,80.0,-0.55,91.11,0.7216,0.2784,0,baixo,3
3130408,Ijaci,MG,Sudeste,72.8,73.92,1.12,94.67,0.7216,0.2784,1,baixo,3
3142304,Moeda,MG,Sudeste,77.89,78.2,0.31,94.12,0.7216,0.2784,1,baixo,3
2603702,Canhotinho,PE,Nordeste,48.26,53.45,5.19,94.93,0.7217,0.2783,1,baixo,0
3551405,Serra Azul,SP,Sudeste,23.94,31.16,7.22,78.52,0.7217,0.2783,1,baixo,1
2600203,Afrânio,PE,Nordeste,54.58,58.8,4.22,97.2,0.7217,0.2783,1,baixo,3
2504702,Congo,PB,Nordeste,49.32,54.36,5.04,100.0,0.7218,0.2782,0,baixo,0
5215306,Orizona,GO,Centro-Oeste,86.48,80.0,-6.48,88.73,0.7219,0.2781,0,baixo,3
3116308,Cipotânea,MG,Sudeste,73.1,74.17,1.07,94.74,0.722,0.278,1,baixo,3
2407005,Luís Gomes,RN,Nordeste,26.23,33.44,7.21,92.86,0.722,0.278,0,baixo,0
2614006,Serrita,PE,Nordeste,53.72,58.07,4.35,96.63,0.722,0.278,1,baixo,0
4119657,Pitangueiras,PR,Sul,94.13,80.0,-14.13,94.29,0.7221,0.2779,1,baixo,2
2405702,Jardim do Seridó,RN,Nordeste,26.75,33.95,7.2,93.65,0.7224,0.2776,1,baixo,0
1101484,São Felipe D'Oeste,RO,Norte,53.34,57.76,4.42,90.48,0.7225,0.2775,1,baixo,0
3129103,Gurinhatã,MG,Sudeste,76.93,77.39,0.46,92.73,0.7226,0.2774,1,baixo,3
5213905,Mossâmedes,GO,Centro-Oeste,85.24,80.0,-5.24,78.69,0.7226,0.2774,1,baixo,3
5106216,Nova Canaã do Norte,MT,Centro-Oeste,56.56,60.45,3.89,95.6,0.7226,0.2774,1,baixo,3
3119906,Córrego do Bom Jesus,MG,Sudeste,73.8,74.76,0.96,92.5,0.7228,0.2772,1,baixo,3
2100832,Apicum-Açu,MA,Nordeste,31.51,38.52,7.01,88.21,0.7228,0.2772,1,baixo,0
3108206,Bonfinópolis de Minas,MG,Sudeste,81.81,80.0,-1.81,96.0,0.7228,0.2772,0,baixo,3
2411403,Santana do Matos,RN,Nordeste,21.7,28.87,7.17,85.07,0.7228,0.2772,1,baixo,0
5006002,Nova Alvorada do Sul,MS,Centro-Oeste,37.23,43.79,6.56,84.02,0.7229,0.2771,1,baixo,1
3201001,Boa Esperança,ES,Sudeste,76.69,77.19,0.5,94.86,0.7232,0.2768,1,baixo,3
2608206,Joaquim Nabuco,PE,Nordeste,49.58,54.58,5.0,95.8,0.7232,0.2768,0,baixo,0
2303709,Caucaia,CE,Nordeste,67.04,69.14,2.1,93.86,0.7234,0.2766,0,baixo,3
5213087,Minaçu,GO,Centro-Oeste,75.66,76.32,0.66,90.83,0.7235,0.2765,1,baixo,3
3151305,Piraúba,MG,Sudeste,74.74,75.54,0.8,96.69,0.7236,0.2764,1,baixo,3
5007307,Rio Negro,MS,Centro-Oeste,53.09,57.54,4.45,91.01,0.7243,0.2757,0,baixo,0
3204807,São José do Calçado,ES,Sudeste,74.52,75.36,0.84,90.07,0.7244,0.2756,0,baixo,3
4215208,Romelândia,SC,Sul,52.07,56.69,4.62,77.19,0.7245,0.2755,1,baixo,1
2612307,Saloá,PE,Nordeste,58.09,61.72,3.63,96.1,0.7246,0.2754,1,baixo,3
3132008,Itacambira,MG,Sudeste,78.57,78.78,0.21,90.32,0.7248,0.2752,1,baixo,3
2512754,Riachão do Bacamarte,PB,Nordeste,44.56,50.27,5.71,97.73,0.725,0.275,0,baixo,0
2604700,Correntes,PE,Nordeste,51.81,56.47,4.66,94.22,0.7251,0.2749,1,baixo,0
4120150,Porto Barreiro,PR,Sul,100.0,80.0,-20.0,93.94,0.7252,0.2748,1,baixo,2
5214861,Nova Glória,GO,Centro-Oeste,81.84,80.0,-1.84,88.17,0.7252,0.2748,1,baixo,3
2705408,Monteirópolis,AL,Nordeste,35.28,42.02,6.74,97.44,0.7253,0.2747,0,baixo,0
3162948,São José da Barra,MG,Sudeste,85.61,80.0,-5.61,89.09,0.7254,0.2746,0,baixo,2
2201309,Barreiras do Piauí,PI,Nordeste,38.39,44.83,6.44,100.0,0.7256,0.2744,1,baixo,0
3143906,Muriaé,MG,Sudeste,58.49,62.06,3.57,88.69,0.7262,0.2738,1,baixo,3
1706506,Darcinópolis,TO,Norte,31.21,38.24,7.03,89.52,0.7262,0.2738,1,baixo,0
3554607,Timburi,SP,Sudeste,39.16,45.52,6.36,96.55,0.7264,0.2736,1,baixo,0
5217708,Pontalina,GO,Centro-Oeste,73.38,74.41,1.03,87.11,0.7264,0.2736,1,baixo,3
4103206,Bom Sucesso,PR,Sul,53.53,57.91,4.38,89.38,0.7264,0.2736,1,baixo,0
3158409,Santana de Cataguases,MG,Sudeste,85.23,80.0,-5.23,91.67,0.7264,0.2736,0,baixo,3
5219407,Santa Rita do Araguaia,GO,Centro-Oeste,78.75,78.93,0.18,92.54,0.7264,0.2736,1,baixo,3
2211605,Vila Nova do Piauí,PI,Nordeste,100.0,80.0,-20.0,100.0,0.7264,0.2736,1,baixo,2
3164605,São Sebastião do Oeste,MG,Sudeste,71.5,72.84,1.34,90.23,0.7266,0.2734,1,baixo,3
2501005,Araruna,PB,Nordeste,35.18,41.93,6.75,95.24,0.7267,0.2733,0,baixo,0
4100202,Adrianópolis,PR,Sul,60.08,63.38,3.3,97.4,0.7271,0.2729,0,baixo,3
3129806,Ibirité,MG,Sudeste,51.6,56.29,4.69,82.28,0.7275,0.2725,1,baixo,1
2919900,Macururé,BA,Nordeste,4.65,8.39,3.74,87.76,0.7277,0.2723,1,baixo,0
2517001,Umbuzeiro,PB,Nordeste,38.29,44.74,6.45,99.12,0.7279,0.2721,1,baixo,0
2608008,Jataúba,PE,Nordeste,51.9,56.54,4.64,96.2,0.7281,0.2719,0,baixo,0
3204252,Ponto Belo,ES,Sudeste,81.8,80.0,-1.8,88.42,0.7283,0.2717,1,baixo,3
4118303,Paranapoema,PR,Sul,59.18,62.63,3.45,97.5,0.7283,0.2717,0,baixo,3
3168507,Teixeiras,MG,Sudeste,75.5,76.18,0.68,97.47,0.7284,0.2716,0,baixo,3
3144805,Nova Lima,MG,Sudeste,56.76,60.62,3.86,88.72,0.7284,0.2716,1,baixo,3
3154309,Resplendor,MG,Sudeste,71.54,72.87,1.33,91.54,0.7285,0.2715,0,baixo,3
4109658,Honório Serpa,PR,Sul,55.98,59.97,3.99,92.39,0.7287,0.2713,1,baixo,3
3201605,Conceição da Barra,ES,Sudeste,73.7,74.67,0.97,95.03,0.7287,0.2713,0,baixo,3
1302801,Maraã,AM,Norte,20.95,28.09,7.14,83.96,0.7288,0.2712,1,baixo,0
3104908,Baependi,MG,Sudeste,70.29,71.83,1.54,93.81,0.7288,0.2712,1,baixo,3
3164308,São Roque de Minas,MG,Sudeste,71.16,72.56,1.4,88.14,0.7291,0.2709,1,baixo,3
5211800,Jaraguá,GO,Centro-Oeste,82.9,80.0,-2.9,94.26,0.7294,0.2706,1,baixo,3
3100302,Abre Campo,MG,Sudeste,85.71,80.0,-5.71,93.33,0.7295,0.2705,1,baixo,2
3108255,Bonito de Minas,MG,Sudeste,64.3,66.87,2.57,87.27,0.7297,0.2703,0,baixo,3
3147907,Passos,MG,Sudeste,65.45,67.82,2.37,94.7,0.7297,0.2703,1,baixo,3
2609154,Manari,PE,Nordeste,56.89,60.73,3.84,94.97,0.7298,0.2702,0,baixo,3
4128302,Uniflor,PR,Sul,60.23,63.5,3.27,89.66,0.7298,0.2702,1,baixo,3
3121308,Descoberto,MG,Sudeste,62.69,65.54,2.85,83.33,0.7299,0.2701,1,baixo,1
5203401,Bom Jardim de Goiás,GO,Centro-Oeste,79.14,79.26,0.12,90.91,0.7299,0.2701,0,baixo,3
3530003,Mira Estrela,SP,Sudeste,60.87,64.03,3.16,100.0,0.7301,0.2699,1,baixo,3
1101104,Itapuã do Oeste,RO,Norte,98.79,80.0,-18.79,88.34,0.7302,0.2698,0,baixo,2
3154457,Riachinho,MG,Sudeste,69.58,71.24,1.66,94.37,0.7303,0.2697,1,baixo,3
3131703,Itabira,MG,Sudeste,57.17,60.96,3.79,87.68,0.7303,0.2697,1,baixo,3
2505352,Damião,PB,Nordeste,37.73,44.24,6.51,96.36,0.7307,0.2693,1,baixo,0
3117108,Conceição da Aparecida,MG,Sudeste,70.87,72.31,1.44,87.14,0.7307,0.2693,1,baixo,3
3533809,Óleo,SP,Sudeste,57.14,60.93,3.79,100.0,0.7307,0.2693,1,baixo,3
2604601,Condado,PE,Nordeste,45.57,51.14,5.57,94.07,0.7308,0.2692,0,baixo,0
2303600,Catarina,CE,Nordeste,79.24,79.35,0.11,89.25,0.7311,0.2689,1,baixo,3
2610004,Palmares,PE,Nordeste,43.01,48.92,5.91,89.27,0.7312,0.2688,1,baixo,0
3127602,Gouveia,MG,Sudeste,74.24,75.13,0.89,94.26,0.7312,0.2688,1,baixo,3
3204302,Presidente Kennedy,ES,Sudeste,68.35,70.22,1.87,90.91,0.7313,0.2687,0,baixo,3
2613107,São Caitano,PE,Nordeste,45.1,50.74,5.64,91.93,0.7313,0.2687,1,baixo,0
3137106,Lagamar,MG,Sudeste,91.73,80.0,-11.73,90.0,0.7313,0.2687,0,baixo,2
3162708,São João do Paraíso,MG,Sudeste,70.47,71.98,1.51,86.33,0.7317,0.2683,1,baixo,3
3204559,Santa Maria de Jetibá,ES,Sudeste,85.82,80.0,-5.82,91.36,0.7319,0.2681,0,baixo,2
3202306,Guaçuí,ES,Sudeste,74.04,74.96,0.92,96.51,0.7321,0.2679,1,baixo,3
2201739,Betânia do Piauí,PI,Nordeste,42.53,48.5,5.97,95.33,0.7323,0.2677,1,baixo,0
3163904,São Pedro da União,MG,Sudeste,76.97,77.42,0.45,100.0,0.7324,0.2676,1,baixo,3
2111573,São Pedro dos Crentes,MA,Nordeste,40.27,46.51,6.24,84.69,0.7326,0.2674,1,baixo,1
5221700,Uruana,GO,Centro-Oeste,75.58,76.25,0.67,85.61,0.7328,0.2672,1,baixo,3
5101258,Araputanga,MT,Centro-Oeste,48.48,53.64,5.16,90.57,0.7328,0.2672,1,baixo,0
3157658,Santa Helena de Minas,MG,Sudeste,59.32,62.75,3.43,81.4,0.733,0.267,1,baixo,1
3131802,Itabirinha,MG,Sudeste,64.78,67.27,2.49,89.13,0.733,0.267,1,baixo,3
3205036,Vargem Alta,ES,Sudeste,70.93,72.36,1.43,89.34,0.733,0.267,0,baixo,3
2201960,Brasileira,PI,Nordeste,33.17,40.07,6.9,92.13,0.7332,0.2668,1,baixo,0
1703891,Carrasco Bonito,TO,Norte,34.09,40.93,6.84,88.64,0.7332,0.2668,0,baixo,0
3123304,Dores do Turvo,MG,Sudeste,76.7,77.19,0.49,90.0,0.7336,0.2664,1,baixo,3
3512902,Cosmorama,SP,Sudeste,94.57,80.0,-14.57,97.83,0.7338,0.2662,0,baixo,2
3134202,Ituiutaba,MG,Sudeste,62.99,65.79,2.8,92.55,0.7338,0.2662,1,baixo,3
2110807,São Félix de Balsas,MA,Nordeste,43.78,49.59,5.81,96.0,0.7339,0.2661,0,baixo,0
4210803,Meleiro,SC,Sul,54.81,58.99,4.18,88.66,0.7341,0.2659,0,baixo,0
5205471,Chapadão do Céu,GO,Centro-Oeste,80.04,80.0,-0.04,93.43,0.7342,0.2658,1,baixo,3
5005004,Jardim,MS,Centro-Oeste,35.28,42.02,6.74,83.83,0.7344,0.2656,1,baixo,1
3164407,São Sebastião da Bela Vista,MG,Sudeste,66.97,69.08,2.11,85.26,0.7347,0.2653,1,baixo,3
4113429,Lidianópolis,PR,Sul,92.58,80.0,-12.58,100.0,0.7347,0.2653,1,baixo,2
3203056,Jaguaré,ES,Sudeste,72.19,73.41,1.22,91.88,0.7349,0.2651,1,baixo,3
4217105,São Martinho,SC,Sul,68.0,69.93,1.93,96.15,0.7349,0.2651,1,baixo,3
2703700,Jaramataia,AL,Nordeste,36.05,42.72,6.67,96.0,0.7349,0.2651,0,baixo,0
3142809,Monte Alegre de Minas,MG,Sudeste,74.78,75.58,0.8,91.67,0.735,0.265,0,baixo,3
2609709,Orobó,PE,Nordeste,61.24,64.34,3.1,97.69,0.7351,0.2649,1,baixo,3
2610103,Palmeirina,PE,Nordeste,60.56,63.78,3.22,92.54,0.7352,0.2648,0,baixo,3
4205431,Formosa do Sul,SC,Sul,65.4,67.78,2.38,93.55,0.7352,0.2648,1,baixo,3
2307650,Maracanaú,CE,Nordeste,82.4,80.0,-2.4,94.71,0.7354,0.2646,1,baixo,3
2614709,Tacaimbó,PE,Nordeste,45.92,51.45,5.53,92.86,0.7359,0.2641,0,baixo,0
3162005,São Gonçalo do Sapucaí,MG,Sudeste,76.27,76.83,0.56,96.65,0.7359,0.2641,0,baixo,3
2705606,Novo Lino,AL,Nordeste,27.37,34.56,7.19,94.57,0.736,0.264,1,baixo,0
2613701,São Lourenço da Mata,PE,Nordeste,44.07,49.84,5.77,92.57,0.736,0.264,1,baixo,0
1720309,São Sebastião do Tocantins,TO,Norte,26.56,33.77,7.21,84.91,0.7363,0.2637,1,baixo,0
3153202,Presidente Juscelino,MG,Sudeste,80.9,80.0,-0.9,90.91,0.7364,0.2636,0,baixo,3
2805109,Pedrinhas,SE,Nordeste,14.81,21.39,6.58,88.52,0.7365,0.2635,0,baixo,0
5215009,Nova Veneza,GO,Centro-Oeste,86.43,80.0,-6.43,88.98,0.7365,0.2635,0,baixo,3
3144508,Nazareno,MG,Sudeste,87.42,80.0,-7.42,91.94,0.7366,0.2634,1,baixo,2
2206308,Miguel Leão,PI,Nordeste,47.32,52.65,5.33,100.0,0.7367,0.2633,1,baixo,0
5005400,Maracaju,MS,Centro-Oeste,40.62,46.82,6.2,88.98,0.7367,0.2633,0,baixo,0
4103479,Cafezal do Sul,PR,Sul,55.7,59.73,4.03,90.0,0.7369,0.2631,1,baixo,3
3139102,Madre de Deus de Minas,MG,Sudeste,69.45,71.14,1.69,91.67,0.737,0.263,0,baixo,3
3169356,Três Marias,MG,Sudeste,68.34,70.22,1.88,92.43,0.7371,0.2629,1,baixo,3
5207808,Firminópolis,GO,Centro-Oeste,76.84,77.31,0.47,91.01,0.7371,0.2629,0,baixo,3
2401602,Bento Fernandes,RN,Nordeste,14.89,21.48,6.59,75.0,0.7373,0.2627,1,baixo,1
3157377,Santa Cruz de Salinas,MG,Sudeste,83.36,80.0,-3.36,100.0,0.7374,0.2626,0,baixo,3
3172004,Visconde do Rio Branco,MG,Sudeste,56.33,60.26,3.93,86.46,0.7374,0.2626,1,baixo,1
2603801,Capoeiras,PE,Nordeste,50.95,55.74,4.79,96.73,0.7376,0.2624,1,baixo,0
4202875,Brunópolis,SC,Sul,66.67,68.83,2.16,85.71,0.7379,0.2621,0,baixo,3
3522802,Itaporanga,SP,Sudeste,36.36,43.0,6.64,92.91,0.7379,0.2621,1,baixo,0
2205904,Manoel Emídio,PI,Nordeste,100.0,80.0,-20.0,98.57,0.738,0.262,1,baixo,2
3112000,Candeias,MG,Sudeste,88.88,80.0,-8.88,90.38,0.7381,0.2619,1,baixo,2
2802403,Gararu,SE,Nordeste,19.42,26.47,7.05,90.35,0.7382,0.2618,1,baixo,0
2309706,Pacatuba,CE,Nordeste,76.03,76.63,0.6,95.79,0.7383,0.2617,1,baixo,3
3548203,Santo Antônio do Pinhal,SP,Sudeste,42.87,48.8,5.93,92.21,0.7385,0.2615,1,baixo,0
4112900,Jundiaí do Sul,PR,Sul,56.84,60.68,3.84,87.76,0.7386,0.2614,0,baixo,3
2201408,Barro Duro,PI,Nordeste,38.31,44.76,6.45,91.67,0.7387,0.2613,0,baixo,0
2413201,Senador Georgino Avelino,RN,Nordeste,23.89,31.11,7.22,84.06,0.7389,0.2611,0,baixo,0
2413409,Serra Negra do Norte,RN,Nordeste,25.83,33.05,7.22,92.5,0.739,0.261,0,baixo,0
2103554,Conceição do Lago-Açu,MA,Nordeste,43.89,49.69,5.8,97.34,0.739,0.261,1,baixo,0
3108305,Borda da Mata,MG,Sudeste,65.55,67.91,2.36,91.2,0.739,0.261,1,baixo,3
2510006,Nazarezinho,PB,Nordeste,36.48,43.11,6.63,89.66,0.7394,0.2606,1,baixo,0
3111101,Campina Verde,MG,Sudeste,77.26,77.67,0.41,89.73,0.7394,0.2606,0,baixo,3
5221601,Uruaçu,GO,Centro-Oeste,69.31,71.02,1.71,87.79,0.7395,0.2605,1,baixo,3
2203800,Flores do Piauí,PI,Nordeste,46.83,52.23,5.4,100.0,0.7396,0.2604,0,baixo,0
5217203,Piranhas,GO,Centro-Oeste,78.1,78.38,0.28,95.9,0.7396,0.2604,0,baixo,3
4201604,Arroio Trinta,SC,Sul,92.0,80.0,-12.0,91.43,0.7396,0.2604,0,baixo,2
2600609,Alagoinha,PE,Nordeste,42.86,48.79,5.93,90.12,0.7397,0.2603,1,baixo,0
5007935,Sonora,MS,Centro-Oeste,47.5,52.8,5.3,95.67,0.7401,0.2599,1,baixo,0
4110656,Iracema do Oeste,PR,Sul,92.86,80.0,-12.86,100.0,0.7402,0.2598,1,baixo,2
4205308,Faxinal dos Guedes,SC,Sul,52.68,57.2,4.52,88.41,0.7403,0.2597,1,baixo,0
3105608,Barbacena,MG,Sudeste,59.28,62.71,3.43,90.8,0.7404,0.2596,1,baixo,3
2108405,Peri Mirim,MA,Nordeste,35.34,42.07,6.73,91.3,0.7406,0.2594,1,baixo,0
3153103,Presidente Bernardes,MG,Sudeste,57.14,60.93,3.79,90.91,0.7409,0.2591,1,baixo,0
5007554,Santa Rita do Pardo,MS,Centro-Oeste,48.28,53.47,5.19,93.55,0.741,0.259,0,baixo,0
1101468,Pimenteiras do Oeste,RO,Norte,54.77,58.95,4.18,92.5,0.741,0.259,0,baixo,3
4206702,Herval d'Oeste,SC,Sul,53.21,57.65,4.44,87.38,0.7413,0.2587,1,baixo,0
3124708,Estrela do Indaiá,MG,Sudeste,100.0,80.0,-20.0,77.27,0.7414,0.2586,1,baixo,2
3136702,Juiz de Fora,MG,Sudeste,43.63,49.46,5.83,82.67,0.7415,0.2585,1,baixo,1
3114808,Carvalhos,MG,Sudeste,80.29,80.0,-0.29,100.0,0.7415,0.2585,0,baixo,3
5215652,Palestina de Goiás,GO,Centro-Oeste,79.55,79.61,0.06,91.67,0.7415,0.2585,0,baixo,3
5220264,São Miguel do Passa Quatro,GO,Centro-Oeste,81.95,80.0,-1.95,84.78,0.7418,0.2582,0,baixo,3
1715002,Nova Rosalândia,TO,Norte,32.17,39.14,6.97,87.88,0.742,0.258,1,baixo,0
5209705,Hidrolândia,GO,Centro-Oeste,68.97,70.74,1.77,88.94,0.7422,0.2578,0,baixo,3
3500204,Adolfo,SP,Sudeste,63.55,66.25,2.7,96.49,0.7427,0.2573,1,baixo,3
3140159,Mário Campos,MG,Sudeste,70.35,71.88,1.53,86.0,0.7428,0.2572,1,baixo,3
3123700,Engenheiro Caldas,MG,Sudeste,58.22,61.83,3.61,84.26,0.743,0.257,1,baixo,1
3168804,Tiradentes,MG,Sudeste,62.26,65.18,2.92,82.43,0.7433,0.2567,1,baixo,1
2705309,Minador do Negrão,AL,Nordeste,30.02,37.11,7.09,94.67,0.7433,0.2567,0,baixo,0
2602308,Bonito,PE,Nordeste,56.71,60.58,3.87,96.19,0.7436,0.2564,1,baixo,3
2501153,Areia de Baraúnas,PB,Nordeste,25.0,32.22,7.22,75.0,0.7437,0.2563,1,baixo,1
3157906,Santa Margarida,MG,Sudeste,71.98,73.24,1.26,94.94,0.7438,0.2562,0,baixo,3
2111763,Senador La Rocque,MA,Nordeste,32.24,39.21,6.97,86.41,0.7438,0.2562,1,baixo,0
4102703,Barra do Jacaré,PR,Sul,62.96,65.76,2.8,100.0,0.7441,0.2559,1,baixo,3
2306405,Itapipoca,CE,Nordeste,84.81,80.0,-4.81,93.2,0.7442,0.2558,1,baixo,2
3202009,Dores do Rio Preto,ES,Sudeste,84.32,80.0,-4.32,94.79,0.7451,0.2549,1,baixo,3
5217609,Planaltina,GO,Centro-Oeste,65.51,67.87,2.36,90.45,0.7452,0.2548,1,baixo,3
3110707,Cambuquira,MG,Sudeste,69.29,71.0,1.71,94.06,0.7455,0.2545,1,baixo,3
3540853,Pracinha,SP,Sudeste,94.44,80.0,-14.44,100.0,0.7456,0.2544,1,baixo,2
2305407,Icó,CE,Nordeste,80.08,80.0,-0.08,98.23,0.7456,0.2544,0,baixo,3
2209609,São Félix do Piauí,PI,Nordeste,35.56,42.27,6.71,90.0,0.7458,0.2542,1,baixo,0
3170404,Unaí,MG,Sudeste,56.42,60.33,3.91,90.14,0.7458,0.2542,0,baixo,3
3128006,Guanhães,MG,Sudeste,57.63,61.34,3.71,83.09,0.7458,0.2542,1,baixo,1
2210409,São Miguel do Tapuio,PI,Nordeste,29.86,36.96,7.1,93.1,0.7459,0.2541,1,baixo,0
2205359,João Costa,PI,Nordeste,51.05,55.82,4.77,95.12,0.746,0.254,1,baixo,3
5207402,Edéia,GO,Centro-Oeste,82.36,80.0,-2.36,93.48,0.7461,0.2539,0,baixo,3
3152170,Ponto dos Volantes,MG,Sudeste,72.63,73.78,1.15,92.52,0.7463,0.2537,0,baixo,3
3131901,Itabirito,MG,Sudeste,59.98,63.29,3.31,92.59,0.7467,0.2533,1,baixo,3
3162500,São João del Rei,MG,Sudeste,55.63,59.67,4.04,86.28,0.7468,0.2532,1,baixo,1
3166808,Serra do Salitre,MG,Sudeste,59.88,63.21,3.33,85.22,0.7468,0.2532,1,baixo,1
2608800,Lajedo,PE,Nordeste,47.71,52.98,5.27,92.0,0.7472,0.2528,1,baixo,0
3162302,São João da Mata,MG,Sudeste,78.13,78.4,0.27,97.22,0.7473,0.2527,0,baixo,3
3112703,Capitão Enéas,MG,Sudeste,61.87,64.86,2.99,87.35,0.7474,0.2526,0,baixo,3
3138203,Lavras,MG,Sudeste,56.24,60.18,3.94,88.47,0.7475,0.2525,1,baixo,3
3120607,Crucilândia,MG,Sudeste,81.48,80.0,-1.48,94.83,0.7476,0.2524,1,baixo,3
1718758,Rio Sono,TO,Norte,27.83,35.01,7.18,85.37,0.7478,0.2522,0,baixo,0
5107883,Serra Nova Dourada,MT,Centro-Oeste,65.34,67.73,2.39,94.44,0.748,0.252,1,baixo,3
5102686,Campos de Júlio,MT,Centro-Oeste,48.17,53.38,5.21,87.63,0.7481,0.2519,1,baixo,0
3532306,Natividade da Serra,SP,Sudeste,40.32,46.55,6.23,90.2,0.7486,0.2514,1,baixo,0
5209937,Inaciolândia,GO,Centro-Oeste,76.2,76.77,0.57,90.79,0.7486,0.2514,1,baixo,3
2409704,Pedro Avelino,RN,Nordeste,19.48,26.54,7.06,85.71,0.7487,0.2513,0,baixo,0
2102754,Capinzal do Norte,MA,Nordeste,35.67,42.37,6.7,92.13,0.7487,0.2513,1,baixo,0
5212501,Luziânia,GO,Centro-Oeste,64.05,66.66,2.61,90.92,0.7488,0.2512,0,baixo,3
3124609,Estrela Dalva,MG,Sudeste,87.26,80.0,-7.26,96.0,0.7488,0.2512,0,baixo,2
3301157,Cardoso Moreira,RJ,Sudeste,31.94,38.93,6.99,82.72,0.7489,0.2511,0,baixo,1
3519105,Iacanga,SP,Sudeste,100.0,80.0,-20.0,92.17,0.7489,0.2511,1,baixo,2
2616100,Verdejante,PE,Nordeste,53.39,57.8,4.41,91.67,0.7489,0.2511,1,baixo,0
3551108,Sarapuí,SP,Sudeste,41.43,47.53,6.1,92.7,0.749,0.251,1,baixo,0
2608453,Lagoa do Carro,PE,Nordeste,48.37,53.55,5.18,95.49,0.7495,0.2505,1,baixo,0
5208806,Goianira,GO,Centro-Oeste,69.12,70.86,1.74,89.44,0.7497,0.2503,1,baixo,3
1701309,Aragominas,TO,Norte,24.61,31.83,7.22,83.95,0.7501,0.2499,1,baixo,0
2408953,Rio do Fogo,RN,Nordeste,14.85,21.44,6.59,76.81,0.7504,0.2496,1,baixo,1
5222005,Vianópolis,GO,Centro-Oeste,89.04,80.0,-9.04,84.88,0.7506,0.2494,1,baixo,2
3121803,Dionísio,MG,Sudeste,82.4,80.0,-2.4,97.5,0.7507,0.2493,0,baixo,3
5107008,Poxoréu,MT,Centro-Oeste,47.11,52.47,5.36,92.31,0.7509,0.2491,0,baixo,0
5007406,Rio Verde de Mato Grosso,MS,Centro-Oeste,47.3,52.63,5.33,92.31,0.7509,0.2491,0,baixo,0
3157005,Salinas,MG,Sudeste,73.01,74.1,1.09,95.56,0.7509,0.2491,1,baixo,3
3151008,Piranguinho,MG,Sudeste,69.35,71.05,1.7,90.18,0.7509,0.2491,1,baixo,3
3118700,Coqueiral,MG,Sudeste,71.3,72.67,1.37,91.4,0.751,0.249,1,baixo,3
5204300,Caçu,GO,Centro-Oeste,73.23,74.28,1.05,85.43,0.751,0.249,1,baixo,3
5106307,Paranatinga,MT,Centro-Oeste,45.39,50.99,5.6,84.39,0.7511,0.2489,1,baixo,1
3168705,Timóteo,MG,Sudeste,55.91,59.91,4.0,89.49,0.7519,0.2481,1,baixo,3
3103603,Arantina,MG,Sudeste,75.0,75.76,0.76,100.0,0.7522,0.2478,0,baixo,3
1717503,Pium,TO,Norte,21.88,29.05,7.17,84.71,0.7524,0.2476,1,baixo,0
5221403,Trindade,GO,Centro-Oeste,66.34,68.56,2.22,89.85,0.7526,0.2474,1,baixo,3
4211256,Morro Grande,SC,Sul,71.43,72.78,1.35,93.33,0.7526,0.2474,1,baixo,3
5204706,Campinorte,GO,Centro-Oeste,73.78,74.74,0.96,91.55,0.7528,0.2472,1,baixo,3
3142403,Moema,MG,Sudeste,81.44,80.0,-1.44,92.39,0.7529,0.2471,1,baixo,3
3123205,Dores do Indaiá,MG,Sudeste,65.78,68.1,2.32,91.51,0.7531,0.2469,1,baixo,3
5218706,Rianápolis,GO,Centro-Oeste,76.56,77.08,0.52,88.64,0.7531,0.2469,1,baixo,3
1703602,Brasilândia do Tocantins,TO,Norte,29.73,36.84,7.11,80.95,0.7531,0.2469,1,baixo,1
3159803,Santa Vitória,MG,Sudeste,70.78,72.24,1.46,91.76,0.7531,0.2469,0,baixo,3
5218904,Rubiataba,GO,Centro-Oeste,77.53,77.9,0.37,92.46,0.7532,0.2468,1,baixo,3
2613503,São José do Belmonte,PE,Nordeste,46.7,52.12,5.42,93.98,0.7534,0.2466,1,baixo,0
3141009,Mato Verde,MG,Sudeste,69.02,70.78,1.76,98.55,0.7536,0.2464,0,baixo,3
2503555,Cacimbas,PB,Nordeste,32.54,39.49,6.95,97.46,0.7542,0.2458,1,baixo,0
2106706,Mirador,MA,Nordeste,35.01,41.77,6.76,92.21,0.7543,0.2457,1,baixo,0
2111003,São João Batista,MA,Nordeste,29.54,36.65,7.11,83.96,0.7546,0.2454,1,baixo,0
3161601,São Geraldo da Piedade,MG,Sudeste,69.23,70.95,1.72,88.46,0.7548,0.2452,0,baixo,3
5220686,Simolândia,GO,Centro-Oeste,86.31,80.0,-6.31,87.67,0.755,0.245,0,baixo,3
5002902,Cassilândia,MS,Centro-Oeste,37.72,44.23,6.51,89.72,0.755,0.245,1,baixo,0
3136207,João Monlevade,MG,Sudeste,60.91,64.07,3.16,91.81,0.7552,0.2448,1,baixo,3
3200706,Atílio Vivácqua,ES,Sudeste,74.57,75.4,0.83,92.31,0.7556,0.2444,1,baixo,3
3144003,Mutum,MG,Sudeste,61.47,64.53,3.06,83.56,0.7559,0.2441,1,baixo,1
2607802,Itaquitinga,PE,Nordeste,48.29,53.48,5.19,92.99,0.7564,0.2436,1,baixo,0
2400802,Angicos,RN,Nordeste,19.34,26.39,7.05,79.52,0.7572,0.2428,1,baixo,1
4209409,Laguna,SC,Sul,33.26,40.16,6.9,70.09,0.7573,0.2427,0,baixo,1
5206206,Cristalina,GO,Centro-Oeste,67.92,69.87,1.95,92.4,0.7574,0.2426,0,baixo,3
5204102,Cachoeira Alta,GO,Centro-Oeste,73.19,74.25,1.06,88.66,0.7574,0.2426,1,baixo,3
5209101,Goiatuba,GO,Centro-Oeste,68.19,70.09,1.9,91.65,0.7576,0.2424,1,baixo,3
5218102,Portelândia,GO,Centro-Oeste,71.68,72.99,1.31,77.27,0.7577,0.2423,1,baixo,1
2308401,Missão Velha,CE,Nordeste,74.75,75.55,0.8,93.14,0.7579,0.2421,1,baixo,3
2302107,Baturité,CE,Nordeste,77.86,78.18,0.32,97.89,0.7579,0.2421,1,baixo,3
2201903,Bom Jesus,PI,Nordeste,99.08,80.0,-19.08,97.33,0.7582,0.2418,1,baixo,2
4210209,Major Gercino,SC,Sul,51.4,56.12,4.72,81.4,0.7583,0.2417,1,baixo,1
3536570,Paulistânia,SP,Sudeste,38.25,44.71,6.46,93.55,0.7584,0.2416,1,baixo,0
3203007,Iúna,ES,Sudeste,71.93,73.2,1.27,92.93,0.7586,0.2414,0,baixo,3
1710706,Itaguatins,TO,Norte,32.53,39.48,6.95,95.31,0.7588,0.2412,0,baixo,0
5217302,Pirenópolis,GO,Centro-Oeste,72.91,74.01,1.1,90.26,0.7594,0.2406,0,baixo,3
3121605,Diamantina,MG,Sudeste,59.54,62.93,3.39,91.7,0.7595,0.2405,1,baixo,3
5100805,Apiacás,MT,Centro-Oeste,48.69,53.82,5.13,90.48,0.7596,0.2404,1,baixo,0
5218052,Porteirão,GO,Centro-Oeste,83.88,80.0,-3.88,87.06,0.7596,0.2404,0,baixo,3
3157807,Santa Luzia,MG,Sudeste,51.5,56.2,4.7,86.77,0.7596,0.2404,1,baixo,1
1101609,Theobroma,RO,Norte,50.7,55.53,4.83,95.0,0.7596,0.2404,1,baixo,0
3137536,Lagoa Grande,MG,Sudeste,81.75,80.0,-1.75,99.17,0.7596,0.2404,0,baixo,3
3125101,Extrema,MG,Sudeste,57.68,61.38,3.7,86.53,0.7597,0.2403,1,baixo,1
2613404,São José da Coroa Grande,PE,Nordeste,41.77,47.83,6.06,90.82,0.7598,0.2402,0,baixo,0
2515708,Serra Grande,PB,Nordeste,40.0,46.27,6.27,91.43,0.7598,0.2402,1,baixo,0
3126208,Formoso,MG,Sudeste,61.08,64.21,3.13,91.18,0.7599,0.2401,1,baixo,3
5105150,Juína,MT,Centro-Oeste,45.51,51.09,5.58,89.45,0.7601,0.2399,1,baixo,0
3105509,Barão do Monte Alto,MG,Sudeste,63.54,66.24,2.7,92.31,0.7601,0.2399,1,baixo,3
1100106,Guajará-Mirim,RO,Norte,41.76,47.82,6.06,94.52,0.7602,0.2398,0,baixo,0
3111309,Campo do Meio,MG,Sudeste,67.54,69.55,2.01,90.0,0.7603,0.2397,1,baixo,3
3202652,Irupi,ES,Sudeste,67.41,69.44,2.03,89.23,0.7604,0.2396,1,baixo,3
3151503,Piumhi,MG,Sudeste,57.27,61.04,3.77,88.16,0.7604,0.2396,1,baixo,3
2605707,Floresta,PE,Nordeste,33.42,40.31,6.89,87.2,0.7607,0.2393,1,baixo,0
3131406,Ipiaçu,MG,Sudeste,75.16,75.9,0.74,95.0,0.7608,0.2392,1,baixo,3
3145109,Nova Resende,MG,Sudeste,69.3,71.01,1.71,95.48,0.7609,0.2391,1,baixo,3
3204054,Pedro Canário,ES,Sudeste,69.28,70.99,1.71,91.79,0.761,0.239,1,baixo,3
3145901,Ouro Branco,MG,Sudeste,65.37,67.76,2.39,92.73,0.7611,0.2389,1,baixo,3
3515608,Fernando Prestes,SP,Sudeste,97.93,80.0,-17.93,92.59,0.7613,0.2387,1,baixo,2
3128402,Guarani,MG,Sudeste,80.48,80.0,-0.48,96.1,0.7614,0.2386,0,baixo,3
3155306,Rio Manso,MG,Sudeste,71.24,72.62,1.38,90.48,0.7616,0.2384,1,baixo,3
2300150,Acarape,CE,Nordeste,78.14,78.41,0.27,98.09,0.7616,0.2384,1,baixo,3
3114402,Carmo do Rio Claro,MG,Sudeste,63.2,65.96,2.76,90.12,0.7618,0.2382,1,baixo,3
2210052,São José do Divino,PI,Nordeste,100.0,80.0,-20.0,100.0,0.762,0.238,1,baixo,2
3147600,Passa Quatro,MG,Sudeste,85.63,80.0,-5.63,96.92,0.762,0.238,0,baixo,2
3165206,São Tomé das Letras,MG,Sudeste,86.0,80.0,-6.0,94.23,0.7621,0.2379,1,baixo,2
5108303,União do Sul,MT,Centro-Oeste,60.38,63.63,3.25,91.25,0.7623,0.2377,1,baixo,3
3147105,Pará de Minas,MG,Sudeste,53.51,57.9,4.39,88.61,0.7624,0.2376,1,baixo,0
5206909,Davinópolis,GO,Centro-Oeste,87.08,80.0,-7.08,88.57,0.7624,0.2376,1,baixo,3
2612604,Santa Maria da Boa Vista,PE,Nordeste,45.6,51.17,5.57,92.76,0.7628,0.2372,1,baixo,0
3116407,Claraval,MG,Sudeste,74.97,75.74,0.77,93.85,0.7628,0.2372,1,baixo,3
3202108,Ecoporanga,ES,Sudeste,69.21,70.94,1.73,92.16,0.7629,0.2371,1,baixo,3
5210802,Itajá,GO,Centro-Oeste,81.81,80.0,-1.81,84.38,0.763,0.237,1,baixo,3
3201100,Bom Jesus do Norte,ES,Sudeste,67.14,69.22,2.08,89.91,0.7631,0.2369,0,baixo,3
5107354,São José do Xingu,MT,Centro-Oeste,51.3,56.04,4.74,89.05,0.7632,0.2368,0,baixo,0
2805208,Pinhão,SE,Nordeste,16.22,22.98,6.76,90.24,0.7633,0.2367,1,baixo,0
5220405,São Simão,GO,Centro-Oeste,72.78,73.9,1.12,88.11,0.7633,0.2367,1,baixo,3
2607000,Inajá,PE,Nordeste,54.35,58.6,4.25,96.8,0.7635,0.2365,1,baixo,3
3150802,Piranga,MG,Sudeste,60.14,63.43,3.29,89.61,0.7635,0.2365,1,baixo,3
3108602,Brasília de Minas,MG,Sudeste,75.06,75.81,0.75,98.53,0.7637,0.2363,1,baixo,3
3203700,Muniz Freire,ES,Sudeste,88.17,80.0,-8.17,96.02,0.7639,0.2361,1,baixo,2
3136108,Joanésia,MG,Sudeste,95.06,80.0,-15.06,90.0,0.7639,0.2361,1,baixo,2
3101607,Alfenas,MG,Sudeste,59.05,62.52,3.47,94.01,0.7641,0.2359,1,baixo,3
3146602,Paiva,MG,Sudeste,80.0,80.0,0.0,100.0,0.7641,0.2359,1,baixo,3
3166303,Sericita,MG,Sudeste,68.55,70.39,1.84,95.77,0.7642,0.2358,1,baixo,3
2311900,Saboeiro,CE,Nordeste,75.38,76.08,0.7,96.09,0.7644,0.2356,1,baixo,3
3544103,Rio Grande da Serra,SP,Sudeste,31.67,38.67,7.0,90.0,0.7645,0.2355,1,baixo,0
5203500,Bom Jesus de Goiás,GO,Centro-Oeste,75.75,76.39,0.64,90.94,0.7645,0.2355,1,baixo,3
3105905,Barroso,MG,Sudeste,73.7,74.67,0.97,95.11,0.7645,0.2355,1,baixo,3
5106232,Nova Olímpia,MT,Centro-Oeste,50.74,55.56,4.82,92.64,0.7648,0.2352,1,baixo,0
4206207,Gravatal,SC,Sul,52.63,57.16,4.53,82.61,0.7648,0.2352,1,baixo,1
3203403,Mimoso do Sul,ES,Sudeste,68.04,69.97,1.93,90.6,0.7649,0.2351,0,baixo,3
1706258,Crixás do Tocantins,TO,Norte,29.03,36.17,7.14,88.57,0.7651,0.2349,1,baixo,0
2606309,Granito,PE,Nordeste,52.49,57.04,4.55,93.85,0.7651,0.2349,1,baixo,0
5219712,Santo Antônio da Barra,GO,Centro-Oeste,82.48,80.0,-2.48,88.89,0.7654,0.2346,1,baixo,3
3168903,Tiros,MG,Sudeste,59.26,62.7,3.44,85.19,0.7654,0.2346,1,baixo,1
2606606,Ibimirim,PE,Nordeste,50.76,55.58,4.82,95.49,0.7655,0.2345,1,baixo,0
3540259,Pontalinda,SP,Sudeste,44.63,50.33,5.7,95.92,0.7658,0.2342,1,baixo,0
3133402,Itapagipe,MG,Sudeste,63.86,66.51,2.65,95.45,0.7659,0.2341,1,baixo,3
2209351,Santana do Piauí,PI,Nordeste,33.11,40.02,6.91,92.31,0.766,0.234,1,baixo,0
3139706,Maravilhas,MG,Sudeste,70.06,71.64,1.58,92.31,0.7663,0.2337,1,baixo,3
3203601,Mucurici,ES,Sudeste,83.71,80.0,-3.71,93.83,0.7668,0.2332,1,baixo,3
2503902,Camalaú,PB,Nordeste,36.34,42.98,6.64,93.33,0.7669,0.2331,1,baixo,0
2308708,Morada Nova,CE,Nordeste,71.96,73.22,1.26,95.45,0.767,0.233,1,baixo,3
5002001,Batayporã,MS,Centro-Oeste,45.7,51.26,5.56,94.42,0.7671,0.2329,1,baixo,0
3123908,Entre Rios de Minas,MG,Sudeste,83.15,80.0,-3.15,98.91,0.7673,0.2327,1,baixo,3
2512309,Princesa Isabel,PB,Nordeste,97.47,80.0,-17.47,100.0,0.7676,0.2324,1,baixo,2
2307106,Jardim,CE,Nordeste,77.88,78.19,0.31,97.42,0.7677,0.2323,0,baixo,3
3534203,Orindiúva,SP,Sudeste,43.55,49.39,5.84,100.0,0.7679,0.2321,0,baixo,0
2603603,Camutanga,PE,Nordeste,56.1,60.07,3.97,95.65,0.7682,0.2318,1,baixo,3
3148103,Patrocínio,MG,Sudeste,61.83,64.83,3.0,94.55,0.7683,0.2317,1,baixo,3
3105103,Bambuí,MG,Sudeste,65.95,68.24,2.29,93.18,0.7686,0.2314,1,baixo,3
3114303,Carmo do Paranaíba,MG,Sudeste,70.42,71.94,1.52,96.75,0.7693,0.2307,1,baixo,3
3141405,Medina,MG,Sudeste,70.27,71.82,1.55,85.13,0.7694,0.2306,0,baixo,3
2301901,Barbalha,CE,Nordeste,85.38,80.0,-5.38,93.49,0.7695,0.2305,1,baixo,2
5210562,Itaguari,GO,Centro-Oeste,85.79,80.0,-5.79,91.23,0.7696,0.2304,0,baixo,3
3101102,Aimorés,MG,Sudeste,48.78,53.9,5.12,76.34,0.7696,0.2304,1,baixo,1
3142007,Mirabela,MG,Sudeste,58.98,62.46,3.48,89.74,0.7698,0.2302,0,baixo,3
3155900,Rio Preto,MG,Sudeste,71.16,72.56,1.4,89.29,0.7698,0.2302,0,baixo,3
3130200,Igaratinga,MG,Sudeste,68.89,70.67,1.78,93.52,0.7702,0.2298,1,baixo,3
5103254,Colniza,MT,Centro-Oeste,41.71,47.78,6.07,86.9,0.7703,0.2297,1,baixo,0
3145703,Oliveira Fortes,MG,Sudeste,71.43,72.78,1.35,87.5,0.7704,0.2296,1,baixo,3
5205406,Ceres,GO,Centro-Oeste,88.1,80.0,-8.1,86.14,0.7708,0.2292,1,baixo,2
4209706,Lebon Régis,SC,Sul,40.87,47.04,6.17,78.17,0.7709,0.2291,1,baixo,1
5218508,Quirinópolis,GO,Centro-Oeste,66.97,69.08,2.11,91.02,0.7711,0.2289,1,baixo,3
3101631,Alfredo Vasconcelos,MG,Sudeste,72.01,73.26,1.25,94.03,0.772,0.228,1,baixo,3
3103900,Araújos,MG,Sudeste,74.0,74.92,0.92,95.05,0.772,0.228,1,baixo,3
3138401,Leopoldina,MG,Sudeste,58.67,62.21,3.54,90.07,0.7721,0.2279,1,baixo,3
2602001,Bodocó,PE,Nordeste,45.23,50.85,5.62,90.57,0.7722,0.2278,0,baixo,0
3165578,Senador Amaral,MG,Sudeste,70.19,71.75,1.56,95.35,0.7722,0.2278,1,baixo,3
2604304,Cedro,PE,Nordeste,46.94,52.32,5.38,97.66,0.7722,0.2278,1,baixo,0
3118007,Congonhas,MG,Sudeste,56.15,60.11,3.96,88.84,0.7725,0.2275,1,baixo,3
3103306,Aracitaba,MG,Sudeste,80.0,80.0,0.0,100.0,0.773,0.227,1,baixo,3
5107859,São Félix do Araguaia,MT,Centro-Oeste,34.84,41.62,6.78,81.12,0.7732,0.2268,0,baixo,1
3134608,Jaboticatubas,MG,Sudeste,69.36,71.06,1.7,96.1,0.7732,0.2268,1,baixo,3
3125408,Felício dos Santos,MG,Sudeste,82.12,80.0,-2.12,94.92,0.7732,0.2268,0,baixo,3
3170107,Uberaba,MG,Sudeste,45.77,51.32,5.55,87.79,0.7734,0.2266,1,baixo,0
2611507,Quipapá,PE,Nordeste,48.12,53.33,5.21,95.07,0.7734,0.2266,1,baixo,0
3167806,Soledade de Minas,MG,Sudeste,73.12,74.19,1.07,94.83,0.7735,0.2265,1,baixo,3
3110608,Cambuí,MG,Sudeste,65.17,67.59,2.42,91.02,0.7735,0.2265,1,baixo,3
3557154,Zacarias,SP,Sudeste,38.33,44.78,6.45,91.43,0.7735,0.2265,1,baixo,0
3133006,Itamonte,MG,Sudeste,57.59,61.31,3.72,86.87,0.7735,0.2265,1,baixo,1
5101852,Bom Jesus do Araguaia,MT,Centro-Oeste,31.32,38.34,7.02,78.85,0.7735,0.2265,1,baixo,1
3116506,Claro dos Poções,MG,Sudeste,70.05,71.63,1.58,97.5,0.7737,0.2263,0,baixo,3
5208905,Goiás,GO,Centro-Oeste,67.46,69.49,2.03,87.64,0.7739,0.2261,1,baixo,3
2111532,São Pedro da Água Branca,MA,Nordeste,32.95,39.87,6.92,91.5,0.7739,0.2261,1,baixo,0
3110509,Camanducaia,MG,Sudeste,54.64,58.85,4.21,80.55,0.7741,0.2259,0,baixo,1
3143104,Monte Carmelo,MG,Sudeste,63.64,66.33,2.69,94.84,0.7741,0.2259,1,baixo,3
3160405,Santo Antônio do Monte,MG,Sudeste,82.37,80.0,-2.37,95.45,0.7741,0.2259,1,baixo,3
3149903,Perdões,MG,Sudeste,71.24,72.62,1.38,93.84,0.7742,0.2258,1,baixo,3
3128808,Guidoval,MG,Sudeste,61.83,64.83,3.0,83.61,0.7747,0.2253,0,baixo,1
5105002,Jauru,MT,Centro-Oeste,46.7,52.12,5.42,92.48,0.7747,0.2253,1,baixo,0
3170701,Varginha,MG,Sudeste,50.68,55.51,4.83,84.18,0.7749,0.2251,1,baixo,1
2206100,Matias Olímpio,PI,Nordeste,24.43,31.65,7.22,89.22,0.775,0.225,1,baixo,0
5209291,Guaraíta,GO,Centro-Oeste,72.59,73.75,1.16,81.25,0.7752,0.2248,1,baixo,1
5211909,Jataí,GO,Centro-Oeste,64.01,66.63,2.62,89.07,0.7752,0.2248,1,baixo,3
2513851,Santo André,PB,Nordeste,45.13,50.76,5.63,100.0,0.7754,0.2246,0,baixo,0
3149705,Perdigão,MG,Sudeste,80.06,80.0,-0.06,96.05,0.7755,0.2245,1,baixo,3
2410603,Rafael Godeiro,RN,Nordeste,29.93,37.03,7.1,92.0,0.7763,0.2237,1,baixo,0
3118403,Conselheiro Pena,MG,Sudeste,66.9,69.02,2.12,91.76,0.7765,0.2235,0,baixo,3
3205010,Sooretama,ES,Sudeste,67.21,69.28,2.07,91.65,0.7766,0.2234,1,baixo,3
3169000,Tocantins,MG,Sudeste,58.37,61.96,3.59,90.4,0.7772,0.2228,1,baixo,3
3549250,São João de Iracema,SP,Sudeste,44.0,49.78,5.78,96.15,0.7773,0.2227,0,baixo,0
5106273,Novo Horizonte do Norte,MT,Centro-Oeste,62.97,65.77,2.8,98.15,0.7773,0.2227,1,baixo,3
3200201,Alegre,ES,Sudeste,66.87,69.0,2.13,94.52,0.7774,0.2226,1,baixo,3
3122504,Dom Cavati,MG,Sudeste,74.74,75.54,0.8,100.0,0.7776,0.2224,0,baixo,3
2511608,Pilões,PB,Nordeste,41.76,47.82,6.06,97.37,0.7776,0.2224,1,baixo,0
3120870,Curral de Dentro,MG,Sudeste,79.25,79.36,0.11,95.58,0.7778,0.2222,1,baixo,3
5207352,Edealina,GO,Centro-Oeste,76.65,77.15,0.5,90.38,0.7779,0.2221,1,baixo,3
5107206,Rio Branco,MT,Centro-Oeste,48.15,53.36,5.21,91.14,0.778,0.222,1,baixo,0
2206506,Monsenhor Hipólito,PI,Nordeste,100.0,80.0,-20.0,97.03,0.7781,0.2219,1,baixo,2
3145000,Nova Ponte,MG,Sudeste,72.34,73.54,1.2,95.28,0.7783,0.2217,1,baixo,3
3103207,Araçaí,MG,Sudeste,84.62,80.0,-4.62,92.86,0.7784,0.2216,0,baixo,3
2407609,Messias Targino,RN,Nordeste,17.11,23.97,6.86,77.27,0.7784,0.2216,1,baixo,1
3139805,Mar de Espanha,MG,Sudeste,54.82,59.0,4.18,84.38,0.7786,0.2214,0,baixo,1
3146503,Pains,MG,Sudeste,67.53,69.54,2.01,91.86,0.7789,0.2211,1,baixo,3
3168002,Taiobeiras,MG,Sudeste,69.28,70.99,1.71,96.14,0.7789,0.2211,1,baixo,3
3513850,Dirce Reis,SP,Sudeste,46.67,52.09,5.42,100.0,0.779,0.221,1,baixo,0
5222054,Vicentinópolis,GO,Centro-Oeste,78.24,78.5,0.26,94.2,0.7791,0.2209,1,baixo,3
2106672,Milagres do Maranhão,MA,Nordeste,100.0,80.0,-20.0,97.4,0.7792,0.2208,1,baixo,2
3119807,Córrego Danta,MG,Sudeste,84.09,80.0,-4.09,96.97,0.7792,0.2208,0,baixo,3
3114006,Carmo da Mata,MG,Sudeste,79.05,79.19,0.14,98.81,0.7794,0.2206,0,baixo,3
3156601,Rubim,MG,Sudeste,86.74,80.0,-6.74,97.7,0.7795,0.2205,0,baixo,2
5003488,Dois Irmãos do Buriti,MS,Centro-Oeste,38.16,44.63,6.47,91.89,0.7795,0.2205,0,baixo,0
3154002,Raul Soares,MG,Sudeste,67.06,69.16,2.1,95.16,0.7797,0.2203,1,baixo,3
2400505,Alexandria,RN,Nordeste,17.76,24.68,6.92,84.8,0.7799,0.2201,1,baixo,0
3150505,Pimenta,MG,Sudeste,72.81,73.93,1.12,96.97,0.7799,0.2201,1,baixo,3
5219258,Santa Fé de Goiás,GO,Centro-Oeste,76.89,77.35,0.46,91.57,0.78,0.22,1,baixo,3
3148608,Peçanha,MG,Sudeste,64.65,67.16,2.51,95.74,0.7802,0.2198,0,baixo,3
1703305,Bom Jesus do Tocantins,TO,Norte,26.13,33.34,7.21,86.11,0.7803,0.2197,0,baixo,0
5007208,Rio Brilhante,MS,Centro-Oeste,40.18,46.43,6.25,90.14,0.7804,0.2196,1,baixo,0
3171204,Vespasiano,MG,Sudeste,54.07,58.37,4.3,90.84,0.7805,0.2195,1,baixo,0
1717206,Piraquê,TO,Norte,26.08,33.29,7.21,90.0,0.7806,0.2194,1,baixo,0
1713700,Monte Santo do Tocantins,TO,Norte,29.33,36.45,7.12,89.47,0.781,0.219,1,baixo,0
3149804,Perdizes,MG,Sudeste,67.9,69.85,1.95,92.91,0.781,0.219,1,baixo,3
3203106,Jerônimo Monteiro,ES,Sudeste,70.14,71.71,1.57,94.25,0.7812,0.2188,1,baixo,3
3171907,Virgolândia,MG,Sudeste,87.28,80.0,-7.28,95.65,0.7814,0.2186,0,baixo,2
3139409,Manhuaçu,MG,Sudeste,48.41,53.58,5.17,85.93,0.7822,0.2178,1,baixo,1
3162401,São João da Ponte,MG,Sudeste,65.62,67.96,2.34,93.09,0.7824,0.2176,0,baixo,3
3152006,Pompéu,MG,Sudeste,65.2,67.62,2.42,92.16,0.7825,0.2175,0,baixo,3
4126702,Tamboara,PR,Sul,47.6,52.89,5.29,89.66,0.7827,0.2173,0,baixo,0
5000609,Amambai,MS,Centro-Oeste,42.01,48.04,6.03,93.14,0.7828,0.2172,1,baixo,0
2608750,Lagoa Grande,PE,Nordeste,54.74,58.93,4.19,95.06,0.7829,0.2171,1,baixo,3
2403400,Equador,RN,Nordeste,20.52,27.64,7.12,85.19,0.7832,0.2168,1,baixo,0
3144409,Natércia,MG,Sudeste,70.18,71.74,1.56,94.59,0.7838,0.2162,1,baixo,3
3139003,Machado,MG,Sudeste,59.94,63.26,3.32,93.75,0.7839,0.2161,1,baixo,3
5002951,Chapadão do Sul,MS,Centro-Oeste,43.31,49.18,5.87,94.26,0.7839,0.2161,1,baixo,0
2601052,Araçoiaba,PE,Nordeste,45.71,51.26,5.55,93.8,0.7843,0.2157,1,baixo,0
3138625,Limeira do Oeste,MG,Sudeste,65.19,67.61,2.42,91.74,0.7843,0.2157,0,baixo,3
2601607,Belém do São Francisco,PE,Nordeste,51.55,56.25,4.7,92.19,0.7844,0.2156,1,baixo,0
5221858,Valparaíso de Goiás,GO,Centro-Oeste,56.69,60.56,3.87,87.22,0.7846,0.2154,1,baixo,1
5104609,Itiquira,MT,Centro-Oeste,42.56,48.53,5.97,88.43,0.785,0.215,1,baixo,0
3549607,São José do Barreiro,SP,Sudeste,37.89,44.38,6.49,92.86,0.785,0.215,1,baixo,0
3119500,Coronel Murta,MG,Sudeste,65.72,68.05,2.33,96.55,0.7853,0.2147,0,baixo,3
3130903,Inhapim,MG,Sudeste,68.56,70.4,1.84,91.67,0.7854,0.2146,1,baixo,3
5205802,Corumbá de Goiás,GO,Centro-Oeste,72.1,73.34,1.24,97.96,0.7855,0.2145,1,baixo,3
2308302,Milagres,CE,Nordeste,75.28,76.0,0.72,95.31,0.7861,0.2139,1,baixo,3
3140407,Marmelópolis,MG,Sudeste,76.82,77.3,0.48,97.06,0.7862,0.2138,1,baixo,3
1713809,Palmeiras do Tocantins,TO,Norte,18.11,25.06,6.95,80.0,0.7863,0.2137,1,baixo,1
2102150,Brejo de Areia,MA,Nordeste,33.25,40.15,6.9,91.07,0.7864,0.2136,1,baixo,0
3200300,Alfredo Chaves,ES,Sudeste,74.51,75.35,0.84,97.58,0.7866,0.2134,1,baixo,3
4106100,Conselheiro Mairinck,PR,Sul,51.52,56.22,4.7,91.23,0.7867,0.2133,1,baixo,0
3170008,Ubaí,MG,Sudeste,70.25,71.8,1.55,93.81,0.7868,0.2132,0,baixo,3
2609808,Orocó,PE,Nordeste,45.91,51.44,5.53,96.64,0.7868,0.2132,0,baixo,0
5209200,Guapó,GO,Centro-Oeste,64.19,66.78,2.59,83.16,0.787,0.213,1,baixo,1
5000856,Angélica,MS,Centro-Oeste,92.96,80.0,-12.96,94.31,0.787,0.213,1,baixo,2
3159902,Santo Antônio do Amparo,MG,Sudeste,83.75,80.0,-3.75,93.5,0.787,0.213,1,baixo,2
2307205,Jati,CE,Nordeste,74.37,75.23,0.86,97.44,0.787,0.213,1,baixo,3
3202207,Fundão,ES,Sudeste,61.33,64.41,3.08,86.05,0.7871,0.2129,0,baixo,1
2512036,Poço Dantas,PB,Nordeste,23.24,30.45,7.21,85.71,0.7874,0.2126,1,baixo,0
3503000,Aramina,SP,Sudeste,43.28,49.16,5.88,100.0,0.7875,0.2125,1,baixo,0
3137809,Lambari,MG,Sudeste,65.73,68.05,2.32,92.81,0.7877,0.2123,1,baixo,3
5215702,Palmeiras de Goiás,GO,Centro-Oeste,67.97,69.91,1.94,88.21,0.7877,0.2123,1,baixo,3
3127107,Frutal,MG,Sudeste,53.92,58.24,4.32,88.53,0.7877,0.2123,1,baixo,0
3151107,Pirapetinga,MG,Sudeste,62.67,65.52,2.85,87.63,0.788,0.212,1,baixo,3
5205059,Castelândia,GO,Centro-Oeste,80.99,80.0,-0.99,94.0,0.788,0.212,1,baixo,3
2202091,Caldeirão Grande do Piauí,PI,Nordeste,100.0,80.0,-20.0,100.0,0.788,0.212,1,baixo,2
3104304,Areado,MG,Sudeste,70.75,72.21,1.46,95.78,0.7881,0.2119,1,baixo,3
2309607,Pacajus,CE,Nordeste,85.7,80.0,-5.7,90.28,0.7888,0.2112,1,baixo,2
3134806,Jacuí,MG,Sudeste,70.85,72.3,1.45,89.8,0.7889,0.2111,1,baixo,3
3169307,Três Corações,MG,Sudeste,50.69,55.52,4.83,86.06,0.789,0.211,1,baixo,1
3111606,Campos Gerais,MG,Sudeste,65.56,67.91,2.35,93.58,0.7892,0.2108,1,baixo,3
5108352,Vale de São Domingos,MT,Centro-Oeste,48.81,53.92,5.11,91.11,0.7892,0.2108,0,baixo,0
2302404,Boa Viagem,CE,Nordeste,80.04,80.0,-0.04,93.95,0.7892,0.2108,1,baixo,3
2205102,Itaueira,PI,Nordeste,25.15,32.37,7.22,80.88,0.7893,0.2107,1,baixo,1
3128501,Guarará,MG,Sudeste,88.16,80.0,-8.16,84.21,0.7893,0.2107,0,baixo,2
2514107,São João do Tigre,PB,Nordeste,36.73,43.34,6.61,100.0,0.7893,0.2107,1,baixo,0
2101905,Bequimão,MA,Nordeste,33.01,39.93,6.92,90.15,0.7894,0.2106,1,baixo,0
5106828,Porto Esperidião,MT,Centro-Oeste,43.95,49.74,5.79,90.85,0.7896,0.2104,1,baixo,0
3116704,Coimbra,MG,Sudeste,76.92,77.38,0.46,98.77,0.7898,0.2102,1,baixo,3
3119401,Coronel Fabriciano,MG,Sudeste,47.39,52.71,5.32,84.25,0.7898,0.2102,1,baixo,1
3152709,Prados,MG,Sudeste,73.21,74.26,1.05,96.47,0.7898,0.2102,1,baixo,3
3123601,Elói Mendes,MG,Sudeste,57.91,61.57,3.66,89.37,0.7899,0.2101,1,baixo,3
2502607,Igaracy,PB,Nordeste,28.96,36.1,7.14,89.33,0.7899,0.2101,1,baixo,0
3117900,Congonhal,MG,Sudeste,73.46,74.47,1.01,92.03,0.7899,0.2101,1,baixo,3
5216304,Paranaiguara,GO,Centro-Oeste,85.71,80.0,-5.71,91.59,0.7902,0.2098,1,baixo,3
3117504,Conceição do Mato Dentro,MG,Sudeste,58.74,62.26,3.52,87.3,0.7902,0.2098,1,baixo,3
3114204,Carmo do Cajuru,MG,Sudeste,67.21,69.28,2.07,94.87,0.7903,0.2097,1,baixo,3
3115003,Cascalho Rico,MG,Sudeste,63.9,66.54,2.64,83.33,0.7903,0.2097,1,baixo,1
2102309,Buriti Bravo,MA,Nordeste,31.4,38.42,7.02,93.8,0.7904,0.2096,1,baixo,0
3148202,Patrocínio do Muriaé,MG,Sudeste,72.64,73.79,1.15,91.53,0.7905,0.2095,1,baixo,3
5219738,Santo Antônio de Goiás,GO,Centro-Oeste,91.99,80.0,-11.99,86.89,0.7908,0.2092,1,baixo,2
3168200,Tapiraí,MG,Sudeste,76.47,77.0,0.53,85.0,0.791,0.209,1,baixo,3
2305506,Iguatu,CE,Nordeste,56.55,60.44,3.89,90.89,0.7911,0.2089,1,baixo,3
3117801,Conceição dos Ouros,MG,Sudeste,61.94,64.92,2.98,89.62,0.7911,0.2089,1,baixo,3
3120201,Cristais,MG,Sudeste,67.27,69.33,2.06,95.8,0.7911,0.2089,1,baixo,3
3148509,Pavão,MG,Sudeste,86.92,80.0,-6.92,87.04,0.7913,0.2087,1,baixo,2
3152105,Ponte Nova,MG,Sudeste,52.65,57.17,4.52,87.86,0.7913,0.2087,1,baixo,0
2204402,Gilbués,PI,Nordeste,31.29,38.32,7.03,96.8,0.7916,0.2084,1,baixo,0
2206654,Morro Cabeça no Tempo,PI,Nordeste,23.7,30.91,7.21,82.93,0.7919,0.2081,0,baixo,0
1503408,Inhangapi,PA,Norte,21.83,29.0,7.17,84.38,0.7919,0.2081,1,baixo,0
2300903,Apuiarés,CE,Nordeste,80.8,80.0,-0.8,95.6,0.7919,0.2081,0,baixo,3
4101655,Arapuã,PR,Sul,54.39,58.64,4.25,92.31,0.792,0.208,1,baixo,0
3140001,Mariana,MG,Sudeste,53.77,58.12,4.35,89.68,0.792,0.208,1,baixo,0
5215207,Novo Brasil,GO,Centro-Oeste,84.09,80.0,-4.09,88.24,0.7922,0.2078,0,baixo,3
3169406,Três Pontas,MG,Sudeste,61.16,64.27,3.11,94.98,0.7923,0.2077,1,baixo,3
3554656,Torre de Pedra,SP,Sudeste,33.33,40.22,6.89,93.1,0.7924,0.2076,0,baixo,0
3150406,Piedade dos Gerais,MG,Sudeste,71.95,73.21,1.26,95.83,0.7925,0.2075,1,baixo,3
3202256,Governador Lindenberg,ES,Sudeste,64.12,66.72,2.6,96.43,0.7926,0.2074,1,baixo,3
2804300,Muribeca,SE,Nordeste,10.0,15.64,5.64,88.89,0.7927,0.2073,1,baixo,0
2209971,São João do Arraial,PI,Nordeste,33.59,40.46,6.87,97.83,0.7927,0.2073,1,baixo,0
5102793,Carlinda,MT,Centro-Oeste,42.52,48.49,5.97,85.71,0.7928,0.2072,1,baixo,0
5206305,Cristianópolis,GO,Centro-Oeste,88.62,80.0,-8.62,83.33,0.7933,0.2067,1,baixo,2
5204508,Caldas Novas,GO,Centro-Oeste,58.83,62.34,3.51,90.27,0.7934,0.2066,1,baixo,3
5219506,Santa Rosa de Goiás,GO,Centro-Oeste,80.22,80.0,-0.22,91.11,0.7938,0.2062,1,baixo,3
3535903,Paranapuã,SP,Sudeste,32.42,39.38,6.96,90.91,0.7938,0.2062,1,baixo,0
2301000,Aquiraz,CE,Nordeste,87.89,80.0,-7.89,92.31,0.7944,0.2056,1,baixo,2
3146107,Ouro Preto,MG,Sudeste,55.48,59.55,4.07,90.26,0.7946,0.2054,1,baixo,3
3200136,Águia Branca,ES,Sudeste,92.32,80.0,-12.32,94.08,0.7946,0.2054,1,baixo,2
5216908,Pilar de Goiás,GO,Centro-Oeste,96.02,80.0,-16.02,90.0,0.7951,0.2049,1,baixo,2
3124104,Esmeraldas,MG,Sudeste,50.73,55.55,4.82,85.63,0.7951,0.2049,1,baixo,1
5210604,Itaguaru,GO,Centro-Oeste,81.65,80.0,-1.65,90.38,0.7953,0.2047,1,baixo,3
3150604,Piracema,MG,Sudeste,66.97,69.08,2.11,96.15,0.7956,0.2044,1,baixo,3
1703008,Babaçulândia,TO,Norte,20.49,27.6,7.11,85.22,0.7956,0.2044,0,baixo,0
5211701,Jandaia,GO,Centro-Oeste,77.19,77.61,0.42,96.83,0.7958,0.2042,1,baixo,3
5217401,Pires do Rio,GO,Centro-Oeste,67.36,69.4,2.04,89.4,0.7959,0.2041,1,baixo,3
3107802,Bom Jesus do Galho,MG,Sudeste,93.18,80.0,-13.18,98.18,0.796,0.204,0,baixo,2
5004403,Inocência,MS,Centro-Oeste,33.64,40.51,6.87,86.4,0.7961,0.2039,1,baixo,0
5208004,Formosa,GO,Centro-Oeste,63.28,66.03,2.75,91.2,0.7965,0.2035,0,baixo,3
2308377,Miraíma,CE,Nordeste,86.66,80.0,-6.66,92.89,0.7967,0.2033,1,baixo,2
1712702,Mateiros,TO,Norte,27.59,34.77,7.18,85.29,0.7968,0.2032,0,baixo,0
5107263,Santo Afonso,MT,Centro-Oeste,52.08,56.69,4.61,87.5,0.7969,0.2031,1,baixo,1
5204607,Campestre de Goiás,GO,Centro-Oeste,79.35,79.44,0.09,96.49,0.7969,0.2031,1,baixo,3
3163706,São Lourenço,MG,Sudeste,64.13,66.73,2.6,94.42,0.7972,0.2028,1,baixo,3
2300408,Aiuaba,CE,Nordeste,75.14,75.88,0.74,94.77,0.7972,0.2028,0,baixo,3
3158300,Santana da Vargem,MG,Sudeste,64.87,67.34,2.47,96.61,0.7972,0.2028,1,baixo,3
2207900,Pedro II,PI,Nordeste,25.09,32.31,7.22,93.3,0.7973,0.2027,1,baixo,0
3168309,Taquaraçu de Minas,MG,Sudeste,66.07,68.34,2.27,91.23,0.7973,0.2027,1,baixo,3
5219100,Santa Bárbara de Goiás,GO,Centro-Oeste,78.28,78.53,0.25,92.05,0.7975,0.2025,1,baixo,3
5213707,Montes Claros de Goiás,GO,Centro-Oeste,66.57,68.75,2.18,87.63,0.7976,0.2024,1,baixo,3
3105301,Bandeira do Sul,MG,Sudeste,73.41,74.43,1.02,97.73,0.7976,0.2024,1,baixo,3
3141801,Minas Novas,MG,Sudeste,70.15,71.72,1.57,94.89,0.7978,0.2022,1,baixo,3
3115706,Central de Minas,MG,Sudeste,71.27,72.65,1.38,96.23,0.798,0.202,1,baixo,3
3159704,Santa Rosa da Serra,MG,Sudeste,72.97,74.06,1.09,92.86,0.798,0.202,1,baixo,3
5107776,Santa Terezinha,MT,Centro-Oeste,39.81,46.1,6.29,82.35,0.798,0.202,0,baixo,1
2505600,Diamante,PB,Nordeste,25.0,32.22,7.22,94.12,0.7983,0.2017,1,baixo,0
2307304,Juazeiro do Norte,CE,Nordeste,60.56,63.78,3.22,93.76,0.7984,0.2016,0,baixo,3
3130556,Imbé de Minas,MG,Sudeste,65.59,67.94,2.35,89.55,0.7988,0.2012,1,baixo,3
3536901,Pedranópolis,SP,Sudeste,39.13,45.5,6.37,92.0,0.799,0.201,1,baixo,0
5107578,Rondolândia,MT,Centro-Oeste,29.04,36.18,7.14,84.21,0.799,0.201,1,baixo,0
3507407,Borborema,SP,Sudeste,93.18,80.0,-13.18,97.83,0.7991,0.2009,0,baixo,2
3158904,Santana do Manhuaçu,MG,Sudeste,90.59,80.0,-10.59,88.6,0.7991,0.2009,0,baixo,2
2111722,Satubinha,MA,Nordeste,100.0,80.0,-20.0,89.29,0.7992,0.2008,0,baixo,2
2300309,Acopiara,CE,Nordeste,62.63,65.49,2.86,93.42,0.7993,0.2007,0,baixo,3
5003256,Costa Rica,MS,Centro-Oeste,38.85,45.24,6.39,92.23,0.7998,0.2002,1,baixo,0
2313757,Umirim,CE,Nordeste,67.93,69.88,1.95,94.91,0.7999,0.2001,1,baixo,3
2209658,São Francisco de Assis do Piauí,PI,Nordeste,33.64,40.51,6.87,100.0,0.8,0.2,0,baixo,0
3146255,Padre Carvalho,MG,Sudeste,47.09,52.45,5.36,74.24,0.8,0.2,1,baixo,1
5212808,Mara Rosa,GO,Centro-Oeste,69.6,71.26,1.66,92.8,0.8,0.2,1,baixo,3
5212907,Marzagão,GO,Centro-Oeste,92.15,80.0,-12.15,90.0,0.8004,0.1996,1,baixo,2
5104500,Indiavaí,MT,Centro-Oeste,44.71,50.4,5.69,86.84,0.8005,0.1995,1,baixo,0
2907400,Catolândia,BA,Nordeste,10.48,16.24,5.76,81.82,0.8005,0.1995,1,baixo,0
3136553,José Raydan,MG,Sudeste,79.09,79.22,0.13,96.49,0.8009,0.1991,0,baixo,3
2203750,Fartura do Piauí,PI,Nordeste,36.65,43.27,6.62,97.14,0.801,0.199,1,baixo,0
3159209,Santa Rita de Caldas,MG,Sudeste,86.83,80.0,-6.83,96.23,0.8011,0.1989,1,baixo,2
5214838,Nova Crixás,GO,Centro-Oeste,64.36,66.92,2.56,85.33,0.8012,0.1988,1,baixo,3
3508900,Caiabu,SP,Sudeste,44.44,50.17,5.73,100.0,0.8014,0.1986,1,baixo,0
3203163,Laranja da Terra,ES,Sudeste,87.53,80.0,-7.53,95.0,0.8017,0.1983,1,baixo,2
3111507,Campos Altos,MG,Sudeste,58.27,61.87,3.6,88.81,0.8018,0.1982,1,baixo,3
3161007,São Domingos do Prata,MG,Sudeste,69.05,70.8,1.75,96.69,0.8018,0.1982,1,baixo,3
5222302,Vila Propício,GO,Centro-Oeste,74.44,75.29,0.85,90.54,0.8019,0.1981,1,baixo,3
5006408,Pedro Gomes,MS,Centro-Oeste,33.66,40.53,6.87,83.47,0.802,0.198,1,baixo,1
3122207,Divinolândia de Minas,MG,Sudeste,67.53,69.54,2.01,96.88,0.8022,0.1978,1,baixo,3
5202353,Arenópolis,GO,Centro-Oeste,91.53,80.0,-11.53,84.85,0.8023,0.1977,1,baixo,2
3157708,Santa Juliana,MG,Sudeste,62.9,65.71,2.81,97.8,0.8025,0.1975,0,baixo,3
5201207,Anhanguera,GO,Centro-Oeste,80.0,80.0,0.0,100.0,0.8025,0.1975,1,baixo,3
5209903,Iaciara,GO,Centro-Oeste,64.01,66.63,2.62,89.41,0.8025,0.1975,0,baixo,3
3115102,Cássia,MG,Sudeste,70.66,72.14,1.48,94.52,0.8027,0.1973,1,baixo,3
5006358,Paranhos,MS,Centro-Oeste,44.89,50.56,5.67,97.78,0.8028,0.1972,1,baixo,0
3108008,Bom Sucesso,MG,Sudeste,67.28,69.34,2.06,97.18,0.8029,0.1971,1,baixo,3
2300101,Abaiara,CE,Nordeste,88.3,80.0,-8.3,97.25,0.803,0.197,1,baixo,2
5220108,São Luís de Montes Belos,GO,Centro-Oeste,66.51,68.7,2.19,90.48,0.8033,0.1967,1,baixo,3
3117009,Comercinho,MG,Sudeste,58.27,61.87,3.6,86.49,0.8035,0.1965,1,baixo,1
2405405,Japi,RN,Nordeste,15.32,21.97,6.65,87.88,0.8036,0.1964,1,baixo,0
5214507,Nerópolis,GO,Centro-Oeste,68.08,70.0,1.92,92.4,0.8036,0.1964,1,baixo,3
3103801,Arapuá,MG,Sudeste,84.21,80.0,-4.21,100.0,0.8037,0.1963,1,baixo,3
3113701,Carlos Chagas,MG,Sudeste,56.45,60.36,3.91,93.52,0.8038,0.1962,0,baixo,3
5208103,Formoso,GO,Centro-Oeste,70.81,72.26,1.45,91.84,0.804,0.196,1,baixo,3
3166204,Senhora dos Remédios,MG,Sudeste,100.0,80.0,-20.0,93.33,0.8041,0.1959,0,baixo,2
2300754,Amontada,CE,Nordeste,83.0,80.0,-3.0,96.31,0.8043,0.1957,1,baixo,3
2211100,União,PI,Nordeste,26.82,34.02,7.2,94.2,0.8043,0.1957,1,baixo,0
2610806,Pedra,PE,Nordeste,47.04,52.41,5.37,93.41,0.8043,0.1957,1,baixo,0
5207907,Flores de Goiás,GO,Centro-Oeste,66.75,68.9,2.15,91.18,0.8044,0.1956,0,baixo,3
3143450,Montezuma,MG,Sudeste,54.21,58.49,4.28,87.34,0.8048,0.1952,1,baixo,0
2301851,Banabuiú,CE,Nordeste,80.28,80.0,-0.28,95.13,0.8049,0.1951,0,baixo,3
5220603,Silvânia,GO,Centro-Oeste,86.01,80.0,-6.01,92.82,0.805,0.195,1,baixo,2
3165701,Senador Firmino,MG,Sudeste,66.34,68.56,2.22,96.12,0.8054,0.1946,1,baixo,3
4121000,Querência do Norte,PR,Sul,45.28,50.89,5.61,91.57,0.8055,0.1945,0,baixo,0
3165107,São Tomás de Aquino,MG,Sudeste,68.13,70.04,1.91,92.06,0.8055,0.1945,1,baixo,3
3512704,Corumbataí,SP,Sudeste,43.63,49.46,5.83,94.83,0.8056,0.1944,1,baixo,0
5218391,Professor Jamil,GO,Centro-Oeste,81.62,80.0,-1.62,88.57,0.8056,0.1944,0,baixo,3
2313401,Tianguá,CE,Nordeste,84.36,80.0,-4.36,94.76,0.8057,0.1943,1,baixo,2
3142601,Monsenhor Paulo,MG,Sudeste,62.69,65.54,2.85,91.18,0.8058,0.1942,1,baixo,3
5106000,Nortelândia,MT,Centro-Oeste,47.48,52.79,5.31,91.36,0.8058,0.1942,1,baixo,0
3157336,Santa Cruz de Minas,MG,Sudeste,63.86,66.51,2.65,90.28,0.8059,0.1941,0,baixo,3
3128907,Guimarânia,MG,Sudeste,60.59,63.8,3.21,91.43,0.8062,0.1938,1,baixo,3
3150703,Pirajuba,MG,Sudeste,63.4,66.13,2.73,95.95,0.8062,0.1938,1,baixo,3
3109709,Cachoeira de Minas,MG,Sudeste,61.69,64.71,3.02,91.03,0.8064,0.1936,1,baixo,3
3166709,Serra dos Aimorés,MG,Sudeste,51.8,56.46,4.66,80.33,0.8065,0.1935,1,baixo,1
5210307,Israelândia,GO,Centro-Oeste,88.14,80.0,-8.14,82.76,0.8066,0.1934,1,baixo,2
3162955,São José da Lapa,MG,Sudeste,62.41,65.31,2.9,94.62,0.8067,0.1933,1,baixo,3
2703601,Japaratinga,AL,Nordeste,23.07,30.27,7.2,93.7,0.8071,0.1929,0,baixo,0
3161403,São Francisco do Glória,MG,Sudeste,59.41,62.82,3.41,84.31,0.8072,0.1928,1,baixo,1
3130101,Igarapé,MG,Sudeste,51.87,56.52,4.65,83.95,0.8074,0.1926,1,baixo,1
3134905,Jacutinga,MG,Sudeste,59.84,63.18,3.34,92.82,0.8074,0.1926,1,baixo,3
3509809,Campos Novos Paulista,SP,Sudeste,32.08,39.06,6.98,91.38,0.8075,0.1925,1,baixo,0
3160959,São Domingos das Dores,MG,Sudeste,90.7,80.0,-10.7,97.4,0.8076,0.1924,1,baixo,2
3109907,Caetanópolis,MG,Sudeste,55.11,59.24,4.13,87.68,0.8078,0.1922,1,baixo,0
2203255,Curralinhos,PI,Nordeste,32.63,39.57,6.94,93.94,0.8079,0.1921,0,baixo,0
5207253,Doverlândia,GO,Centro-Oeste,78.21,78.47,0.26,94.44,0.8079,0.1921,1,baixo,3
2614857,Tamandaré,PE,Nordeste,44.9,50.56,5.66,88.79,0.808,0.192,1,baixo,0
1703826,Cachoeirinha,TO,Norte,27.54,34.72,7.18,87.88,0.808,0.192,1,baixo,0
2108702,Pio XII,MA,Nordeste,24.85,32.07,7.22,82.61,0.8083,0.1917,1,baixo,1
3147709,Passa Tempo,MG,Sudeste,80.61,80.0,-0.61,100.0,0.8083,0.1917,0,baixo,3
3148806,Pedra do Anta,MG,Sudeste,85.38,80.0,-5.38,96.3,0.8084,0.1916,1,baixo,2
3146008,Ouro Fino,MG,Sudeste,63.84,66.49,2.65,93.64,0.8086,0.1914,1,baixo,3
2603207,Caetés,PE,Nordeste,45.78,51.32,5.54,95.67,0.8089,0.1911,1,baixo,0
5219357,Santa Isabel,GO,Centro-Oeste,79.49,79.56,0.07,100.0,0.8091,0.1909,0,baixo,3
4107256,Douradina,PR,Sul,50.3,55.19,4.89,95.61,0.8092,0.1908,1,baixo,0
3134400,Iturama,MG,Sudeste,55.84,59.85,4.01,90.34,0.8093,0.1907,1,baixo,3
2304954,Guaiúba,CE,Nordeste,72.74,73.87,1.13,96.09,0.8093,0.1907,1,baixo,3
5200852,Americano do Brasil,GO,Centro-Oeste,74.3,75.18,0.88,95.45,0.8095,0.1905,1,baixo,3
3546256,Santa Cruz da Esperança,SP,Sudeste,45.93,51.45,5.52,96.3,0.8096,0.1904,0,baixo,0
2608255,Jucati,PE,Nordeste,44.05,49.83,5.78,96.15,0.81,0.19,1,baixo,0
2302008,Barro,CE,Nordeste,67.84,69.8,1.96,93.84,0.8101,0.1899,0,baixo,3
5007109,Ribas do Rio Pardo,MS,Centro-Oeste,34.35,41.16,6.81,87.81,0.8105,0.1895,1,baixo,0
3122405,Divisa Nova,MG,Sudeste,64.28,66.86,2.58,92.41,0.8106,0.1894,1,baixo,3
5213756,Montividiu,GO,Centro-Oeste,65.97,68.25,2.28,92.21,0.8108,0.1892,1,baixo,3
3124302,Espinosa,MG,Sudeste,64.25,66.83,2.58,95.0,0.8109,0.1891,0,baixo,3
3113503,Carbonita,MG,Sudeste,64.55,67.08,2.53,94.12,0.8113,0.1887,1,baixo,3
5219209,Santa Cruz de Goiás,GO,Centro-Oeste,72.59,73.75,1.16,87.88,0.8113,0.1887,1,baixo,3
5106422,Peixoto de Azevedo,MT,Centro-Oeste,36.06,42.73,6.67,84.64,0.8117,0.1883,0,baixo,0
5213509,Monte Alegre de Goiás,GO,Centro-Oeste,73.88,74.82,0.94,96.77,0.812,0.188,1,baixo,3
3160108,Santo Antônio do Grama,MG,Sudeste,82.71,80.0,-2.71,97.96,0.812,0.188,1,baixo,3
5213806,Morrinhos,GO,Centro-Oeste,62.28,65.2,2.92,88.05,0.812,0.188,1,baixo,3
3168606,Teófilo Otoni,MG,Sudeste,50.75,55.57,4.82,88.24,0.8121,0.1879,1,baixo,0
5103353,Confresa,MT,Centro-Oeste,35.6,42.31,6.71,86.84,0.8126,0.1874,1,baixo,0
3110301,Caldas,MG,Sudeste,51.38,56.1,4.72,83.97,0.8126,0.1874,1,baixo,1
3529658,Mesópolis,SP,Sudeste,34.78,41.56,6.78,85.19,0.8126,0.1874,1,baixo,0
3202553,Ibitirama,ES,Sudeste,73.91,74.85,0.94,99.19,0.8129,0.1871,1,baixo,3
5221502,Turvânia,GO,Centro-Oeste,72.58,73.74,1.16,87.27,0.8129,0.1871,1,baixo,3
3148707,Pedra Azul,MG,Sudeste,57.01,60.83,3.82,90.34,0.813,0.187,0,baixo,3
3138658,Lontra,MG,Sudeste,64.02,66.64,2.62,94.78,0.813,0.187,1,baixo,3
3103108,Antônio Prado de Minas,MG,Sudeste,78.57,78.78,0.21,100.0,0.813,0.187,1,baixo,3
3107000,Biquinhas,MG,Sudeste,88.0,80.0,-8.0,100.0,0.8134,0.1866,0,baixo,2
2301703,Aurora,CE,Nordeste,72.85,73.96,1.11,96.21,0.8138,0.1862,0,baixo,3
5220207,São Miguel do Araguaia,GO,Centro-Oeste,86.66,80.0,-6.66,89.76,0.8138,0.1862,1,baixo,2
3554755,Trabiju,SP,Sudeste,100.0,80.0,-20.0,92.31,0.8139,0.1861,0,baixo,2
3151206,Pirapora,MG,Sudeste,49.51,54.52,5.01,91.77,0.8141,0.1859,1,baixo,0
5206404,Crixás,GO,Centro-Oeste,66.73,68.88,2.15,89.41,0.8142,0.1858,1,baixo,3
3166907,Serrania,MG,Sudeste,63.81,66.47,2.66,90.91,0.8142,0.1858,1,baixo,3
5004304,Iguatemi,MS,Centro-Oeste,38.28,44.73,6.45,90.48,0.8144,0.1856,1,baixo,0
2302909,Capistrano,CE,Nordeste,77.64,77.99,0.35,98.03,0.8146,0.1854,1,baixo,3
5214903,Nova Roma,GO,Centro-Oeste,61.29,64.38,3.09,85.29,0.8146,0.1854,1,baixo,1
3127388,Goianá,MG,Sudeste,75.0,75.76,0.76,100.0,0.8153,0.1847,1,baixo,3
2303501,Cascavel,CE,Nordeste,87.56,80.0,-7.56,93.2,0.8153,0.1847,1,baixo,2
3119955,Córrego Fundo,MG,Sudeste,69.55,71.22,1.67,98.55,0.8154,0.1846,1,baixo,3
4213302,Ponte Alta,SC,Sul,40.98,47.14,6.16,78.05,0.8155,0.1845,1,baixo,1
3204203,Piúma,ES,Sudeste,62.47,65.36,2.89,90.18,0.8155,0.1845,1,baixo,3
5212253,Lagoa Santa,GO,Centro-Oeste,80.95,80.0,-0.95,91.3,0.8162,0.1838,0,baixo,3
3135407,Jeceaba,MG,Sudeste,67.57,69.58,2.01,93.65,0.8163,0.1837,1,baixo,3
2310308,Parambu,CE,Nordeste,83.15,80.0,-3.15,94.14,0.8164,0.1836,1,baixo,3
2609907,Ouricuri,PE,Nordeste,36.16,42.82,6.66,91.34,0.8165,0.1835,0,baixo,0
1700301,Aguiarnópolis,TO,Norte,25.2,32.42,7.22,93.24,0.8166,0.1834,1,baixo,0
3121100,Delfim Moreira,MG,Sudeste,63.46,66.18,2.72,95.83,0.8167,0.1833,1,baixo,3
3154200,Resende Costa,MG,Sudeste,57.85,61.52,3.67,91.3,0.8168,0.1832,1,baixo,3
5221908,Varjão,GO,Centro-Oeste,97.74,80.0,-17.74,78.18,0.817,0.183,1,baixo,2
3137502,Lagoa Formosa,MG,Sudeste,60.53,63.75,3.22,94.17,0.8171,0.1829,1,baixo,3
5221809,Urutaí,GO,Centro-Oeste,78.1,78.38,0.28,90.32,0.8171,0.1829,0,baixo,3
5216403,Paraúna,GO,Centro-Oeste,61.83,64.83,3.0,85.26,0.8172,0.1828,1,baixo,1
3128105,Guapé,MG,Sudeste,58.55,62.11,3.56,93.37,0.8174,0.1826,1,baixo,3
5203906,Buriti Alegre,GO,Centro-Oeste,69.02,70.78,1.76,94.55,0.8175,0.1825,0,baixo,3
1721307,Tupiratins,TO,Norte,25.0,32.22,7.22,94.12,0.8176,0.1824,1,baixo,0
5204003,Cabeceiras,GO,Centro-Oeste,69.66,71.31,1.65,94.0,0.8176,0.1824,1,baixo,3
3171154,Vermelho Novo,MG,Sudeste,73.55,74.55,1.0,100.0,0.8177,0.1823,1,baixo,3
5214705,Nova América,GO,Centro-Oeste,89.9,80.0,-9.9,86.11,0.818,0.182,1,baixo,2
5209952,Indiara,GO,Centro-Oeste,67.15,69.23,2.08,93.9,0.818,0.182,1,baixo,3
3170750,Varjão de Minas,MG,Sudeste,57.22,61.0,3.78,89.63,0.8181,0.1819,1,baixo,3
3122801,Dom Viçoso,MG,Sudeste,94.28,80.0,-14.28,91.89,0.8183,0.1817,1,baixo,2
3104106,Arceburgo,MG,Sudeste,86.77,80.0,-6.77,95.51,0.8184,0.1816,1,baixo,2
3200359,Alto Rio Novo,ES,Sudeste,64.65,67.16,2.51,93.07,0.8184,0.1816,1,baixo,3
1718303,Praia Norte,TO,Norte,18.07,25.02,6.95,76.81,0.8184,0.1816,1,baixo,1
5218607,Rialma,GO,Centro-Oeste,68.21,70.11,1.9,90.77,0.8185,0.1815,1,baixo,3
3149200,Pedrinópolis,MG,Sudeste,59.7,63.06,3.36,95.74,0.8187,0.1813,1,baixo,3
3106002,Bela Vista de Minas,MG,Sudeste,63.8,66.46,2.66,93.44,0.8189,0.1811,1,baixo,3
2312502,São João do Jaguaribe,CE,Nordeste,79.82,79.85,0.03,96.0,0.819,0.181,1,baixo,3
2307601,Limoeiro do Norte,CE,Nordeste,87.84,80.0,-7.84,91.07,0.8191,0.1809,1,baixo,2
3124906,Eugenópolis,MG,Sudeste,56.5,60.4,3.9,87.1,0.8193,0.1807,1,baixo,3
3111150,Campo Azul,MG,Sudeste,84.73,80.0,-4.73,100.0,0.8193,0.1807,0,baixo,2
2312403,São Gonçalo do Amarante,CE,Nordeste,81.99,80.0,-1.99,96.47,0.8198,0.1802,1,baixo,3
2307502,Lavras da Mangabeira,CE,Nordeste,75.38,76.08,0.7,96.84,0.8199,0.1801,0,baixo,3
2313807,Uruburetama,CE,Nordeste,81.36,80.0,-1.36,97.53,0.82,0.18,1,baixo,3
2308104,Mauriti,CE,Nordeste,84.73,80.0,-4.73,98.21,0.8202,0.1798,1,baixo,2
3103751,Araporã,MG,Sudeste,62.72,65.56,2.84,92.86,0.8202,0.1798,1,baixo,3
1722107,Xambioá,TO,Norte,22.0,29.18,7.18,83.58,0.8203,0.1797,1,baixo,0
5221452,Trombas,GO,Centro-Oeste,90.94,80.0,-10.94,88.89,0.8203,0.1797,1,baixo,2
2307007,Jaguaruana,CE,Nordeste,84.18,80.0,-4.18,93.35,0.8205,0.1795,1,baixo,2
3144904,Nova Módica,MG,Sudeste,83.33,80.0,-3.33,100.0,0.8206,0.1794,1,baixo,3
4204194,Chapadão do Lageado,SC,Sul,52.44,57.0,4.56,90.74,0.8207,0.1793,1,baixo,0
5107750,Salto do Céu,MT,Centro-Oeste,95.24,80.0,-15.24,93.33,0.8208,0.1792,1,baixo,2
3128709,Guaxupé,MG,Sudeste,53.45,57.85,4.4,90.22,0.8209,0.1791,1,baixo,0
5106182,Nova Lacerda,MT,Centro-Oeste,55.17,59.29,4.12,96.33,0.821,0.179,1,baixo,3
3161056,São Félix de Minas,MG,Sudeste,68.09,70.01,1.92,93.62,0.821,0.179,0,baixo,3
5210109,Ipameri,GO,Centro-Oeste,64.1,66.71,2.61,87.83,0.8213,0.1787,1,baixo,3
3140704,Mateus Leme,MG,Sudeste,56.77,60.63,3.86,89.73,0.8214,0.1786,1,baixo,3
3132503,Itamarandiba,MG,Sudeste,59.11,62.57,3.46,94.66,0.8215,0.1785,1,baixo,3
2206670,Morro do Chapéu do Piauí,PI,Nordeste,28.84,35.98,7.14,94.12,0.8215,0.1785,1,baixo,0
5219605,Santa Tereza de Goiás,GO,Centro-Oeste,96.21,80.0,-16.21,87.1,0.8216,0.1784,1,baixo,2
3112901,Caputira,MG,Sudeste,59.39,62.8,3.41,93.69,0.8217,0.1783,1,baixo,3
3145208,Nova Serrana,MG,Sudeste,54.95,59.11,4.16,95.23,0.8218,0.1782,1,baixo,3
2105807,Lago do Junco,MA,Nordeste,100.0,80.0,-20.0,94.74,0.822,0.178,1,baixo,2
3146909,Papagaios,MG,Sudeste,47.1,52.46,5.36,85.47,0.822,0.178,1,baixo,1
3159001,Santana do Riacho,MG,Sudeste,60.89,64.05,3.16,88.73,0.8224,0.1776,1,baixo,3
3113404,Caratinga,MG,Sudeste,50.26,55.16,4.9,90.06,0.8226,0.1774,1,baixo,0
5216452,Perolândia,GO,Centro-Oeste,77.62,77.97,0.35,96.15,0.8226,0.1774,0,baixo,3
1505205,Oeiras do Pará,PA,Norte,18.54,25.53,6.99,83.66,0.823,0.177,1,baixo,0
5216007,Panamá,GO,Centro-Oeste,75.33,76.04,0.71,93.48,0.8233,0.1767,1,baixo,3
2805901,Riachuelo,SE,Nordeste,11.32,17.27,5.95,94.64,0.8234,0.1766,1,baixo,0
5006259,Novo Horizonte do Sul,MS,Centro-Oeste,47.37,52.69,5.32,100.0,0.8239,0.1761,1,baixo,0
3154903,Rio Casca,MG,Sudeste,59.63,63.0,3.37,91.6,0.8239,0.1761,0,baixo,3
3105400,Barão de Cocais,MG,Sudeste,58.76,62.28,3.52,93.35,0.824,0.176,1,baixo,3
3112307,Capelinha,MG,Sudeste,56.35,60.28,3.93,91.83,0.8241,0.1759,1,baixo,3
2204907,Isaías Coelho,PI,Nordeste,27.85,35.03,7.18,98.36,0.8241,0.1759,0,baixo,0
3170602,Vargem Bonita,MG,Sudeste,58.82,62.33,3.51,89.47,0.8241,0.1759,1,baixo,3
2302701,Campos Sales,CE,Nordeste,84.18,80.0,-4.18,96.74,0.8243,0.1757,1,baixo,2
2612406,Sanharó,PE,Nordeste,41.8,47.86,6.06,93.78,0.8243,0.1757,1,baixo,0
2306900,Jaguaribe,CE,Nordeste,85.97,80.0,-5.97,95.52,0.8245,0.1755,1,baixo,2
5221551,Turvelândia,GO,Centro-Oeste,68.16,70.07,1.91,90.91,0.8249,0.1751,1,baixo,3
5001904,Bataguassu,MS,Centro-Oeste,37.66,44.18,6.52,96.05,0.825,0.175,1,baixo,0
3152204,Porteirinha,MG,Sudeste,63.54,66.24,2.7,96.97,0.825,0.175,1,baixo,3
2414704,Várzea,RN,Nordeste,17.25,24.12,6.87,81.08,0.825,0.175,1,baixo,1
2301505,Arneiroz,CE,Nordeste,73.64,74.62,0.98,95.35,0.8252,0.1748,1,baixo,3
3160900,São Brás do Suaçuí,MG,Sudeste,68.37,70.24,1.87,91.78,0.8253,0.1747,1,baixo,3
2404705,Ipanguaçu,RN,Nordeste,13.69,20.1,6.41,84.67,0.826,0.174,1,baixo,0
3102050,Alto Caparaó,MG,Sudeste,93.75,80.0,-13.75,94.51,0.8261,0.1739,1,baixo,2
2513604,Santana dos Garrotes,PB,Nordeste,32.69,39.63,6.94,100.0,0.8262,0.1738,1,baixo,0
5200258,Águas Lindas de Goiás,GO,Centro-Oeste,48.9,54.0,5.1,86.58,0.8263,0.1737,0,baixo,0
3102605,Andradas,MG,Sudeste,56.29,60.22,3.93,94.24,0.8266,0.1734,1,baixo,3
4116307,Munhoz de Melo,PR,Sul,53.23,57.66,4.43,91.84,0.8268,0.1732,1,baixo,3
5204250,Cachoeira Dourada,GO,Centro-Oeste,72.51,73.68,1.17,95.5,0.8268,0.1732,1,baixo,3
2311801,Russas,CE,Nordeste,92.93,80.0,-12.93,90.85,0.8269,0.1731,1,baixo,2
5108204,Torixoréu,MT,Centro-Oeste,95.14,80.0,-15.14,91.49,0.827,0.173,1,baixo,2
4219358,Vitor Meireles,SC,Sul,44.55,50.26,5.71,78.69,0.8271,0.1729,1,baixo,1
2803104,Itabi,SE,Nordeste,19.35,26.4,7.05,93.94,0.8273,0.1727,1,baixo,0
3203304,Mantenópolis,ES,Sudeste,91.73,80.0,-11.73,94.44,0.8274,0.1726,1,baixo,2
5204904,Campos Belos,GO,Centro-Oeste,65.21,67.62,2.41,90.16,0.8274,0.1726,1,baixo,3
3118106,Congonhas do Norte,MG,Sudeste,91.99,80.0,-11.99,86.36,0.8276,0.1724,0,baixo,2
3162104,São Gotardo,MG,Sudeste,53.04,57.5,4.46,88.91,0.8277,0.1723,1,baixo,0
3121001,Datas,MG,Sudeste,80.04,80.0,-0.04,98.9,0.8277,0.1723,1,baixo,3
3103504,Araguari,MG,Sudeste,47.93,53.17,5.24,91.0,0.8279,0.1721,1,baixo,0
3109105,Bueno Brandão,MG,Sudeste,63.01,65.8,2.79,93.27,0.828,0.172,1,baixo,3
2706109,Ouro Branco,AL,Nordeste,20.41,27.52,7.11,94.44,0.828,0.172,1,baixo,0
5206701,Damianópolis,GO,Centro-Oeste,70.55,72.05,1.5,91.38,0.828,0.172,1,baixo,3
3106655,Berizal,MG,Sudeste,68.3,70.18,1.88,93.33,0.8283,0.1717,1,baixo,3
2311306,Quixadá,CE,Nordeste,88.36,80.0,-8.36,95.28,0.8284,0.1716,1,baixo,2
3170800,Várzea da Palma,MG,Sudeste,61.71,64.73,3.02,92.39,0.8288,0.1712,1,baixo,3
5200605,Alto Paraíso de Goiás,GO,Centro-Oeste,82.88,80.0,-2.88,98.73,0.8289,0.1711,0,baixo,3
3145877,Orizânia,MG,Sudeste,62.75,65.59,2.84,90.74,0.8289,0.1711,1,baixo,3
3129400,Ibertioga,MG,Sudeste,89.43,80.0,-9.43,94.74,0.8291,0.1709,1,baixo,2
2301307,Araripe,CE,Nordeste,75.5,76.18,0.68,96.41,0.8291,0.1709,1,baixo,3
3150000,Pescador,MG,Sudeste,88.06,80.0,-8.06,93.62,0.8293,0.1707,0,baixo,2
3202801,Itapemirim,ES,Sudeste,60.92,64.07,3.15,91.38,0.8293,0.1707,1,baixo,3
3124005,Ervália,MG,Sudeste,54.48,58.71,4.23,87.57,0.8295,0.1705,1,baixo,3
3124401,Espírito Santo do Dourado,MG,Sudeste,66.49,68.68,2.19,93.55,0.8296,0.1704,0,baixo,3
3169109,Toledo,MG,Sudeste,63.11,65.89,2.78,91.89,0.8299,0.1701,1,baixo,3
2313302,Tauá,CE,Nordeste,87.18,80.0,-7.18,94.73,0.83,0.17,1,baixo,2
3152808,Prata,MG,Sudeste,55.38,59.46,4.08,91.97,0.8301,0.1699,0,baixo,3
3170305,Umburatiba,MG,Sudeste,63.7,66.38,2.68,90.91,0.8303,0.1697,0,baixo,3
3200102,Afonso Cláudio,ES,Sudeste,86.5,80.0,-6.5,97.36,0.8304,0.1696,1,baixo,2
3106606,Bertópolis,MG,Sudeste,59.47,62.87,3.4,95.65,0.8304,0.1696,1,baixo,3
3145372,Novorizonte,MG,Sudeste,68.05,69.97,1.92,97.62,0.8306,0.1694,1,baixo,3
5203807,Britânia,GO,Centro-Oeste,82.04,80.0,-2.04,90.32,0.8308,0.1692,1,baixo,3
5100409,Alto Garças,MT,Centro-Oeste,40.74,46.93,6.19,90.21,0.8309,0.1691,1,baixo,0
5215603,Padre Bernardo,GO,Centro-Oeste,58.23,61.84,3.61,86.84,0.8311,0.1689,1,baixo,1
3100104,Abadia dos Dourados,MG,Sudeste,61.41,64.48,3.07,89.83,0.8312,0.1688,1,baixo,3
3143500,Morada Nova de Minas,MG,Sudeste,86.32,80.0,-6.32,98.17,0.8312,0.1688,0,baixo,2
3137403,Lagoa Dourada,MG,Sudeste,63.91,66.55,2.64,95.37,0.8319,0.1681,1,baixo,3
3122702,Dom Silvério,MG,Sudeste,66.83,68.96,2.13,96.36,0.832,0.168,1,baixo,3
5205901,Corumbaíba,GO,Centro-Oeste,71.44,72.79,1.35,87.88,0.8323,0.1677,1,baixo,3
3101300,Alagoa,MG,Sudeste,67.0,69.11,2.11,96.0,0.8326,0.1674,1,baixo,3
2507002,Itaporanga,PB,Nordeste,17.96,24.9,6.94,74.87,0.8329,0.1671,1,baixo,1
5202809,Avelinópolis,GO,Centro-Oeste,71.44,72.79,1.35,87.5,0.8331,0.1669,1,baixo,3
3101805,Alpercata,MG,Sudeste,46.13,51.63,5.5,80.33,0.8331,0.1669,1,baixo,1
5206602,Cumari,GO,Centro-Oeste,76.19,76.76,0.57,91.3,0.8332,0.1668,0,baixo,3
5204854,Campo Limpo de Goiás,GO,Centro-Oeste,86.91,80.0,-6.91,96.4,0.8333,0.1667,1,baixo,2
3165560,Sem-Peixe,MG,Sudeste,76.47,77.0,0.53,100.0,0.8334,0.1666,1,baixo,3
3138906,Machacalis,MG,Sudeste,62.01,64.98,2.97,93.26,0.8335,0.1665,1,baixo,3
2301208,Aracoiaba,CE,Nordeste,87.25,80.0,-7.25,97.01,0.8335,0.1665,1,baixo,2
5205703,Córrego do Ouro,GO,Centro-Oeste,77.4,77.79,0.39,95.65,0.8337,0.1663,1,baixo,3
3127354,Glaucilândia,MG,Sudeste,57.14,60.93,3.79,93.33,0.8339,0.1661,1,baixo,0
3139904,Maria da Fé,MG,Sudeste,60.99,64.13,3.14,91.96,0.8344,0.1656,1,baixo,3
3116803,Coluna,MG,Sudeste,64.06,66.67,2.61,98.65,0.8345,0.1655,1,baixo,3
1721257,Tupirama,TO,Norte,36.36,43.0,6.64,100.0,0.8346,0.1654,1,baixo,0
3126901,Frei Inocêncio,MG,Sudeste,53.11,57.56,4.45,86.6,0.8348,0.1652,1,baixo,1
5005608,Miranda,MS,Centro-Oeste,26.61,33.82,7.21,83.33,0.8351,0.1649,1,baixo,0
3114907,Casa Grande,MG,Sudeste,68.75,70.55,1.8,94.12,0.8352,0.1648,1,baixo,3
3115474,Catuti,MG,Sudeste,61.25,64.35,3.1,96.3,0.8354,0.1646,1,baixo,3
5107198,Ribeirãozinho,MT,Centro-Oeste,48.96,54.05,5.09,92.45,0.8354,0.1646,0,baixo,0
2606705,Ibirajuba,PE,Nordeste,39.34,45.68,6.34,95.31,0.8355,0.1645,1,baixo,0
3107109,Boa Esperança,MG,Sudeste,53.83,58.17,4.34,97.08,0.8358,0.1642,1,baixo,0
3133105,Itanhandu,MG,Sudeste,89.82,80.0,-9.82,95.1,0.8358,0.1642,1,baixo,2
2310001,Palhano,CE,Nordeste,70.54,72.04,1.5,94.39,0.836,0.164,1,baixo,3
2412807,São Rafael,RN,Nordeste,19.8,26.88,7.08,88.89,0.8361,0.1639,0,baixo,0
2306306,Itapajé,CE,Nordeste,90.68,80.0,-10.68,92.7,0.8361,0.1639,1,baixo,2
1703909,Caseara,TO,Norte,17.04,23.89,6.85,82.35,0.8362,0.1638,1,baixo,0
2807303,Telha,SE,Nordeste,17.39,24.28,6.89,92.0,0.8364,0.1636,1,baixo,0
2309102,Mulungu,CE,Nordeste,85.81,80.0,-5.81,93.7,0.8364,0.1636,1,baixo,2
2612901,São Benedito do Sul,PE,Nordeste,34.56,41.36,6.8,91.59,0.8365,0.1635,1,baixo,0
2111078,São João do Soter,MA,Nordeste,24.38,31.6,7.22,94.32,0.8365,0.1635,1,baixo,0
3120839,Cuparaque,MG,Sudeste,98.0,80.0,-18.0,88.0,0.8366,0.1634,0,baixo,2
5220454,Senador Canedo,GO,Centro-Oeste,48.52,53.68,5.16,84.59,0.8368,0.1632,1,baixo,1
5222203,Vila Boa,GO,Centro-Oeste,83.76,80.0,-3.76,92.11,0.8368,0.1632,0,baixo,3
5201603,Araçu,GO,Centro-Oeste,77.27,77.68,0.41,88.0,0.8368,0.1632,1,baixo,3
3156205,Rochedo de Minas,MG,Sudeste,56.55,60.44,3.89,85.71,0.837,0.163,0,baixo,1
3140209,Maripá de Minas,MG,Sudeste,65.47,67.84,2.37,95.35,0.837,0.163,0,baixo,3
5215504,Ouvidor,GO,Centro-Oeste,65.43,67.81,2.38,89.22,0.837,0.163,1,baixo,3
5004908,Jaraguari,MS,Centro-Oeste,38.46,44.9,6.44,93.64,0.8371,0.1629,1,baixo,0
2415008,Vila Flor,RN,Nordeste,19.38,26.43,7.05,88.46,0.8374,0.1626,1,baixo,0
2508109,Lagoa,PB,Nordeste,25.0,32.22,7.22,84.62,0.8377,0.1623,1,baixo,0
5006309,Paranaíba,MS,Centro-Oeste,30.65,37.71,7.06,92.15,0.8377,0.1623,1,baixo,0
5215900,Palminópolis,GO,Centro-Oeste,89.15,80.0,-9.15,93.88,0.8383,0.1617,1,baixo,2
3158003,Santa Maria de Itabira,MG,Sudeste,54.64,58.85,4.21,90.35,0.8383,0.1617,1,baixo,0
2303907,Chaval,CE,Nordeste,75.3,76.01,0.71,97.83,0.8383,0.1617,1,baixo,3
3166402,Seritinga,MG,Sudeste,64.0,66.62,2.62,92.59,0.8384,0.1616,1,baixo,3
3135308,Japaraíba,MG,Sudeste,71.03,72.45,1.42,96.3,0.8384,0.1616,1,baixo,3
5103437,Curvelândia,MT,Centro-Oeste,33.24,40.14,6.9,84.34,0.8385,0.1615,1,baixo,0
1712454,Luzinópolis,TO,Norte,25.0,32.22,7.22,90.91,0.8385,0.1615,1,baixo,0
5211602,Ivolândia,GO,Centro-Oeste,80.84,80.0,-0.84,96.55,0.8387,0.1613,0,baixo,3
3114709,Carvalhópolis,MG,Sudeste,76.96,77.41,0.45,100.0,0.8389,0.1611,1,baixo,3
2205300,Jerumenha,PI,Nordeste,26.32,33.53,7.21,100.0,0.8389,0.1611,1,baixo,0
3127008,Fronteira,MG,Sudeste,52.87,57.36,4.49,93.26,0.839,0.161,1,baixo,0
5106455,Planalto da Serra,MT,Centro-Oeste,58.62,62.17,3.55,98.41,0.8391,0.1609,1,baixo,3
3515806,Flora Rica,SP,Sudeste,30.0,37.09,7.09,80.0,0.8391,0.1609,0,baixo,1
4216503,São Joaquim,SC,Sul,34.45,41.26,6.81,82.18,0.8392,0.1608,1,baixo,1
3171501,Mathias Lobato,MG,Sudeste,51.56,56.26,4.7,73.81,0.8393,0.1607,1,baixo,1
3170529,Urucuia,MG,Sudeste,56.93,60.76,3.83,97.39,0.8393,0.1607,1,baixo,3
3135100,Janaúba,MG,Sudeste,49.64,54.63,4.99,96.12,0.8396,0.1604,1,baixo,0
5200902,Amorinópolis,GO,Centro-Oeste,70.75,72.21,1.46,92.68,0.8397,0.1603,1,baixo,3
3141207,Matutina,MG,Sudeste,91.3,80.0,-11.3,95.83,0.8399,0.1601,1,baixo,2
3106309,Belo Oriente,MG,Sudeste,57.1,60.9,3.8,93.73,0.84,0.16,1,baixo,3
5201702,Aragarças,GO,Centro-Oeste,63.56,66.26,2.7,88.14,0.8402,0.1598,1,baixo,3
2501575,Barra de Santana,PB,Nordeste,28.04,35.21,7.17,96.15,0.8404,0.1596,1,baixo,0
2302503,Brejo Santo,CE,Nordeste,93.05,80.0,-13.05,95.43,0.8406,0.1594,1,baixo,2
2505204,Cuitegi,PB,Nordeste,29.25,36.38,7.13,94.23,0.8408,0.1592,0,baixo,0
3144300,Nanuque,MG,Sudeste,51.97,56.6,4.63,95.9,0.8408,0.1592,1,baixo,0
5000708,Anastácio,MS,Centro-Oeste,27.37,34.56,7.19,83.0,0.8409,0.1591,1,baixo,0
3149952,Periquito,MG,Sudeste,45.31,50.92,5.61,78.9,0.8409,0.1591,0,baixo,1
2210938,Sussuapara,PI,Nordeste,27.08,34.28,7.2,88.24,0.8411,0.1589,1,baixo,0
3165552,Setubinha,MG,Sudeste,48.72,53.85,5.13,100.0,0.8411,0.1589,1,baixo,0
5102702,Canarana,MT,Centro-Oeste,32.45,39.4,6.95,85.77,0.8411,0.1589,1,baixo,0
3117306,Conceição das Alagoas,MG,Sudeste,55.38,59.46,4.08,91.52,0.8411,0.1589,0,baixo,3
2200509,Amarante,PI,Nordeste,22.26,29.44,7.18,94.81,0.8415,0.1585,1,baixo,0
1704105,Centenário,TO,Norte,23.33,30.54,7.21,93.75,0.8416,0.1584,1,baixo,0
3127305,Galiléia,MG,Sudeste,47.26,52.6,5.34,82.93,0.842,0.158,1,baixo,1
3102704,Cachoeira de Pajeú,MG,Sudeste,60.31,63.57,3.26,94.85,0.8428,0.1572,1,baixo,3
3125804,Fernandes Tourinho,MG,Sudeste,63.45,66.17,2.72,93.75,0.843,0.157,0,baixo,3
3102852,Angelândia,MG,Sudeste,59.72,63.08,3.36,95.15,0.843,0.157,1,baixo,3
5200803,Alvorada do Norte,GO,Centro-Oeste,64.57,67.1,2.53,94.5,0.843,0.157,0,baixo,3
2301406,Aratuba,CE,Nordeste,86.27,80.0,-6.27,95.32,0.8432,0.1568,1,baixo,2
3119708,Coronel Xavier Chaves,MG,Sudeste,72.49,73.66,1.17,95.65,0.8433,0.1567,1,baixo,3
3130507,Ilicínea,MG,Sudeste,45.97,51.49,5.52,89.78,0.844,0.156,1,baixo,0
3101409,Albertina,MG,Sudeste,69.57,71.23,1.66,94.74,0.8441,0.1559,1,baixo,3
3170909,Varzelândia,MG,Sudeste,46.77,52.18,5.41,88.66,0.8441,0.1559,1,baixo,0
3145505,Olímpio Noronha,MG,Sudeste,62.27,65.19,2.92,92.86,0.8441,0.1559,1,baixo,3
5212204,Jussara,GO,Centro-Oeste,58.98,62.46,3.48,90.43,0.8442,0.1558,1,baixo,3
3161106,São Francisco,MG,Sudeste,46.23,51.71,5.48,89.09,0.8443,0.1557,1,baixo,0
2507606,Juarez Távora,PB,Nordeste,28.86,36.0,7.14,95.65,0.8449,0.1551,0,baixo,0
3144706,Nova Era,MG,Sudeste,60.32,63.58,3.26,96.82,0.8451,0.1549,1,baixo,3
3167905,Tabuleiro,MG,Sudeste,80.53,80.0,-0.53,98.08,0.8451,0.1549,0,baixo,3
2311603,Redenção,CE,Nordeste,84.99,80.0,-4.99,97.28,0.8451,0.1549,1,baixo,2
3106804,Bias Fortes,MG,Sudeste,68.75,70.55,1.8,94.12,0.8461,0.1539,1,baixo,3
1718865,Santa Fé do Araguaia,TO,Norte,16.67,23.48,6.81,81.82,0.8461,0.1539,1,baixo,0
5215256,Novo Planalto,GO,Centro-Oeste,84.74,80.0,-4.74,98.31,0.8464,0.1536,1,baixo,3
3102001,Alterosa,MG,Sudeste,61.55,64.6,3.05,94.19,0.8465,0.1535,1,baixo,3
3158201,Santa Maria do Suaçuí,MG,Sudeste,61.58,64.62,3.04,95.83,0.8466,0.1534,1,baixo,3
3147303,Paraisópolis,MG,Sudeste,60.77,63.95,3.18,96.09,0.847,0.153,1,baixo,3
3116159,Chapada Gaúcha,MG,Sudeste,49.17,54.23,5.06,91.43,0.8471,0.1529,1,baixo,0
3119203,Coroaci,MG,Sudeste,56.22,60.17,3.95,90.57,0.8471,0.1529,1,baixo,3
5205208,Caturaí,GO,Centro-Oeste,68.4,70.26,1.86,88.51,0.8472,0.1528,1,baixo,3
3132909,Itamogi,MG,Sudeste,61.13,64.25,3.12,96.53,0.8475,0.1525,1,baixo,3
2707008,Pindoba,AL,Nordeste,29.05,36.18,7.13,96.88,0.8475,0.1525,1,baixo,0
3158102,Santa Maria do Salto,MG,Sudeste,47.31,52.64,5.33,85.19,0.8476,0.1524,1,baixo,1
3115201,Conceição da Barra de Minas,MG,Sudeste,68.75,70.55,1.8,100.0,0.8477,0.1523,0,baixo,3
3117702,Conceição do Rio Verde,MG,Sudeste,89.94,80.0,-9.94,96.86,0.8479,0.1521,0,baixo,2
3127503,Gonzaga,MG,Sudeste,66.42,68.63,2.21,96.77,0.8479,0.1521,1,baixo,3
3165305,São Vicente de Minas,MG,Sudeste,60.1,63.39,3.29,92.96,0.848,0.152,1,baixo,3
3159605,Santa Rita do Sapucaí,MG,Sudeste,49.69,54.67,4.98,93.58,0.848,0.152,1,baixo,0
2200103,Agricolândia,PI,Nordeste,32.61,39.55,6.94,100.0,0.8481,0.1519,1,baixo,0
3515905,Floreal,SP,Sudeste,100.0,80.0,-20.0,100.0,0.8482,0.1518,1,baixo,2
1712504,Marianópolis do Tocantins,TO,Norte,24.15,31.37,7.22,93.62,0.8484,0.1516,1,baixo,0
3163102,São José da Varginha,MG,Sudeste,55.14,59.26,4.12,87.72,0.8485,0.1515,1,baixo,1
3148756,Pedra Bonita,MG,Sudeste,61.37,64.45,3.08,94.29,0.8487,0.1513,1,baixo,3
3164472,São Sebastião do Anta,MG,Sudeste,58.19,61.81,3.62,96.47,0.8487,0.1513,1,baixo,3
3114600,Carrancas,MG,Sudeste,70.36,71.89,1.53,91.67,0.849,0.151,1,baixo,3
3133303,Itaobim,MG,Sudeste,49.69,54.67,4.98,91.3,0.8493,0.1507,0,baixo,0
2210623,Sebastião Barros,PI,Nordeste,26.0,33.21,7.21,93.55,0.8494,0.1506,1,baixo,0
5100102,Acorizal,MT,Centro-Oeste,38.04,44.52,6.48,86.44,0.8494,0.1506,0,baixo,0
3151404,Pitangui,MG,Sudeste,92.14,80.0,-12.14,98.21,0.8494,0.1506,1,baixo,2
3108404,Botelhos,MG,Sudeste,65.49,67.86,2.37,100.0,0.8494,0.1506,1,baixo,3
1718881,Santa Maria do Tocantins,TO,Norte,24.56,31.78,7.22,90.74,0.8498,0.1502,1,baixo,0
3167400,Silvianópolis,MG,Sudeste,54.05,58.35,4.3,92.19,0.8498,0.1502,1,baixo,0
2502102,Boa Ventura,PB,Nordeste,28.58,35.73,7.15,91.18,0.8498,0.1502,1,baixo,0
1711951,Lagoa do Tocantins,TO,Norte,20.75,27.88,7.13,87.32,0.8498,0.1502,0,baixo,0
2517209,Vieirópolis,PB,Nordeste,28.19,35.36,7.17,90.48,0.8498,0.1502,1,baixo,0
5206503,Cromínia,GO,Centro-Oeste,55.88,59.88,4.0,86.0,0.85,0.15,1,baixo,1
3132701,Itambacuri,MG,Sudeste,51.6,56.29,4.69,92.98,0.8502,0.1498,1,baixo,0
3107505,Bom Jardim de Minas,MG,Sudeste,47.71,52.98,5.27,87.65,0.8504,0.1496,1,baixo,0
2313351,Tejuçuoca,CE,Nordeste,85.37,80.0,-5.37,98.81,0.8505,0.1495,1,baixo,2
3162922,São Joaquim de Bicas,MG,Sudeste,48.19,53.39,5.2,88.55,0.8505,0.1495,1,baixo,0
3134301,Itumirim,MG,Sudeste,59.21,62.66,3.45,90.7,0.8505,0.1495,1,baixo,3
3131158,Ipaba,MG,Sudeste,62.96,65.76,2.8,98.02,0.8505,0.1495,1,baixo,3
5203559,Bonfinópolis,GO,Centro-Oeste,58.03,61.67,3.64,87.25,0.8507,0.1493,1,baixo,1
3203809,Muqui,ES,Sudeste,63.47,66.19,2.72,97.08,0.8508,0.1492,1,baixo,3
3116605,Cláudio,MG,Sudeste,61.05,64.18,3.13,97.33,0.851,0.149,1,baixo,3
4212650,Pescaria Brava,SC,Sul,40.37,46.6,6.23,88.98,0.8513,0.1487,0,baixo,0
5203302,Bela Vista de Goiás,GO,Centro-Oeste,61.22,64.32,3.1,89.88,0.8513,0.1487,0,baixo,3
2313500,Trairi,CE,Nordeste,89.87,80.0,-9.87,93.88,0.8515,0.1485,1,baixo,2
5200555,Alto Horizonte,GO,Centro-Oeste,66.64,68.81,2.17,92.74,0.8516,0.1484,1,baixo,3
2614303,Moreilândia,PE,Nordeste,44.18,49.94,5.76,94.55,0.8516,0.1484,1,baixo,0
1718550,Riachinho,TO,Norte,21.31,28.46,7.15,85.25,0.8518,0.1482,1,baixo,0
3106903,Bicas,MG,Sudeste,45.18,50.81,5.63,80.34,0.8519,0.1481,1,baixo,1
5220058,São João da Paraúna,GO,Centro-Oeste,87.5,80.0,-7.5,96.0,0.8519,0.1481,1,baixo,2
3154408,Ressaquinha,MG,Sudeste,55.59,59.64,4.05,92.59,0.8522,0.1478,1,baixo,0
3127404,Gonçalves,MG,Sudeste,62.15,65.09,2.94,92.73,0.8523,0.1477,1,baixo,3
5201801,Aragoiânia,GO,Centro-Oeste,54.97,59.12,4.15,81.4,0.8525,0.1475,1,baixo,1
2313104,Tabuleiro do Norte,CE,Nordeste,88.99,80.0,-8.99,93.37,0.8526,0.1474,1,baixo,2
2205557,Lagoa Alegre,PI,Nordeste,21.65,28.81,7.16,91.89,0.8527,0.1473,1,baixo,0
5206800,Damolândia,GO,Centro-Oeste,93.21,80.0,-13.21,91.18,0.8533,0.1467,1,baixo,2
5220157,São Luiz do Norte,GO,Centro-Oeste,75.36,76.07,0.71,90.91,0.8535,0.1465,1,baixo,3
3134004,Itinga,MG,Sudeste,52.26,56.85,4.59,93.55,0.8535,0.1465,1,baixo,0
3162807,São João Evangelista,MG,Sudeste,92.58,80.0,-12.58,91.11,0.8542,0.1458,0,baixo,2
3100203,Abaeté,MG,Sudeste,52.32,56.9,4.58,90.23,0.8543,0.1457,1,baixo,0
3131505,Ipuiúna,MG,Sudeste,52.86,57.35,4.49,90.41,0.8545,0.1455,1,baixo,0
5205497,Cidade Ocidental,GO,Centro-Oeste,51.3,56.04,4.74,87.09,0.8546,0.1454,1,baixo,0
2305704,Ipaumirim,CE,Nordeste,87.85,80.0,-7.85,98.53,0.8548,0.1452,1,baixo,2
3129608,Ibiaí,MG,Sudeste,56.95,60.78,3.83,92.11,0.8549,0.1451,1,baixo,3
5108501,Vera,MT,Centro-Oeste,34.76,41.54,6.78,89.23,0.8549,0.1451,1,baixo,0
5212006,Jaupaci,GO,Centro-Oeste,97.43,80.0,-17.43,88.57,0.8558,0.1442,1,baixo,2
2305233,Horizonte,CE,Nordeste,93.36,80.0,-13.36,88.26,0.8559,0.1441,1,baixo,2
2514008,São João do Cariri,PB,Nordeste,29.59,36.7,7.11,85.71,0.8561,0.1439,1,baixo,0
3150158,Piedade de Caratinga,MG,Sudeste,52.84,57.33,4.49,87.18,0.8564,0.1436,1,baixo,1
3171709,Virgínia,MG,Sudeste,57.94,61.6,3.66,95.0,0.8564,0.1436,1,baixo,3
3100401,Acaiaca,MG,Sudeste,87.39,80.0,-7.39,94.12,0.8564,0.1436,0,baixo,2
5215231,Novo Gama,GO,Centro-Oeste,52.29,56.87,4.58,87.06,0.857,0.143,1,baixo,1
3138807,Luz,MG,Sudeste,54.44,58.68,4.24,95.79,0.8571,0.1429,1,baixo,0
2303204,Caririaçu,CE,Nordeste,90.05,80.0,-10.05,95.86,0.8572,0.1428,1,baixo,2
3155009,Rio Doce,MG,Sudeste,87.87,80.0,-7.87,100.0,0.8574,0.1426,1,baixo,2
5002605,Camapuã,MS,Centro-Oeste,32.2,39.17,6.97,95.35,0.8577,0.1423,1,baixo,0
2301109,Aracati,CE,Nordeste,89.12,80.0,-9.12,96.77,0.8579,0.1421,1,baixo,2
3149606,Pequi,MG,Sudeste,64.18,66.77,2.59,94.83,0.8579,0.1421,1,baixo,3
3135902,Jesuânia,MG,Sudeste,62.05,65.01,2.96,93.33,0.8585,0.1415,1,baixo,3
3113008,Caraí,MG,Sudeste,42.04,48.07,6.03,86.67,0.8588,0.1412,1,baixo,0
4203402,Campo Belo do Sul,SC,Sul,41.77,47.83,6.06,92.5,0.8589,0.1411,1,baixo,0
2314102,Viçosa do Ceará,CE,Nordeste,88.59,80.0,-8.59,98.06,0.8589,0.1411,1,baixo,2
5218003,Porangatu,GO,Centro-Oeste,51.66,56.34,4.68,85.06,0.8591,0.1409,0,baixo,1
3134103,Itueta,MG,Sudeste,55.54,59.6,4.06,91.3,0.8596,0.1404,1,baixo,3
2211209,Uruçuí,PI,Nordeste,27.78,34.96,7.18,95.76,0.8596,0.1404,0,baixo,0
5200050,Abadia de Goiás,GO,Centro-Oeste,59.84,63.18,3.34,88.15,0.8598,0.1402,1,baixo,3
5103361,Conquista D'Oeste,MT,Centro-Oeste,40.85,47.02,6.17,89.09,0.8599,0.1401,1,baixo,0
3118502,Consolação,MG,Sudeste,62.5,65.38,2.88,94.12,0.8599,0.1401,0,baixo,3
3164902,São Sebastião do Rio Verde,MG,Sudeste,68.42,70.28,1.86,100.0,0.8603,0.1397,1,baixo,3
3108909,Brazópolis,MG,Sudeste,50.86,55.66,4.8,90.79,0.8603,0.1397,1,baixo,0
3107901,Bom Repouso,MG,Sudeste,56.55,60.44,3.89,94.94,0.8606,0.1394,1,baixo,3
3110400,Camacho,MG,Sudeste,91.3,80.0,-11.3,100.0,0.8606,0.1394,1,baixo,2
3117405,Conceição de Ipanema,MG,Sudeste,90.0,80.0,-10.0,100.0,0.8607,0.1393,0,baixo,2
4202602,Bom Retiro,SC,Sul,32.45,39.4,6.95,81.33,0.8607,0.1393,1,baixo,1
3136603,Nova União,MG,Sudeste,47.99,53.22,5.23,85.87,0.8608,0.1392,1,baixo,1
3160801,São Bento Abade,MG,Sudeste,58.23,61.84,3.61,98.67,0.8608,0.1392,1,baixo,3
4202438,Bocaina do Sul,SC,Sul,39.12,45.49,6.37,78.26,0.8609,0.1391,0,baixo,1
2311504,Quixeré,CE,Nordeste,86.21,80.0,-6.21,95.97,0.8609,0.1391,1,baixo,2
3144607,Nepomuceno,MG,Sudeste,53.67,58.03,4.36,94.72,0.861,0.139,1,baixo,0
3169505,Tumiritinga,MG,Sudeste,45.36,50.96,5.6,79.31,0.861,0.139,1,baixo,1
1703842,Campos Lindos,TO,Norte,16.16,22.91,6.75,91.36,0.8612,0.1388,1,baixo,0
2609303,Mirandiba,PE,Nordeste,35.45,42.17,6.72,93.61,0.8614,0.1386,1,baixo,0
2306256,Itaitinga,CE,Nordeste,85.82,80.0,-5.82,96.25,0.8615,0.1385,1,baixo,2
3136306,João Pinheiro,MG,Sudeste,60.09,63.39,3.3,88.24,0.8616,0.1384,1,baixo,3
3161809,São Gonçalo do Pará,MG,Sudeste,61.12,64.24,3.12,100.0,0.8617,0.1383,1,baixo,3
3141108,Matozinhos,MG,Sudeste,47.48,52.79,5.31,89.91,0.8622,0.1378,1,baixo,0
3110806,Campanário,MG,Sudeste,61.46,64.52,3.06,82.35,0.8623,0.1377,0,baixo,1
3159407,Santa Rita de Ibitipoca,MG,Sudeste,65.38,67.77,2.39,100.0,0.8623,0.1377,1,baixo,3
3170503,Urucânia,MG,Sudeste,55.56,59.62,4.06,87.84,0.8624,0.1376,1,baixo,3
3157401,Santa Cruz do Escalvado,MG,Sudeste,54.55,58.77,4.22,91.67,0.8625,0.1375,1,baixo,0
5200134,Acreúna,GO,Centro-Oeste,58.49,62.06,3.57,88.81,0.8625,0.1375,1,baixo,3
4215687,Santa Terezinha do Progresso,SC,Sul,54.12,58.41,4.29,93.94,0.8626,0.1374,1,baixo,3
2209203,Santa Filomena,PI,Nordeste,27.74,34.92,7.18,97.3,0.863,0.137,1,baixo,0
3130655,Indaiabira,MG,Sudeste,56.13,60.09,3.96,98.31,0.8632,0.1368,1,baixo,3
5221197,Terezópolis de Goiás,GO,Centro-Oeste,57.84,61.52,3.68,87.16,0.8633,0.1367,1,baixo,1
3140100,Marilac,MG,Sudeste,63.09,65.87,2.78,97.96,0.8634,0.1366,0,baixo,3
3164803,São Sebastião do Rio Preto,MG,Sudeste,66.67,68.83,2.16,100.0,0.8634,0.1366,1,baixo,3
3115300,Cataguases,MG,Sudeste,36.0,42.67,6.67,82.48,0.8636,0.1364,1,baixo,1
3171071,Veredinha,MG,Sudeste,62.13,65.08,2.95,94.64,0.8636,0.1364,1,baixo,3
5205307,Cavalcante,GO,Centro-Oeste,60.19,63.47,3.28,90.48,0.8638,0.1362,1,baixo,3
3143005,Monte Belo,MG,Sudeste,50.21,55.11,4.9,89.66,0.8638,0.1362,1,baixo,0
5106505,Poconé,MT,Centro-Oeste,31.43,38.45,7.02,91.82,0.8639,0.1361,0,baixo,0
3114105,Carmo de Minas,MG,Sudeste,56.53,60.43,3.9,95.08,0.864,0.136,1,baixo,3
3156106,Ritápolis,MG,Sudeste,64.3,66.87,2.57,92.31,0.8642,0.1358,1,baixo,3
5214879,Nova Iguaçu de Goiás,GO,Centro-Oeste,92.68,80.0,-12.68,90.2,0.8643,0.1357,1,baixo,2
3159357,Santa Rita de Minas,MG,Sudeste,61.31,64.4,3.09,96.25,0.8648,0.1352,0,baixo,3
5211404,Itauçu,GO,Centro-Oeste,96.95,80.0,-16.95,87.14,0.8648,0.1352,1,baixo,2
3141702,Mesquita,MG,Sudeste,53.17,57.61,4.44,91.18,0.8651,0.1349,1,baixo,0
3109303,Buritis,MG,Sudeste,52.14,56.75,4.61,91.8,0.8654,0.1346,1,baixo,0
3120706,Cruzeiro da Fortaleza,MG,Sudeste,62.42,65.32,2.9,100.0,0.8656,0.1344,1,baixo,3
3129202,Heliodora,MG,Sudeste,48.35,53.53,5.18,92.42,0.8656,0.1344,1,baixo,0
3142106,Miradouro,MG,Sudeste,47.26,52.6,5.34,85.45,0.866,0.134,1,baixo,1
1100346,Alvorada D'Oeste,RO,Norte,29.2,36.33,7.13,88.42,0.8669,0.1331,1,baixo,0
2305357,Icapuí,CE,Nordeste,82.16,80.0,-2.16,96.08,0.867,0.133,0,baixo,3
3107406,Bom Despacho,MG,Sudeste,42.86,48.79,5.93,86.45,0.8671,0.1329,1,baixo,0
3169208,Tombos,MG,Sudeste,56.82,60.67,3.85,95.24,0.8672,0.1328,1,baixo,3
3145604,Oliveira,MG,Sudeste,49.74,54.71,4.97,96.54,0.8673,0.1327,1,baixo,0
3158805,Santana do Jacaré,MG,Sudeste,76.26,76.82,0.56,92.86,0.8676,0.1324,1,baixo,3
3132107,Itacarambi,MG,Sudeste,49.49,54.5,5.01,93.59,0.8677,0.1323,1,baixo,0
3152907,Pratápolis,MG,Sudeste,62.59,65.46,2.87,97.18,0.868,0.132,1,baixo,3
3147204,Paraguaçu,MG,Sudeste,62.45,65.34,2.89,96.52,0.868,0.132,1,baixo,3
3113305,Carangola,MG,Sudeste,50.83,55.64,4.81,91.23,0.868,0.132,0,baixo,0
2303402,Carnaubal,CE,Nordeste,87.03,80.0,-7.03,98.5,0.868,0.132,1,baixo,2
2209872,São João da Fronteira,PI,Nordeste,26.94,34.14,7.2,95.56,0.8681,0.1319,1,baixo,0
3132206,Itaguara,MG,Sudeste,56.99,60.81,3.82,95.95,0.8681,0.1319,1,baixo,3
2310852,Pindoretama,CE,Nordeste,90.29,80.0,-10.29,90.88,0.8682,0.1318,1,baixo,2
3152131,Ponto Chique,MG,Sudeste,61.32,64.41,3.09,95.08,0.8682,0.1318,1,baixo,3
2414308,Timbaúba dos Batistas,RN,Nordeste,20.83,27.96,7.13,92.31,0.8688,0.1312,1,baixo,0
3160603,Santo Hipólito,MG,Sudeste,58.82,62.33,3.51,94.44,0.8688,0.1312,1,baixo,3
2301950,Barreira,CE,Nordeste,88.76,80.0,-8.76,96.5,0.8689,0.1311,1,baixo,2
3133600,Itapeva,MG,Sudeste,52.0,56.63,4.63,90.1,0.8691,0.1309,1,baixo,0
2307403,Jucás,CE,Nordeste,86.69,80.0,-6.69,95.0,0.8692,0.1308,1,baixo,2
3146552,Pai Pedro,MG,Sudeste,62.52,65.4,2.88,92.19,0.8692,0.1308,1,baixo,3
2309458,Ocara,CE,Nordeste,89.45,80.0,-9.45,99.34,0.8694,0.1306,1,baixo,2
3121258,Delta,MG,Sudeste,50.98,55.77,4.79,81.02,0.8694,0.1306,0,baixo,1
5204201,Cachoeira de Goiás,GO,Centro-Oeste,65.0,67.45,2.45,83.33,0.8702,0.1298,0,baixo,1
3120151,Crisólita,MG,Sudeste,52.99,57.46,4.47,88.89,0.8702,0.1298,0,baixo,0
3156809,Sabinópolis,MG,Sudeste,40.58,46.78,6.2,88.0,0.8705,0.1295,1,baixo,0
3169802,Turvolândia,MG,Sudeste,61.67,64.7,3.03,100.0,0.8707,0.1293,1,baixo,3
3102308,Alvinópolis,MG,Sudeste,49.04,54.12,5.08,95.08,0.8712,0.1288,1,baixo,0
3534757,Ouroeste,SP,Sudeste,99.27,80.0,-19.27,95.62,0.8713,0.1287,1,baixo,2
3106408,Belo Vale,MG,Sudeste,93.05,80.0,-13.05,97.37,0.8715,0.1285,1,baixo,2
3130051,Icaraí de Minas,MG,Sudeste,53.99,58.3,4.31,93.65,0.8715,0.1285,1,baixo,3
3140308,Marliéria,MG,Sudeste,61.76,64.77,3.01,94.44,0.8717,0.1283,1,baixo,3
3164100,São Pedro do Suaçuí,MG,Sudeste,67.03,69.13,2.1,100.0,0.8718,0.1282,1,baixo,3
3131000,Inhaúma,MG,Sudeste,46.98,52.36,5.38,85.71,0.8721,0.1279,1,baixo,1
3126752,Franciscópolis,MG,Sudeste,88.58,80.0,-8.58,97.83,0.8724,0.1276,0,baixo,2
3167301,Silveirânia,MG,Sudeste,91.67,80.0,-11.67,100.0,0.8726,0.1274,1,baixo,2
3112109,Caparaó,MG,Sudeste,60.15,63.44,3.29,95.31,0.873,0.127,1,baixo,3
5203939,Buriti de Goiás,GO,Centro-Oeste,95.35,80.0,-15.35,91.49,0.8731,0.1269,1,baixo,2
1700400,Almas,TO,Norte,15.92,22.65,6.73,86.87,0.8732,0.1268,1,baixo,0
3143401,Monte Sião,MG,Sudeste,53.93,58.25,4.32,95.73,0.8733,0.1267,1,baixo,0
2201572,Belém do Piauí,PI,Nordeste,100.0,80.0,-20.0,97.3,0.8734,0.1266,1,baixo,2
3152402,Poté,MG,Sudeste,41.74,47.81,6.07,86.27,0.8738,0.1262,1,baixo,0
5005202,Ladário,MS,Centro-Oeste,25.17,32.39,7.22,91.48,0.8739,0.1261,1,baixo,0
3120102,Couto de Magalhães de Minas,MG,Sudeste,48.47,53.63,5.16,97.73,0.8742,0.1258,1,baixo,0
2311207,Potengi,CE,Nordeste,90.85,80.0,-10.85,94.02,0.8742,0.1258,1,baixo,2
3153004,Pratinha,MG,Sudeste,85.44,80.0,-5.44,98.21,0.8744,0.1256,0,baixo,2
3154804,Rio Acima,MG,Sudeste,40.74,46.93,6.19,83.62,0.8745,0.1255,1,baixo,1
2306553,Itarema,CE,Nordeste,92.56,80.0,-12.56,96.08,0.8748,0.1252,1,baixo,2
4202503,Bom Jardim da Serra,SC,Sul,40.62,46.82,6.2,94.12,0.8749,0.1251,0,baixo,0
5108857,Nova Marilândia,MT,Centro-Oeste,44.14,49.91,5.77,96.67,0.875,0.125,1,baixo,0
5214101,Mutunópolis,GO,Centro-Oeste,92.95,80.0,-12.95,92.31,0.8753,0.1247,1,baixo,2
3532868,Nova Castilho,SP,Sudeste,40.0,46.27,6.27,95.24,0.8755,0.1245,0,baixo,0
3168051,Taparuba,MG,Sudeste,44.12,49.89,5.77,100.0,0.8756,0.1244,1,baixo,0
3139607,Mantena,MG,Sudeste,49.94,54.88,4.94,91.53,0.8756,0.1244,1,baixo,0
5006903,Porto Murtinho,MS,Centro-Oeste,30.48,37.55,7.07,93.97,0.8756,0.1244,1,baixo,0
3153806,Queluzito,MG,Sudeste,61.54,64.59,3.05,86.67,0.8758,0.1242,1,baixo,3
5003504,Douradina,MS,Centro-Oeste,28.79,35.93,7.14,81.25,0.8759,0.1241,1,baixo,1
5007802,Selvíria,MS,Centro-Oeste,26.67,33.87,7.2,88.82,0.8763,0.1237,1,baixo,0
3140506,Martinho Campos,MG,Sudeste,56.02,60.0,3.98,94.74,0.8765,0.1235,1,baixo,3
2309508,Orós,CE,Nordeste,90.9,80.0,-10.9,91.53,0.8766,0.1234,1,baixo,2
1304260,Uarini,AM,Norte,13.39,19.75,6.36,80.0,0.8768,0.1232,0,baixo,1
3103405,Araçuaí,MG,Sudeste,44.27,50.02,5.75,90.72,0.8769,0.1231,1,baixo,0
3129509,Ibiá,MG,Sudeste,52.52,57.07,4.55,92.09,0.8769,0.1231,1,baixo,0
3164209,São Romão,MG,Sudeste,50.94,55.73,4.79,95.0,0.8769,0.1231,1,baixo,0
3146305,Padre Paraíso,MG,Sudeste,48.95,54.04,5.09,95.08,0.8773,0.1227,0,baixo,0
5105309,Luciara,MT,Centro-Oeste,37.65,44.17,6.52,90.63,0.8773,0.1227,1,baixo,0
5210158,Ipiranga de Goiás,GO,Centro-Oeste,93.1,80.0,-13.1,100.0,0.8776,0.1224,1,baixo,2
3156452,Rosário da Limeira,MG,Sudeste,55.93,59.92,3.99,92.86,0.8776,0.1224,1,baixo,3
5201504,Aporé,GO,Centro-Oeste,61.96,64.94,2.98,85.0,0.8777,0.1223,1,baixo,1
2305266,Ibaretama,CE,Nordeste,70.3,71.84,1.54,97.56,0.8791,0.1209,0,baixo,3
3127206,Funilândia,MG,Sudeste,51.4,56.12,4.72,86.0,0.8792,0.1208,1,baixo,1
3200508,Apiacá,ES,Sudeste,58.4,61.98,3.58,98.61,0.8794,0.1206,1,baixo,3
3166956,Serranópolis de Minas,MG,Sudeste,95.35,80.0,-15.35,95.35,0.8795,0.1205,1,baixo,2
3169703,Turmalina,MG,Sudeste,53.94,58.26,4.32,97.7,0.8796,0.1204,1,baixo,0
3151602,Planura,MG,Sudeste,45.91,51.44,5.53,92.49,0.8802,0.1198,1,baixo,0
3134509,Itutinga,MG,Sudeste,51.36,56.09,4.73,85.71,0.8802,0.1198,1,baixo,1
4112603,Jardim Olinda,PR,Sul,50.0,54.93,4.93,94.74,0.8802,0.1198,1,baixo,0
5207501,Estrela do Norte,GO,Centro-Oeste,67.18,69.25,2.07,95.24,0.8802,0.1198,1,baixo,3
3147956,Patis,MG,Sudeste,76.92,77.38,0.46,100.0,0.8803,0.1197,1,baixo,3
3110103,Caiana,MG,Sudeste,58.54,62.1,3.56,100.0,0.8804,0.1196,1,baixo,3
3104502,Arinos,MG,Sudeste,45.28,50.89,5.61,90.91,0.8804,0.1196,0,baixo,0
2501401,Baía da Traição,PB,Nordeste,21.73,28.9,7.17,90.68,0.8806,0.1194,1,baixo,0
4200556,Águas Frias,SC,Sul,42.78,48.72,5.94,92.59,0.8806,0.1194,1,baixo,0
2309805,Pacoti,CE,Nordeste,88.89,80.0,-8.89,96.92,0.8806,0.1194,1,baixo,2
5201306,Anicuns,GO,Centro-Oeste,92.26,80.0,-12.26,94.8,0.8808,0.1192,1,baixo,2
2313559,Tururu,CE,Nordeste,89.24,80.0,-9.24,93.82,0.8809,0.1191,1,baixo,2
5221007,Taquaral de Goiás,GO,Centro-Oeste,69.59,71.25,1.66,95.16,0.8812,0.1188,1,baixo,3
4214102,Presidente Nereu,SC,Sul,51.67,56.35,4.68,95.45,0.8813,0.1187,1,baixo,0
3101201,Aiuruoca,MG,Sudeste,55.3,59.4,4.1,92.5,0.8814,0.1186,1,baixo,3
5219456,Santa Rita do Novo Destino,GO,Centro-Oeste,87.69,80.0,-7.69,91.43,0.8818,0.1182,1,baixo,2
3171600,Virgem da Lapa,MG,Sudeste,50.12,55.04,4.92,95.5,0.8819,0.1181,1,baixo,0
3116001,Chalé,MG,Sudeste,89.1,80.0,-9.1,95.0,0.882,0.118,0,baixo,2
3110202,Cajuri,MG,Sudeste,64.21,66.8,2.59,96.15,0.8822,0.1178,1,baixo,3
3135506,Jequeri,MG,Sudeste,57.46,61.2,3.74,94.79,0.8829,0.1171,1,baixo,3
5212105,Joviânia,GO,Centro-Oeste,57.9,61.57,3.67,93.42,0.8831,0.1169,1,baixo,3
3112604,Capinópolis,MG,Sudeste,51.19,55.94,4.75,91.3,0.8832,0.1168,1,baixo,0
5208152,Gameleira de Goiás,GO,Centro-Oeste,98.15,80.0,-18.15,93.88,0.8835,0.1165,0,baixo,2
5216809,Petrolina de Goiás,GO,Centro-Oeste,59.28,62.71,3.43,88.71,0.8836,0.1164,1,baixo,3
5205521,Colinas do Sul,GO,Centro-Oeste,62.72,65.56,2.84,92.98,0.8836,0.1164,0,baixo,3
3113602,Careaçu,MG,Sudeste,97.42,80.0,-17.42,94.05,0.8837,0.1163,0,baixo,2
5204557,Caldazinha,GO,Centro-Oeste,72.02,73.27,1.25,98.51,0.8839,0.1161,0,baixo,3
3146750,Palmópolis,MG,Sudeste,38.71,45.12,6.41,84.91,0.884,0.116,1,baixo,0
3136652,Juatuba,MG,Sudeste,47.58,52.87,5.29,89.97,0.884,0.116,1,baixo,0
3153905,Raposos,MG,Sudeste,48.4,53.57,5.17,92.41,0.8845,0.1155,1,baixo,0
2100550,Amapá do Maranhão,MA,Nordeste,22.97,30.17,7.2,92.63,0.8845,0.1155,1,baixo,0
3135605,Jequitaí,MG,Sudeste,39.93,46.21,6.28,84.51,0.8845,0.1155,1,baixo,1
3135803,Jequitinhonha,MG,Sudeste,43.97,49.76,5.79,90.51,0.8846,0.1154,1,baixo,0
2104081,Fernando Falcão,MA,Nordeste,29.89,36.99,7.1,95.65,0.8848,0.1152,1,baixo,0
3150307,Piedade do Rio Grande,MG,Sudeste,29.38,36.5,7.12,86.21,0.8848,0.1152,1,baixo,0
3168101,Tapira,MG,Sudeste,56.1,60.07,3.97,92.42,0.8848,0.1152,1,baixo,3
3125705,Felixlândia,MG,Sudeste,52.03,56.65,4.62,99.11,0.8853,0.1147,1,baixo,0
3157278,Santa Bárbara do Monte Verde,MG,Sudeste,51.99,56.62,4.63,86.05,0.8863,0.1137,1,baixo,1
3163508,São José do Jacuri,MG,Sudeste,55.27,59.37,4.1,95.71,0.8866,0.1134,1,baixo,3
3130309,Iguatama,MG,Sudeste,98.44,80.0,-18.44,92.65,0.8872,0.1128,1,baixo,2
2507200,Itatuba,PB,Nordeste,23.32,30.53,7.21,96.12,0.8874,0.1126,1,baixo,0
3153509,Alto Jequitibá,MG,Sudeste,50.82,55.63,4.81,88.76,0.8874,0.1126,1,baixo,0
5215405,Ouro Verde de Goiás,GO,Centro-Oeste,95.87,80.0,-15.87,88.89,0.8875,0.1125,1,baixo,2
3155108,Rio do Prado,MG,Sudeste,52.94,57.42,4.48,94.44,0.8876,0.1124,1,baixo,0
4209151,José Boiteux,SC,Sul,37.11,43.68,6.57,84.09,0.8879,0.1121,1,baixo,1
1718907,Santa Rosa do Tocantins,TO,Norte,20.86,27.99,7.13,94.2,0.888,0.112,1,baixo,0
5106174,Nova Nazaré,MT,Centro-Oeste,45.8,51.34,5.54,93.18,0.8886,0.1114,1,baixo,0
3142205,Miraí,MG,Sudeste,96.19,80.0,-16.19,96.97,0.8889,0.1111,0,baixo,2
3167707,Sobrália,MG,Sudeste,66.54,68.72,2.18,92.86,0.8889,0.1111,1,baixo,3
3122900,Dona Euzébia,MG,Sudeste,47.11,52.47,5.36,92.54,0.889,0.111,1,baixo,0
3138500,Liberdade,MG,Sudeste,56.17,60.12,3.95,94.44,0.8897,0.1103,1,baixo,3
3123007,Dores de Campos,MG,Sudeste,54.67,58.87,4.2,94.44,0.89,0.11,1,baixo,3
3109600,Cachoeira da Prata,MG,Sudeste,52.4,56.96,4.56,94.44,0.8902,0.1098,1,baixo,0
3136801,Juramento,MG,Sudeste,63.23,65.99,2.76,96.55,0.8903,0.1097,0,baixo,3
4210852,Mirim Doce,SC,Sul,39.19,45.55,6.36,82.35,0.8903,0.1097,1,baixo,1
3158508,Santana de Pirapama,MG,Sudeste,44.58,50.29,5.71,88.24,0.8904,0.1096,1,baixo,0
3130002,Ibituruna,MG,Sudeste,60.59,63.8,3.21,100.0,0.8906,0.1094,1,baixo,3
3555307,Turmalina,SP,Sudeste,45.45,51.04,5.59,100.0,0.8908,0.1092,1,baixo,0
5203609,Brazabrantes,GO,Centro-Oeste,48.93,54.03,5.1,81.25,0.8913,0.1087,1,baixo,1
2312106,Santana do Cariri,CE,Nordeste,89.48,80.0,-9.48,99.21,0.8913,0.1087,1,baixo,2
3170651,Vargem Grande do Rio Pardo,MG,Sudeste,61.64,64.67,3.03,97.14,0.8914,0.1086,1,baixo,3
5204953,Campos Verdes,GO,Centro-Oeste,63.71,66.38,2.67,89.66,0.8916,0.1084,1,baixo,3
3120508,Cristina,MG,Sudeste,55.83,59.84,4.01,96.05,0.8916,0.1084,1,baixo,3
3126406,Fortuna de Minas,MG,Sudeste,59.25,62.69,3.44,90.63,0.892,0.108,1,baixo,3
5204656,Campinaçu,GO,Centro-Oeste,70.45,71.97,1.52,97.78,0.892,0.108,1,baixo,3
5220280,São Patrício,GO,Centro-Oeste,89.17,80.0,-9.17,100.0,0.892,0.108,1,baixo,2
5212956,Matrinchã,GO,Centro-Oeste,59.71,63.07,3.36,92.98,0.8921,0.1079,0,baixo,3
3136579,Josenópolis,MG,Sudeste,90.34,80.0,-10.34,96.67,0.8926,0.1074,1,baixo,2
3150570,Pintópolis,MG,Sudeste,47.97,53.21,5.24,95.74,0.8929,0.1071,1,baixo,0
3138708,Luminárias,MG,Sudeste,67.26,69.32,2.06,100.0,0.8931,0.1069,1,baixo,3
3126000,Florestal,MG,Sudeste,57.15,60.94,3.79,96.39,0.8931,0.1069,1,baixo,3
2300200,Acaraú,CE,Nordeste,95.81,80.0,-15.81,92.52,0.8931,0.1069,1,baixo,2
3128253,Guaraciama,MG,Sudeste,42.0,48.04,6.04,86.57,0.8932,0.1068,1,baixo,0
5203104,Baliza,GO,Centro-Oeste,64.29,66.86,2.57,100.0,0.8933,0.1067,1,baixo,3
3142700,Montalvânia,MG,Sudeste,48.49,53.65,5.16,93.51,0.8934,0.1066,1,baixo,0
5219753,Santo Antônio do Descoberto,GO,Centro-Oeste,42.71,48.66,5.95,83.71,0.8935,0.1065,1,baixo,1
4213906,Presidente Castello Branco,SC,Sul,47.06,52.43,5.37,89.47,0.8937,0.1063,1,baixo,0
3160207,Santo Antônio do Itambé,MG,Sudeste,46.96,52.34,5.38,86.84,0.8937,0.1063,0,baixo,0
3144375,Natalândia,MG,Sudeste,49.23,54.28,5.05,91.11,0.8937,0.1063,1,baixo,0
5106778,Porto Alegre do Norte,MT,Centro-Oeste,31.09,38.13,7.04,88.83,0.8939,0.1061,1,baixo,0
5220702,Sítio d'Abadia,GO,Centro-Oeste,57.64,61.35,3.71,91.67,0.8941,0.1059,1,baixo,0
3114550,Carneirinho,MG,Sudeste,52.21,56.8,4.59,92.38,0.8944,0.1056,1,baixo,0
3122009,Divino,MG,Sudeste,49.17,54.23,5.06,93.33,0.8945,0.1055,1,baixo,0
3120805,Cruzília,MG,Sudeste,97.18,80.0,-17.18,92.45,0.8947,0.1053,0,baixo,2
5200175,Água Fria de Goiás,GO,Centro-Oeste,55.81,59.82,4.01,90.0,0.8948,0.1052,1,baixo,0
3135050,Jaíba,MG,Sudeste,42.81,48.75,5.94,90.66,0.8949,0.1051,1,baixo,0
3148301,Paula Cândido,MG,Sudeste,53.79,58.13,4.34,93.33,0.895,0.105,1,baixo,3
3138609,Lima Duarte,MG,Sudeste,46.49,51.94,5.45,92.36,0.8952,0.1048,1,baixo,0
2211357,Várzea Branca,PI,Nordeste,25.97,33.18,7.21,100.0,0.8953,0.1047,0,baixo,0
2304285,Eusébio,CE,Nordeste,92.64,80.0,-12.64,96.61,0.8956,0.1044,1,baixo,2
3121506,Desterro do Melo,MG,Sudeste,68.18,70.08,1.9,91.67,0.8956,0.1044,1,baixo,3
1703867,Cariri do Tocantins,TO,Norte,15.77,22.48,6.71,82.26,0.8962,0.1038,1,baixo,0
3144656,Ninheira,MG,Sudeste,49.26,54.31,5.05,95.7,0.8966,0.1034,1,baixo,0
3171006,Vazante,MG,Sudeste,43.84,49.64,5.8,87.18,0.8966,0.1034,1,baixo,0
2305332,Ibicuitinga,CE,Nordeste,96.13,80.0,-16.13,95.35,0.8968,0.1032,1,baixo,2
3147402,Paraopeba,MG,Sudeste,48.84,53.95,5.11,95.81,0.8969,0.1031,1,baixo,0
3132602,Itamarati de Minas,MG,Sudeste,48.03,53.26,5.23,90.0,0.8969,0.1031,1,baixo,0
3170479,Uruana de Minas,MG,Sudeste,54.25,58.52,4.27,94.83,0.8972,0.1028,1,baixo,0
3112059,Cantagalo,MG,Sudeste,60.18,63.46,3.28,95.56,0.8974,0.1026,1,baixo,3
5219902,São Francisco de Goiás,GO,Centro-Oeste,58.94,62.43,3.49,94.19,0.8975,0.1025,1,baixo,3
2306801,Jaguaribara,CE,Nordeste,89.41,80.0,-9.41,96.92,0.8978,0.1022,1,baixo,2
3130804,Ingaí,MG,Sudeste,52.26,56.85,4.59,91.3,0.8981,0.1019,1,baixo,0
3107208,Bocaina de Minas,MG,Sudeste,50.0,54.93,4.93,100.0,0.8984,0.1016,1,baixo,0
4211850,Ouro Verde,SC,Sul,44.56,50.27,5.71,84.62,0.8989,0.1011,1,baixo,1
3153608,Prudente de Morais,MG,Sudeste,52.93,57.41,4.48,96.0,0.8989,0.1011,1,baixo,0
3165404,Sapucaí-Mirim,MG,Sudeste,52.93,57.41,4.48,97.22,0.8989,0.1011,1,baixo,0
2302602,Camocim,CE,Nordeste,94.5,80.0,-14.5,94.96,0.8991,0.1009,1,baixo,2
1709005,Goiatins,TO,Norte,12.54,18.74,6.2,88.07,0.8998,0.1002,1,baixo,0
3105202,Bandeira,MG,Sudeste,62.73,65.57,2.84,100.0,0.9001,0.0999,1,baixo,3
5207600,Fazenda Nova,GO,Centro-Oeste,96.67,80.0,-16.67,96.55,0.9003,0.0997,1,baixo,2
3101706,Almenara,MG,Sudeste,39.24,45.59,6.35,90.38,0.9008,0.0992,1,baixo,0
3125606,Felisburgo,MG,Sudeste,52.21,56.8,4.59,91.75,0.901,0.099,1,baixo,0
3140555,Mata Verde,MG,Sudeste,54.87,59.04,4.17,92.86,0.9013,0.0987,1,baixo,3
1718451,Pugmil,TO,Norte,20.72,27.85,7.13,87.88,0.9013,0.0987,1,baixo,0
2110658,São Domingos do Azeitão,MA,Nordeste,22.32,29.51,7.19,94.74,0.9014,0.0986,1,baixo,0
5214002,Mozarlândia,GO,Centro-Oeste,51.21,55.96,4.75,91.47,0.9014,0.0986,1,baixo,0
5212600,Mairipotaba,GO,Centro-Oeste,97.33,80.0,-17.33,91.67,0.9016,0.0984,0,baixo,2
2307809,Marco,CE,Nordeste,94.18,80.0,-14.18,94.9,0.9019,0.0981,1,baixo,2
3162252,São João da Lagoa,MG,Sudeste,49.97,54.91,4.94,90.91,0.9019,0.0981,1,baixo,0
3158607,Santana do Deserto,MG,Sudeste,58.32,61.92,3.6,91.84,0.9021,0.0979,1,baixo,3
5213772,Montividiu do Norte,GO,Centro-Oeste,59.37,62.79,3.42,95.24,0.9023,0.0977,1,baixo,3
3144201,Nacip Raydan,MG,Sudeste,58.67,62.21,3.54,96.15,0.9026,0.0974,1,baixo,3
5201454,Aparecida do Rio Doce,GO,Centro-Oeste,59.59,62.97,3.38,87.5,0.9026,0.0974,1,baixo,3
2311009,Poranga,CE,Nordeste,96.02,80.0,-16.02,100.0,0.9026,0.0974,1,baixo,2
2400604,Almino Afonso,RN,Nordeste,11.11,17.02,5.91,90.0,0.9028,0.0972,1,baixo,0
3138682,Luislândia,MG,Sudeste,50.0,54.93,4.93,100.0,0.9029,0.0971,1,baixo,0
5219803,São Domingos,GO,Centro-Oeste,45.68,51.24,5.56,86.67,0.9032,0.0968,1,baixo,0
2304103,Crateús,CE,Nordeste,97.13,80.0,-17.13,95.29,0.9036,0.0964,1,baixo,2
3104452,Aricanduva,MG,Sudeste,56.47,60.38,3.91,97.44,0.9036,0.0964,1,baixo,3
3121902,Divinésia,MG,Sudeste,43.0,48.91,5.91,88.24,0.9041,0.0959,1,baixo,0
3164431,São Sebastião da Vargem Alegre,MG,Sudeste,53.38,57.79,4.41,92.31,0.9044,0.0956,1,baixo,0
2308500,Mombaça,CE,Nordeste,93.52,80.0,-13.52,99.58,0.9046,0.0954,1,baixo,2
2313708,Umari,CE,Nordeste,87.59,80.0,-7.59,98.53,0.9047,0.0953,1,baixo,2
2301604,Assaré,CE,Nordeste,90.73,80.0,-10.73,98.63,0.9049,0.0951,1,baixo,2
1713957,Muricilândia,TO,Norte,17.89,24.82,6.93,91.89,0.9052,0.0948,1,baixo,0
5221080,Teresina de Goiás,GO,Centro-Oeste,56.82,60.67,3.85,96.97,0.9054,0.0946,1,baixo,0
3126802,Frei Gaspar,MG,Sudeste,51.82,56.48,4.66,92.96,0.9059,0.0941,1,baixo,0
3135704,Jequitibá,MG,Sudeste,52.44,57.0,4.56,91.53,0.906,0.094,1,baixo,0
3159100,Santana dos Montes,MG,Sudeste,61.36,64.44,3.08,100.0,0.9061,0.0939,1,baixo,3
5207105,Diorama,GO,Centro-Oeste,100.0,80.0,-20.0,93.55,0.9062,0.0938,0,baixo,2
5209804,Hidrolina,GO,Centro-Oeste,68.26,70.15,1.89,98.15,0.9064,0.0936,1,baixo,3
5200209,Água Limpa,GO,Centro-Oeste,69.57,71.23,1.66,88.46,0.9066,0.0934,1,baixo,3
3134707,Jacinto,MG,Sudeste,45.37,50.97,5.6,90.48,0.9071,0.0929,1,baixo,0
3143203,Monte Santo de Minas,MG,Sudeste,42.15,48.17,6.02,89.8,0.9071,0.0929,1,baixo,0
1709807,Ipueiras,TO,Norte,27.27,34.46,7.19,100.0,0.9073,0.0927,0,baixo,0
2304202,Crato,CE,Nordeste,93.55,80.0,-13.55,97.66,0.9074,0.0926,1,baixo,2
3135001,Jaguaraçu,MG,Sudeste,62.35,65.26,2.91,100.0,0.9082,0.0918,1,baixo,3
2206001,Marcos Parente,PI,Nordeste,22.19,29.37,7.18,95.95,0.9082,0.0918,1,baixo,0
5102694,Canabrava do Norte,MT,Centro-Oeste,34.68,41.47,6.79,91.95,0.9082,0.0918,1,baixo,0
3124807,Estrela do Sul,MG,Sudeste,46.84,52.24,5.4,96.88,0.9092,0.0908,1,baixo,0
3104809,Augusto de Lima,MG,Sudeste,48.19,53.39,5.2,92.16,0.9094,0.0906,0,baixo,0
3142254,Miravânia,MG,Sudeste,40.71,46.9,6.19,91.3,0.9099,0.0901,0,baixo,0
3117876,Confins,MG,Sudeste,52.52,57.07,4.55,95.06,0.9105,0.0895,1,baixo,0
3126703,Francisco Sá,MG,Sudeste,41.63,47.71,6.08,89.26,0.9105,0.0895,0,baixo,0
3129905,Ibitiúra de Minas,MG,Sudeste,38.1,44.57,6.47,81.82,0.9112,0.0888,1,baixo,1
3160504,Santo Antônio do Rio Abaixo,MG,Sudeste,60.0,63.31,3.31,100.0,0.9116,0.0884,1,baixo,3
3162450,São João das Missões,MG,Sudeste,40.91,47.08,6.17,91.67,0.9121,0.0879,0,baixo,0
5005152,Juti,MS,Centro-Oeste,22.63,29.82,7.19,88.31,0.9126,0.0874,1,baixo,0
3136009,Joaíma,MG,Sudeste,43.01,48.92,5.91,95.2,0.9129,0.0871,1,baixo,0
3141900,Minduri,MG,Sudeste,51.89,56.53,4.64,95.12,0.913,0.087,1,baixo,0
3120003,Córrego Novo,MG,Sudeste,46.69,52.11,5.42,89.47,0.9131,0.0869,1,baixo,0
5208509,Goiandira,GO,Centro-Oeste,44.66,50.36,5.7,83.08,0.9131,0.0869,1,baixo,1
2313252,Tarrafas,CE,Nordeste,95.11,80.0,-15.11,93.18,0.9135,0.0865,1,baixo,2
3136405,Joaquim Felício,MG,Sudeste,52.38,56.95,4.57,91.3,0.9135,0.0865,1,baixo,3
3167004,Serranos,MG,Sudeste,38.46,44.9,6.44,86.67,0.9137,0.0863,1,baixo,0
5213053,Mimoso de Goiás,GO,Centro-Oeste,66.67,68.83,2.16,95.45,0.9138,0.0862,1,baixo,3
3165602,Senador Cortes,MG,Sudeste,42.11,48.13,6.02,82.61,0.914,0.086,1,baixo,1
2313906,Uruoca,CE,Nordeste,95.51,80.0,-15.51,98.63,0.9143,0.0857,1,baixo,2
2310407,Paramoti,CE,Nordeste,98.85,80.0,-18.85,93.1,0.9145,0.0855,1,baixo,2
2311405,Quixeramobim,CE,Nordeste,98.53,80.0,-18.53,94.91,0.9145,0.0855,1,baixo,2
3144102,Muzambinho,MG,Sudeste,43.36,49.23,5.87,92.31,0.9146,0.0854,1,baixo,0
3159308,Santa Rita de Jacutinga,MG,Sudeste,41.62,47.7,6.08,90.48,0.9154,0.0846,1,baixo,0
2304608,General Sampaio,CE,Nordeste,94.2,80.0,-14.2,96.15,0.9157,0.0843,1,baixo,2
3149101,Pedralva,MG,Sudeste,50.09,55.01,4.92,98.25,0.9158,0.0842,1,baixo,0
3111903,Cana Verde,MG,Sudeste,50.78,55.6,4.82,94.55,0.9166,0.0834,1,baixo,0
3169604,Tupaciguara,MG,Sudeste,39.03,45.41,6.38,93.08,0.9173,0.0827,1,baixo,0
3122108,Divino das Laranjeiras,MG,Sudeste,41.39,47.5,6.11,89.47,0.9177,0.0823,1,baixo,0
2515807,Serra Redonda,PB,Nordeste,14.55,21.09,6.54,85.45,0.918,0.082,1,baixo,0
3156502,Rubelita,MG,Sudeste,100.0,80.0,-20.0,92.16,0.918,0.082,0,baixo,2
3149002,Pedra Dourada,MG,Sudeste,53.74,58.09,4.35,96.97,0.918,0.082,1,baixo,0
1707702,Filadélfia,TO,Norte,11.95,18.04,6.09,91.21,0.9184,0.0816,0,baixo,0
5214051,Mundo Novo,GO,Centro-Oeste,96.18,80.0,-16.18,97.47,0.9185,0.0815,1,baixo,2
3146206,Ouro Verde de Minas,MG,Sudeste,51.25,55.99,4.74,95.4,0.9186,0.0814,1,baixo,0
3157302,Santa Bárbara do Tugúrio,MG,Sudeste,50.6,55.44,4.84,94.12,0.9187,0.0813,1,baixo,0
2302800,Canindé,CE,Nordeste,96.87,80.0,-16.87,98.31,0.9193,0.0807,1,baixo,2
3171402,Vieiras,MG,Sudeste,50.44,55.31,4.87,89.74,0.9193,0.0807,1,baixo,0
3101904,Alpinópolis,MG,Sudeste,42.26,48.26,6.0,95.03,0.9194,0.0806,1,baixo,0
5001508,Bandeirantes,MS,Centro-Oeste,25.95,33.17,7.22,97.53,0.9195,0.0805,1,baixo,0
3140852,Matias Cardoso,MG,Sudeste,37.68,44.2,6.52,87.59,0.9196,0.0804,0,baixo,0
3122355,Divisa Alegre,MG,Sudeste,50.93,55.72,4.79,97.12,0.9202,0.0798,1,baixo,0
3171808,Virginópolis,MG,Sudeste,44.13,49.9,5.77,93.66,0.921,0.079,1,baixo,0
3109451,Cabeceira Grande,MG,Sudeste,40.49,46.7,6.21,88.61,0.9214,0.0786,1,baixo,0
5220504,Serranópolis,GO,Centro-Oeste,54.47,58.7,4.23,92.45,0.9215,0.0785,1,baixo,0
5213855,Morro Agudo de Goiás,GO,Centro-Oeste,100.0,80.0,-20.0,91.67,0.9216,0.0784,1,baixo,2
2516151,Sossêgo,PB,Nordeste,18.45,25.43,6.98,92.68,0.9224,0.0776,1,baixo,0
2204352,Geminiano,PI,Nordeste,19.5,26.56,7.06,93.75,0.9224,0.0776,1,baixo,0
3156403,Romaria,MG,Sudeste,57.73,61.43,3.7,93.33,0.9227,0.0773,1,baixo,3
3133204,Itanhomi,MG,Sudeste,41.07,47.22,6.15,91.51,0.923,0.077,1,baixo,0
3130705,Indianópolis,MG,Sudeste,43.12,49.02,5.9,90.28,0.923,0.077,1,baixo,0
3163300,São José do Divino,MG,Sudeste,45.36,50.96,5.6,89.66,0.923,0.077,1,baixo,0
3156007,Rio Vermelho,MG,Sudeste,43.86,49.66,5.8,98.18,0.9232,0.0768,1,baixo,0
3127057,Fronteira dos Vales,MG,Sudeste,37.26,43.82,6.56,84.85,0.9234,0.0766,1,baixo,0
2301802,Baixio,CE,Nordeste,97.63,80.0,-17.63,93.75,0.9234,0.0766,1,baixo,2
3103702,Araponga,MG,Sudeste,47.06,52.43,5.37,100.0,0.9236,0.0764,1,baixo,0
3144672,Nova Belém,MG,Sudeste,50.0,54.93,4.93,100.0,0.9241,0.0759,0,baixo,0
3172202,Wenceslau Braz,MG,Sudeste,48.66,53.79,5.13,93.1,0.9247,0.0753,1,baixo,0
3122470,Dom Bosco,MG,Sudeste,55.56,59.62,4.06,94.44,0.9252,0.0748,1,baixo,3
2502201,Bom Jesus,PB,Nordeste,25.56,32.78,7.22,97.22,0.9255,0.0745,1,baixo,0
3143153,Monte Formoso,MG,Sudeste,49.86,54.82,4.96,97.62,0.9257,0.0743,1,baixo,0
3145059,Nova Porteirinha,MG,Sudeste,41.56,47.65,6.09,95.74,0.9257,0.0743,1,baixo,0
2306702,Jaguaretama,CE,Nordeste,94.68,80.0,-14.68,96.73,0.9258,0.0742,1,baixo,2
2310704,Pentecoste,CE,Nordeste,93.06,80.0,-13.06,96.96,0.9259,0.0741,1,baixo,2
1718709,Rio dos Bois,TO,Norte,17.52,24.42,6.9,90.63,0.926,0.074,1,baixo,0
3104403,Argirita,MG,Sudeste,55.13,59.26,4.13,96.67,0.9261,0.0739,1,baixo,3
1703073,Barra do Ouro,TO,Norte,11.92,18.0,6.08,87.36,0.9263,0.0737,1,baixo,0
2302305,Bela Cruz,CE,Nordeste,95.85,80.0,-15.85,96.59,0.9265,0.0735,1,baixo,2
1715705,Palmeirante,TO,Norte,9.01,14.38,5.37,87.1,0.9266,0.0734,1,baixo,0
3157609,Santa Fé de Minas,MG,Sudeste,33.37,40.26,6.89,84.62,0.9269,0.0731,1,baixo,0
2202653,Caxingó,PI,Nordeste,20.36,27.47,7.11,98.36,0.9271,0.0729,1,baixo,0
3154150,Reduto,MG,Sudeste,39.44,45.77,6.33,90.0,0.9274,0.0726,1,baixo,0
3119005,Cordislândia,MG,Sudeste,47.14,52.49,5.35,90.7,0.9275,0.0725,1,baixo,0
3147808,Passa Vinte,MG,Sudeste,61.11,64.23,3.12,100.0,0.9277,0.0723,1,baixo,3
5212055,Jesúpolis,GO,Centro-Oeste,100.0,80.0,-20.0,90.91,0.9279,0.0721,1,baixo,2
3145356,Novo Oriente de Minas,MG,Sudeste,44.96,50.62,5.66,94.19,0.928,0.072,1,baixo,0
2311108,Porteiras,CE,Nordeste,93.46,80.0,-13.46,97.12,0.9281,0.0719,1,baixo,2
2310100,Palmácia,CE,Nordeste,98.68,80.0,-18.68,95.56,0.9282,0.0718,1,baixo,2
3172103,Volta Grande,MG,Sudeste,50.77,55.59,4.82,97.37,0.9287,0.0713,1,baixo,0
3154705,Ribeirão Vermelho,MG,Sudeste,42.82,48.75,5.93,94.87,0.9287,0.0713,1,baixo,0
3110905,Campanha,MG,Sudeste,41.96,48.0,6.04,96.79,0.9288,0.0712,1,baixo,0
3156304,Rodeiro,MG,Sudeste,44.73,50.42,5.69,94.44,0.9288,0.0712,1,baixo,0
2306504,Itapiúna,CE,Nordeste,96.14,80.0,-16.14,99.03,0.9288,0.0712,1,baixo,2
5203962,Buritinópolis,GO,Centro-Oeste,49.29,54.33,5.04,88.89,0.9291,0.0709,1,baixo,0
2313609,Ubajara,CE,Nordeste,96.98,80.0,-16.98,97.29,0.9294,0.0706,1,baixo,2
3117207,Conceição das Pedras,MG,Sudeste,57.92,61.58,3.66,100.0,0.9299,0.0701,1,baixo,3
3123809,Engenheiro Navarro,MG,Sudeste,44.66,50.36,5.7,94.34,0.9306,0.0694,1,baixo,0
2303931,Choró,CE,Nordeste,97.81,80.0,-17.81,95.72,0.9309,0.0691,1,baixo,2
2310209,Paracuru,CE,Nordeste,94.86,80.0,-14.86,98.78,0.9309,0.0691,1,baixo,2
2304707,Granja,CE,Nordeste,93.26,80.0,-13.26,97.78,0.9313,0.0687,1,baixo,2
2304806,Granjeiro,CE,Nordeste,94.87,80.0,-14.87,100.0,0.9313,0.0687,1,baixo,2
5203575,Bonópolis,GO,Centro-Oeste,48.9,54.0,5.1,89.13,0.9314,0.0686,1,baixo,0
2303303,Cariús,CE,Nordeste,97.11,80.0,-17.11,95.98,0.9317,0.0683,1,baixo,2
3158706,Santana do Garambéu,MG,Sudeste,47.32,52.65,5.33,91.43,0.932,0.068,1,baixo,0
3100708,Água Comprida,MG,Sudeste,96.84,80.0,-16.84,96.0,0.932,0.068,0,baixo,2
2303808,Cedro,CE,Nordeste,96.63,80.0,-16.63,98.08,0.9327,0.0673,1,baixo,2
3119104,Corinto,MG,Sudeste,40.03,46.3,6.27,93.64,0.9329,0.0671,1,baixo,0
2202059,Cabeceiras do Piauí,PI,Nordeste,19.85,26.93,7.08,96.97,0.9332,0.0668,1,baixo,0
3150109,Piau,MG,Sudeste,29.63,36.74,7.11,77.42,0.9333,0.0667,1,baixo,1
2202174,Campo Largo do Piauí,PI,Nordeste,17.66,24.57,6.91,93.1,0.9334,0.0666,1,baixo,0
3157104,Salto da Divisa,MG,Sudeste,43.75,49.57,5.82,92.31,0.934,0.066,1,baixo,0
2210383,São Miguel da Baixa Grande,PI,Nordeste,24.14,31.36,7.22,100.0,0.934,0.066,1,baixo,0
2309300,Nova Russas,CE,Nordeste,96.69,80.0,-16.69,97.94,0.9342,0.0658,1,baixo,2
3143609,Morro da Garça,MG,Sudeste,96.43,80.0,-16.43,100.0,0.9342,0.0658,0,baixo,2
2314003,Várzea Alegre,CE,Nordeste,95.17,80.0,-15.17,95.77,0.9346,0.0654,1,baixo,2
5101001,Araguaiana,MT,Centro-Oeste,100.0,80.0,-20.0,94.34,0.9347,0.0653,1,baixo,2
5212709,Mambaí,GO,Centro-Oeste,50.41,55.28,4.87,95.58,0.9347,0.0653,1,baixo,0
3119609,Coronel Pacheco,MG,Sudeste,100.0,80.0,-20.0,88.89,0.9347,0.0653,0,baixo,2
3163607,São José do Mantimento,MG,Sudeste,47.74,53.01,5.27,96.3,0.9354,0.0646,1,baixo,0
2313955,Varjota,CE,Nordeste,99.57,80.0,-19.57,90.08,0.9354,0.0646,1,baixo,2
3166105,Senhora do Porto,MG,Sudeste,46.56,52.0,5.44,100.0,0.9361,0.0639,1,baixo,0
3107604,Bom Jesus da Penha,MG,Sudeste,51.25,55.99,4.74,96.0,0.9361,0.0639,1,baixo,0
3503356,Arco-Íris,SP,Sudeste,28.57,35.72,7.15,91.3,0.9362,0.0638,1,baixo,0
3122454,Divisópolis,MG,Sudeste,42.46,48.44,5.98,95.92,0.9363,0.0637,1,baixo,0
1712801,Maurilândia do Tocantins,TO,Norte,19.32,26.36,7.04,94.87,0.9364,0.0636,0,baixo,0
3101003,Águas Vermelhas,MG,Sudeste,42.77,48.71,5.94,96.72,0.9364,0.0636,1,baixo,0
3116100,Chapada do Norte,MG,Sudeste,41.12,47.26,6.14,92.5,0.9367,0.0633,1,baixo,0
3109253,Bugre,MG,Sudeste,100.0,80.0,-20.0,97.92,0.9368,0.0632,1,baixo,2
3100807,Aguanil,MG,Sudeste,100.0,80.0,-20.0,93.48,0.937,0.063,1,baixo,2
2202307,Canto do Buriti,PI,Nordeste,13.66,20.06,6.4,93.96,0.9372,0.0628,1,baixo,0
3111804,Canápolis,MG,Sudeste,45.48,51.07,5.59,94.81,0.9376,0.0624,1,baixo,0
2310803,Pereiro,CE,Nordeste,95.85,80.0,-15.85,97.98,0.9377,0.0623,1,baixo,2
3112653,Capitão Andrade,MG,Sudeste,40.45,46.67,6.22,92.5,0.9377,0.0623,1,baixo,0
3155405,Rio Novo,MG,Sudeste,39.03,45.41,6.38,93.68,0.9378,0.0622,1,baixo,0
3109402,Buritizeiro,MG,Sudeste,37.7,44.21,6.51,95.19,0.9379,0.0621,1,baixo,0
2313005,Solonópole,CE,Nordeste,98.1,80.0,-18.1,98.64,0.9381,0.0619,1,baixo,2
1718659,Rio da Conceição,TO,Norte,17.56,24.46,6.9,97.56,0.9381,0.0619,0,baixo,0
2306108,Irauçuba,CE,Nordeste,96.53,80.0,-16.53,96.42,0.9382,0.0618,1,baixo,2
3138005,Laranjal,MG,Sudeste,40.25,46.49,6.24,92.31,0.9385,0.0615,1,baixo,0
2305803,Ipu,CE,Nordeste,94.21,80.0,-14.21,98.98,0.9386,0.0614,1,baixo,2
3157500,Santa Efigênia de Minas,MG,Sudeste,43.34,49.21,5.87,97.83,0.9387,0.0613,1,baixo,0
2306207,Itaiçaba,CE,Nordeste,91.32,80.0,-11.32,99.06,0.9388,0.0612,1,baixo,2
4107520,Esperança Nova,PR,Sul,42.11,48.13,6.02,95.0,0.9388,0.0612,1,baixo,0
5209606,Heitoraí,GO,Centro-Oeste,53.58,57.96,4.38,91.89,0.9389,0.0611,1,baixo,0
2309409,Novo Oriente,CE,Nordeste,98.72,80.0,-18.72,98.79,0.939,0.061,1,baixo,2
4116505,Nova Aliança do Ivaí,PR,Sul,38.1,44.57,6.47,95.45,0.9396,0.0604,0,baixo,0
3131604,Iraí de Minas,MG,Sudeste,38.41,44.85,6.44,91.18,0.9397,0.0603,1,baixo,0
3129004,Guiricema,MG,Sudeste,44.72,50.41,5.69,98.31,0.94,0.06,1,baixo,0
2308351,Milhã,CE,Nordeste,100.0,80.0,-20.0,100.0,0.9403,0.0597,1,baixo,2
2203271,Curral Novo do Piauí,PI,Nordeste,16.11,22.86,6.75,97.37,0.9404,0.0596,1,baixo,0
3201803,Divino de São Lourenço,ES,Sudeste,46.09,51.59,5.5,94.37,0.9409,0.0591,1,baixo,0
3150539,Pingo-d'Água,MG,Sudeste,34.7,41.49,6.79,85.19,0.941,0.059,1,baixo,0
3129707,Ibiraci,MG,Sudeste,32.8,39.73,6.93,88.79,0.9412,0.0588,1,baixo,0
2312700,Senador Pompeu,CE,Nordeste,100.0,80.0,-20.0,98.14,0.9425,0.0575,1,baixo,2
1716307,Pau D'Arco,TO,Norte,6.51,11.05,4.54,82.69,0.9425,0.0575,1,baixo,0
4204178,Cerro Negro,SC,Sul,28.93,36.07,7.14,82.46,0.9425,0.0575,1,baixo,1
2305654,Ipaporanga,CE,Nordeste,97.47,80.0,-17.47,97.59,0.9427,0.0573,1,baixo,2
3165503,Sardoá,MG,Sudeste,45.8,51.34,5.54,95.83,0.9428,0.0572,1,baixo,0
2310258,Paraipaba,CE,Nordeste,98.24,80.0,-18.24,97.86,0.9428,0.0572,1,baixo,2
3126604,Francisco Dumont,MG,Sudeste,31.48,38.49,7.01,100.0,0.9429,0.0571,0,baixo,0
2300705,Alto Santo,CE,Nordeste,99.61,80.0,-19.61,96.02,0.9432,0.0568,1,baixo,2
2303956,Chorozinho,CE,Nordeste,98.33,80.0,-18.33,96.47,0.9432,0.0568,1,baixo,2
3131109,Inimutaba,MG,Sudeste,40.65,46.85,6.2,95.16,0.9432,0.0568,1,baixo,0
2305902,Ipueiras,CE,Nordeste,97.9,80.0,-17.9,99.11,0.9437,0.0563,1,baixo,2
3102407,Alvorada de Minas,MG,Sudeste,41.82,47.88,6.06,90.91,0.9441,0.0559,1,baixo,0
3108701,Brás Pires,MG,Sudeste,53.68,58.04,4.36,100.0,0.9441,0.0559,1,baixo,3
3138351,Leme do Prado,MG,Sudeste,52.94,57.42,4.48,100.0,0.9442,0.0558,1,baixo,3
2305308,Ibiapina,CE,Nordeste,94.97,80.0,-14.97,98.75,0.9452,0.0548,1,baixo,2
2205599,Lagoa do Sítio,PI,Nordeste,12.7,18.93,6.23,93.94,0.9452,0.0548,1,baixo,0
3119302,Coromandel,MG,Sudeste,41.88,47.93,6.05,88.46,0.9456,0.0544,1,baixo,0
3129301,Iapu,MG,Sudeste,37.09,43.66,6.57,94.83,0.9457,0.0543,1,baixo,0
2513158,Santa Cecília,PB,Nordeste,13.38,19.74,6.36,87.36,0.9463,0.0537,1,baixo,0
2307635,Madalena,CE,Nordeste,97.67,80.0,-17.67,96.05,0.9464,0.0536,1,baixo,2
2304301,Farias Brito,CE,Nordeste,98.01,80.0,-18.01,95.86,0.9468,0.0532,1,baixo,2
2304251,Cruz,CE,Nordeste,99.53,80.0,-19.53,93.36,0.948,0.052,1,baixo,2
2312007,Santana do Acaraú,CE,Nordeste,99.18,80.0,-19.18,99.44,0.9481,0.0519,1,baixo,2
2508406,Lastro,PB,Nordeste,20.77,27.9,7.13,97.06,0.9482,0.0518,1,baixo,0
3115458,Catuji,MG,Sudeste,35.9,42.58,6.68,92.13,0.9483,0.0517,1,baixo,0
5205455,Cezarina,GO,Centro-Oeste,41.26,47.38,6.12,91.13,0.9484,0.0516,1,baixo,0
3153707,Quartel Geral,MG,Sudeste,42.5,48.47,5.97,97.06,0.9486,0.0514,1,baixo,0
2308609,Monsenhor Tabosa,CE,Nordeste,96.51,80.0,-16.51,98.68,0.9489,0.0511,1,baixo,2
5209150,Gouvelândia,GO,Centro-Oeste,39.78,46.07,6.29,87.5,0.9491,0.0509,1,baixo,0
2206753,Nossa Senhora de Nazaré,PI,Nordeste,21.74,28.91,7.17,95.83,0.9496,0.0504,1,baixo,0
2303006,Caridade,CE,Nordeste,96.73,80.0,-16.73,99.53,0.9503,0.0497,1,baixo,2
2505238,Cuité de Mamanguape,PB,Nordeste,10.33,16.05,5.72,81.08,0.9504,0.0496,1,baixo,0
2515005,São Miguel de Taipu,PB,Nordeste,10.07,15.73,5.66,85.71,0.9504,0.0496,1,baixo,0
3125903,Ferros,MG,Sudeste,38.1,44.57,6.47,92.31,0.9506,0.0494,1,baixo,0
2506608,Ibiara,PB,Nordeste,13.07,19.37,6.3,97.87,0.9508,0.0492,1,baixo,0
2406908,Lucrécia,RN,Nordeste,4.35,7.94,3.59,82.14,0.9508,0.0492,1,baixo,0
2304509,Frecheirinha,CE,Nordeste,99.67,80.0,-19.67,98.82,0.951,0.049,1,baixo,2
2304269,Deputado Irapuan Pinheiro,CE,Nordeste,98.65,80.0,-18.65,100.0,0.9511,0.0489,1,baixo,2
3125002,Ewbank da Câmara,MG,Sudeste,35.65,42.36,6.71,94.74,0.9512,0.0488,1,baixo,0
3135209,Januária,MG,Sudeste,20.14,27.24,7.1,79.87,0.9514,0.0486,1,baixo,1
2311959,Salitre,CE,Nordeste,96.62,80.0,-16.62,99.25,0.9515,0.0485,1,baixo,2
2514602,São José do Bonfim,PB,Nordeste,11.97,18.06,6.09,90.0,0.9515,0.0485,1,baixo,0
3115904,Chácara,MG,Sudeste,28.81,35.95,7.14,78.95,0.9515,0.0485,1,baixo,1
5209457,Guarinos,GO,Centro-Oeste,52.38,56.95,4.57,95.45,0.9524,0.0476,1,baixo,0
2312908,Sobral,CE,Nordeste,98.74,80.0,-18.74,96.73,0.9527,0.0473,1,baixo,2
5202155,Araguapaz,GO,Centro-Oeste,43.29,49.16,5.87,90.63,0.9532,0.0468,1,baixo,0
2312205,Santa Quitéria,CE,Nordeste,98.21,80.0,-18.21,98.22,0.9533,0.0467,1,baixo,2
2304459,Fortim,CE,Nordeste,97.52,80.0,-17.52,95.16,0.9534,0.0466,1,baixo,2
3149150,Pedras de Maria da Cruz,MG,Sudeste,28.66,35.81,7.15,89.47,0.9543,0.0457,1,baixo,0
2208601,Prata do Piauí,PI,Nordeste,14.28,20.78,6.5,94.23,0.9545,0.0455,1,baixo,0
2304277,Ereré,CE,Nordeste,98.58,80.0,-18.58,96.0,0.9546,0.0454,1,baixo,2
2308807,Moraújo,CE,Nordeste,98.91,80.0,-18.91,98.96,0.9548,0.0452,1,baixo,2
3139250,Mamonas,MG,Sudeste,40.12,46.38,6.26,100.0,0.9549,0.0451,1,baixo,0
2309003,Mucambo,CE,Nordeste,97.92,80.0,-17.92,96.35,0.9554,0.0446,1,baixo,2
2302057,Barroquinha,CE,Nordeste,96.36,80.0,-16.36,98.89,0.9555,0.0445,1,baixo,2
2312304,São Benedito,CE,Nordeste,96.93,80.0,-16.93,98.64,0.9556,0.0444,1,baixo,2
2308005,Massapê,CE,Nordeste,99.41,80.0,-19.41,98.04,0.9556,0.0444,1,baixo,2
2312809,Senador Sá,CE,Nordeste,99.07,80.0,-19.07,97.2,0.9556,0.0444,1,baixo,2
2311702,Reriutaba,CE,Nordeste,99.52,80.0,-19.52,96.65,0.9567,0.0433,1,baixo,2
2305001,Guaraciaba do Norte,CE,Nordeste,98.55,80.0,-18.55,99.84,0.9569,0.0431,1,baixo,2
2306603,Itatira,CE,Nordeste,99.62,80.0,-19.62,99.23,0.957,0.043,1,baixo,2
2310902,Piquet Carneiro,CE,Nordeste,100.0,80.0,-20.0,99.44,0.957,0.043,1,baixo,2
2515609,Serra da Raiz,PB,Nordeste,17.39,24.28,6.89,100.0,0.9577,0.0423,1,baixo,0
3137304,Lagoa dos Patos,MG,Sudeste,41.04,47.19,6.15,97.78,0.9577,0.0423,1,baixo,0
3123106,Dores de Guanhães,MG,Sudeste,42.55,48.52,5.97,100.0,0.9578,0.0422,1,baixo,0
3127339,Gameleiras,MG,Sudeste,41.67,47.75,6.08,92.31,0.9579,0.0421,1,baixo,0
2205581,Lagoa do Piauí,PI,Nordeste,7.17,11.95,4.78,91.23,0.9586,0.0414,1,baixo,0
2300804,Antonina do Norte,CE,Nordeste,97.31,80.0,-17.31,98.72,0.9591,0.0409,1,baixo,2
2307254,Jijoca de Jericoacoara,CE,Nordeste,99.76,80.0,-19.76,95.97,0.9592,0.0408,1,baixo,2
2305605,Independência,CE,Nordeste,98.8,80.0,-18.8,99.4,0.9593,0.0407,1,baixo,2
2313203,Tamboril,CE,Nordeste,97.16,80.0,-17.16,99.6,0.9597,0.0403,1,baixo,2
5004809,Japorã,MS,Centro-Oeste,12.68,18.91,6.23,81.61,0.9599,0.0401,1,baixo,0
3141603,Mercês,MG,Sudeste,98.41,80.0,-18.41,100.0,0.9605,0.0395,1,baixo,2
3116902,Comendador Gomes,MG,Sudeste,35.71,42.41,6.7,95.12,0.9607,0.0393,1,baixo,0
3140605,Materlândia,MG,Sudeste,37.11,43.68,6.57,94.0,0.961,0.039,0,baixo,0
3102209,Alvarenga,MG,Sudeste,39.52,45.84,6.32,100.0,0.9611,0.0389,1,baixo,0
2305209,Hidrolândia,CE,Nordeste,99.02,80.0,-19.02,97.49,0.9613,0.0387,1,baixo,2
3137007,Ladainha,MG,Sudeste,23.8,31.02,7.22,86.11,0.9617,0.0383,1,baixo,0
2505808,Duas Estradas,PB,Nordeste,11.05,16.94,5.89,90.24,0.9618,0.0382,1,baixo,0
2310506,Pedra Branca,CE,Nordeste,99.44,80.0,-19.44,99.16,0.9624,0.0376,1,baixo,2
1717800,Ponte Alta do Bom Jesus,TO,Norte,9.52,15.03,5.51,95.45,0.964,0.036,1,baixo,0
2308203,Meruoca,CE,Nordeste,98.47,80.0,-18.47,99.18,0.9641,0.0359,1,baixo,2
3139300,Manga,MG,Sudeste,24.02,31.24,7.22,87.93,0.9643,0.0357,1,baixo,0
2300507,Alcântaras,CE,Nordeste,97.81,80.0,-17.81,98.48,0.9658,0.0342,1,baixo,2
2311231,Potiretama,CE,Nordeste,100.0,80.0,-20.0,95.56,0.9661,0.0339,1,baixo,2
2303105,Cariré,CE,Nordeste,99.57,80.0,-19.57,98.71,0.9662,0.0338,1,baixo,2
2307908,Martinópole,CE,Nordeste,98.47,80.0,-18.47,97.73,0.9663,0.0337,1,baixo,2
2301257,Ararendá,CE,Nordeste,98.92,80.0,-18.92,100.0,0.9664,0.0336,1,baixo,2
2309904,Pacujá,CE,Nordeste,97.88,80.0,-17.88,100.0,0.9667,0.0333,1,baixo,2
2306009,Iracema,CE,Nordeste,98.61,80.0,-18.61,96.1,0.9673,0.0327,1,baixo,2
2308906,Morrinhos,CE,Nordeste,98.9,80.0,-18.9,95.22,0.9679,0.0321,1,baixo,2
3150208,Piedade de Ponte Nova,MG,Sudeste,35.21,41.95,6.74,96.08,0.9687,0.0313,1,baixo,0
3113800,Carmésia,MG,Sudeste,29.75,36.86,7.11,90.91,0.9688,0.0312,1,baixo,0
2304236,Croatá,CE,Nordeste,98.5,80.0,-18.5,99.25,0.9706,0.0294,1,baixo,2
2304657,Graça,CE,Nordeste,98.41,80.0,-18.41,98.41,0.9708,0.0292,1,baixo,2
2311264,Quiterianópolis,CE,Nordeste,98.54,80.0,-18.54,98.09,0.9709,0.0291,1,baixo,2
2111250,São José dos Basílios,MA,Nordeste,12.94,19.22,6.28,98.44,0.9713,0.0287,1,baixo,0
2304905,Groaíras,CE,Nordeste,99.15,80.0,-19.15,98.33,0.9717,0.0283,1,baixo,2
2101939,Bernardo do Mearim,MA,Nordeste,12.84,19.1,6.26,96.55,0.9726,0.0274,1,baixo,0
5101209,Araguainha,MT,Centro-Oeste,22.22,29.4,7.18,90.0,0.9728,0.0272,1,baixo,0
2303659,Catunda,CE,Nordeste,100.0,80.0,-20.0,92.59,0.9729,0.0271,1,baixo,2
3123403,Doresópolis,MG,Sudeste,38.46,44.9,6.44,92.86,0.973,0.027,1,baixo,0
5215801,Palmelo,GO,Centro-Oeste,28.57,35.72,7.15,82.35,0.9736,0.0264,1,baixo,1
5221577,Uirapuru,GO,Centro-Oeste,38.84,45.24,6.4,88.24,0.9741,0.0259,1,baixo,0
3149507,Pequeri,MG,Sudeste,32.02,39.0,6.98,97.78,0.9746,0.0254,1,baixo,0
1718006,Porto Alegre do Tocantins,TO,Norte,7.57,12.49,4.92,91.67,0.9766,0.0234,1,baixo,0
5209408,Guarani de Goiás,GO,Centro-Oeste,32.11,39.09,6.98,83.78,0.9766,0.0234,1,baixo,1
5211008,Itapirapuã,GO,Centro-Oeste,34.36,41.17,6.81,93.07,0.9789,0.0211,1,baixo,0
2300606,Altaneira,CE,Nordeste,100.0,80.0,-20.0,97.27,0.9802,0.0198,1,baixo,2
3120300,Cristália,MG,Sudeste,26.36,33.57,7.21,91.53,0.9812,0.0188,1,baixo,0
2309201,Nova Olinda,CE,Nordeste,100.0,80.0,-20.0,100.0,0.9819,0.0181,1,baixo,2
3146701,Palma,MG,Sudeste,26.99,34.19,7.2,81.25,0.9819,0.0181,1,baixo,1
2310951,Pires Ferreira,CE,Nordeste,99.14,80.0,-19.14,88.79,0.9837,0.0163,1,baixo,2
1718501,Recursolândia,TO,Norte,4.56,8.25,3.69,95.65,0.9845,0.0155,1,baixo,0
2304350,Forquilha,CE,Nordeste,100.0,80.0,-20.0,97.92,0.9871,0.0129,1,baixo,2
3125309,Faria Lemos,MG,Sudeste,14.74,21.31,6.57,84.38,0.9892,0.0108,1,baixo,0
2304004,Coreaú,CE,Nordeste,100.0,80.0,-20.0,100.0,0.991,0.009,1,baixo,2
2305100,Guaramiranga,CE,Nordeste,91.67,59.66,-32.01,98.61,0.9913,0.0087,1,baixo,2
3167509,Simão Pereira,MG,Sudeste,8.82,14.14,5.32,87.5,0.9926,0.0074,1,baixo,0
5214804,Nova Aurora,GO,Centro-Oeste,14.29,20.79,6.5,95.45,0.9969,0.0031,1,baixo,0
